CustomerID,Churn,Tenure,PreferredLoginDevice,CityTier,WarehouseToHome,PreferredPaymentMode,Gender,HourSpendOnApp,NumberOfDeviceRegistered,PreferedOrderCat,SatisfactionScore,MaritalStatus,NumberOfAddress,Complain,OrderAmountHikeFromlastYear,CouponUsed,OrderCount,DaySinceLastOrder,CashbackAmount,Monetary,DiscountRatio
50001,0,13.0,Mobile Phone,3,29.0,COD,Female,3.0,2,Laptop & Accessory,4,Single,3,1,16.0,0.0,1.0,5.0,113.31,603.58,0.0
50002,1,9.0,Mobile Phone,1,,Debit Card,Female,4.0,3,Laptop & Accessory,3,Divorced,6,1,16.0,0.0,1.0,10.0,225.64,1030.43,0.0
50003,0,8.0,Computer,3,10.0,Credit Card,Female,5.0,2,Mobile Phone,5,Single,6,0,21.0,0.0,1.0,6.0,91.18,559.48,0.0
50004,1,8.0,Mobile Phone,3,17.0,Debit Card,Female,2.0,3,Grocery,3,Single,5,1,15.0,4.0,10.0,,112.15,996.17,0.4
50005,0,24.0,Mobile Phone,1,12.0,UPI,Female,3.0,3,Others,5,Single,3,1,13.0,1.0,1.0,1.0,163.64,770.83,1.0
50006,0,16.0,Computer,1,6.0,E wallet,Male,3.0,1,Laptop & Accessory,4,Divorced,5,0,11.0,2.0,2.0,3.0,171.55,829.89,1.0
50007,0,7.0,Mobile Phone,1,11.0,Debit Card,Female,3.0,3,Laptop & Accessory,5,Married,5,0,14.0,1.0,3.0,1.0,257.15,1224.17,0.333
50008,1,14.0,Mobile Phone,3,67.0,Credit Card,Female,3.0,4,Mobile Phone,5,Married,3,1,13.0,1.0,1.0,1.0,156.47,743.59,1.0
50009,0,11.0,Mobile Phone,1,6.0,Debit Card,Male,2.0,4,Laptop & Accessory,3,Married,2,0,17.0,0.0,4.0,0.0,148.0,878.4,0.0
50010,1,2.0,Mobile Phone,1,19.0,Credit Card,Male,2.0,1,Laptop & Accessory,3,Married,2,1,18.0,0.0,3.0,4.0,236.67,1178.35,0.0
50011,0,4.0,Phone,2,27.0,Debit Card,Male,2.0,1,Fashion,4,Married,7,0,,,3.0,4.0,101.27,607.83,0.333
50012,0,12.0,Computer,3,18.0,Debit Card,Female,4.0,2,Fashion,3,Single,4,0,19.0,0.0,1.0,5.0,121.24,657.71,0.0
50013,1,,Mobile Phone,3,15.0,UPI,Male,2.0,4,Grocery,1,Married,2,1,11.0,2.0,3.0,10.0,212.16,1029.21,0.667
50014,1,8.0,Computer,1,20.0,Credit Card,Female,2.0,3,Mobile Phone,5,Married,7,1,20.0,1.0,1.0,11.0,131.07,703.07,1.0
50015,0,7.0,Mobile Phone,1,12.0,Debit Card,Male,3.0,6,Mobile Phone,3,Married,1,0,12.0,1.0,1.0,2.0,166.58,774.0,1.0
50016,0,11.0,Mobile Phone,1,6.0,Debit Card,Female,2.0,4,Fashion,2,Single,7,0,20.0,1.0,2.0,5.0,220.9,1089.42,0.5
50017,0,6.0,Phone,1,44.0,Debit Card,Male,2.0,4,Laptop & Accessory,4,Single,3,0,13.0,0.0,,3.0,172.6,804.88,0.0
50018,0,8.0,Phone,3,12.0,Debit Card,Male,3.0,2,Fashion,5,Divorced,6,0,16.0,0.0,2.0,6.0,265.52,1226.98,0.0
50019,0,10.0,Phone,2,18.0,Credit Card,Female,3.0,3,Laptop & Accessory,5,Married,7,0,13.0,0.0,1.0,6.0,178.69,828.02,0.0
50020,1,4.0,Mobile Phone,3,14.0,Debit Card,Male,1.0,6,Fashion,3,Married,5,0,18.0,0.0,,1.0,123.72,659.14,0.0
50021,1,16.0,Mobile Phone,2,6.0,E wallet,Male,3.0,2,Fashion,1,Married,3,0,12.0,0.0,1.0,1.0,219.8,976.24,0.0
50022,0,4.0,Mobile Phone,1,42.0,Credit Card,Male,3.0,3,Laptop & Accessory,4,Single,4,0,11.0,2.0,3.0,1.0,118.09,671.74,0.667
50023,0,3.0,Mobile Phone,1,24.0,Debit Card,Male,3.0,3,Fashion,4,Single,6,0,18.0,0.0,1.0,1.0,271.11,1219.22,0.0
50024,0,11.0,Phone,1,7.0,UPI,Male,3.0,3,Laptop & Accessory,2,Married,6,0,13.0,1.0,,1.0,150.02,764.08,0.5
50025,0,16.0,Mobile Phone,1,53.0,Debit Card,Female,2.0,4,Mobile Phone,5,Married,3,0,22.0,,,2.0,255.61,1282.32,0.667
50026,1,11.0,Phone,2,,Credit Card,Female,,3,Mobile Phone,1,Married,6,1,17.0,0.0,3.0,4.0,171.36,922.17,0.0
50027,1,,Mobile Phone,1,13.0,Credit Card,Female,3.0,4,Mobile Phone,3,Single,7,1,20.0,0.0,4.0,6.0,127.7,825.26,0.0
50028,0,8.0,Mobile Phone,2,16.0,Debit Card,Male,4.0,4,Others,1,Single,5,0,,,3.0,1.0,217.12,1120.06,0.333
50029,0,7.0,Mobile Phone,2,6.0,Debit Card,Male,4.0,3,Laptop & Accessory,5,Single,3,0,14.0,2.0,2.0,1.0,272.17,1236.25,1.0
50030,1,19.0,Mobile Phone,1,15.0,Debit Card,Male,3.0,4,Mobile Phone,1,Married,4,0,15.0,1.0,2.0,,226.72,1071.54,0.5
50031,0,12.0,Computer,1,6.0,UPI,Female,3.0,5,Grocery,3,Single,3,0,17.0,1.0,1.0,6.0,137.0,701.6,1.0
50032,0,7.0,Mobile Phone,1,14.0,E wallet,Male,3.0,5,Mobile Phone,5,Single,7,0,13.0,1.0,7.0,8.0,207.35,1206.93,0.143
50033,1,6.0,Mobile Phone,1,15.0,Credit Card,Female,4.0,4,Grocery,2,Single,3,1,13.0,2.0,6.0,2.0,35.81,510.08,0.333
50034,0,14.0,Computer,2,,Credit Card,Male,4.0,3,Mobile Phone,1,Single,7,1,16.0,0.0,4.0,3.0,240.58,1222.2,0.0
50035,0,18.0,Phone,1,20.0,Credit Card,Male,2.0,2,Fashion,2,Single,5,0,20.0,0.0,1.0,5.0,190.59,929.24,0.0
50036,0,17.0,Mobile Phone,3,8.0,Debit Card,Male,2.0,1,Grocery,3,Married,7,0,16.0,1.0,4.0,1.0,94.26,666.19,0.25
50037,1,5.0,Mobile Phone,3,31.0,Debit Card,Female,3.0,3,Fashion,3,Married,3,1,17.0,5.0,7.0,0.0,184.8,1153.24,0.714
50038,0,8.0,Phone,1,15.0,Debit Card,Male,2.0,3,Grocery,4,Single,2,0,18.0,4.0,6.0,3.0,188.86,1131.67,0.667
50039,1,7.0,Computer,2,16.0,Credit Card,Male,4.0,2,Laptop & Accessory,2,Married,4,1,20.0,4.0,6.0,19.0,259.13,1414.69,0.667
50040,0,9.0,Computer,2,7.0,Debit Card,Female,2.0,3,Mobile Phone,4,Married,6,0,18.0,0.0,3.0,2.0,197.7,1030.26,0.0
50041,0,16.0,Mobile Phone,2,28.0,Debit Card,Female,2.0,2,Laptop & Accessory,5,Single,11,0,15.0,0.0,1.0,2.0,210.6,965.28,0.0
50042,0,22.0,Computer,1,37.0,Debit Card,Male,4.0,3,Laptop & Accessory,5,Divorced,3,0,14.0,0.0,3.0,8.0,220.54,1085.05,0.0
50043,0,12.0,Mobile Phone,1,23.0,Debit Card,Male,2.0,2,Mobile Phone,4,Single,7,0,,1.0,1.0,11.0,195.39,875.48,1.0
50044,1,6.0,Mobile Phone,1,39.0,Credit Card,Male,2.0,4,Others,5,Single,5,1,12.0,,4.0,7.0,200.94,1039.57,0.5
50045,0,10.0,Computer,1,9.0,Debit Card,Male,3.0,3,Mobile Phone,5,Single,1,0,18.0,0.0,1.0,3.0,180.7,875.66,0.0
50046,1,24.0,Mobile Phone,3,29.0,Debit Card,Female,3.0,4,Fashion,4,Single,6,1,12.0,1.0,1.0,,240.45,1054.71,1.0
50047,1,,Mobile Phone,2,13.0,Debit Card,Male,,4,Grocery,3,Married,7,1,12.0,0.0,1.0,4.0,67.03,395.71,0.0
50048,0,8.0,Mobile Phone,3,7.0,Debit Card,Female,3.0,2,Laptop & Accessory,5,Single,3,1,19.0,1.0,3.0,2.0,179.35,968.53,0.333
50049,0,8.0,Mobile Phone,1,18.0,Debit Card,Male,2.0,6,Laptop & Accessory,5,Married,4,0,11.0,1.0,3.0,12.0,271.46,1254.55,0.333
50050,1,12.0,Phone,1,19.0,Debit Card,Male,3.0,4,Laptop & Accessory,1,Married,5,0,12.0,1.0,2.0,5.0,173.76,846.29,0.5
50051,0,5.0,Phone,2,9.0,E wallet,Female,3.0,2,Mobile Phone,5,Married,5,0,,0.0,,,125.8,619.04,0.0
50052,0,7.0,Mobile Phone,1,5.0,Credit Card,Male,4.0,3,Laptop & Accessory,3,Married,6,0,11.0,1.0,2.0,2.0,142.05,717.79,0.5
50053,0,17.0,Mobile Phone,1,8.0,Debit Card,Female,3.0,4,Fashion,3,Married,5,0,13.0,2.0,7.0,5.0,235.92,1315.5,0.286
50054,1,12.0,Computer,1,11.0,Debit Card,Female,3.0,3,Laptop & Accessory,3,Single,4,1,11.0,3.0,7.0,8.0,213.0,1212.4,0.429
50055,0,,Computer,1,7.0,Debit Card,Male,3.0,3,Laptop & Accessory,3,Single,3,0,25.0,1.0,2.0,20.0,245.4,1222.52,0.5
50056,0,18.0,Mobile Phone,1,8.0,Debit Card,Male,2.0,5,Mobile Phone,3,Married,4,0,14.0,,1.0,1.0,270.51,1184.94,1.0
50057,0,6.0,Computer,1,11.0,COD,Male,2.0,4,Mobile Phone,4,Single,3,0,16.0,4.0,12.0,7.0,196.36,1414.17,0.333
50058,0,8.0,Phone,1,44.0,E wallet,Female,,4,Grocery,3,Single,3,0,,1.0,1.0,1.0,197.48,883.42,1.0
50059,0,12.0,Mobile Phone,3,22.0,Debit Card,Male,2.0,4,Others,3,Married,4,0,12.0,3.0,5.0,5.0,98.65,695.87,0.6
50060,0,12.0,Mobile Phone,1,10.0,Credit Card,Male,3.0,4,Grocery,4,Married,3,0,16.0,0.0,1.0,1.0,172.94,830.17,0.0
50061,1,3.0,Mobile Phone,3,41.0,Debit Card,Male,2.0,3,Laptop & Accessory,1,Single,2,1,11.0,4.0,6.0,4.0,137.23,879.47,0.667
50062,0,7.0,Phone,1,17.0,Debit Card,Female,4.0,3,Mobile Phone,5,Single,5,1,19.0,0.0,1.0,3.0,86.58,526.0,0.0
50063,1,9.0,Mobile Phone,3,12.0,E wallet,Male,5.0,4,Mobile Phone,4,Single,5,1,16.0,1.0,1.0,10.0,194.13,910.69,1.0
50064,1,13.0,Mobile Phone,1,13.0,Debit Card,Male,,2,Laptop & Accessory,4,Single,10,0,14.0,2.0,3.0,3.0,122.94,714.17,0.667
50065,0,12.0,Mobile Phone,1,11.0,Credit Card,Female,3.0,2,Mobile Phone,3,Married,7,0,15.0,0.0,1.0,6.0,199.35,922.53,0.0
50066,0,9.0,Computer,1,8.0,Credit Card,Male,3.0,2,Laptop & Accessory,5,Married,9,0,13.0,1.0,2.0,9.0,134.55,705.29,0.5
50067,1,2.0,Mobile Phone,3,11.0,Credit Card,Male,4.0,2,Laptop & Accessory,1,Single,11,1,,1.0,2.0,1.0,236.37,1076.21,0.5
50068,1,10.0,Computer,1,14.0,COD,Female,1.0,2,Laptop & Accessory,1,Single,3,0,16.0,2.0,2.0,1.0,188.29,933.5,1.0
50069,0,10.0,Computer,1,,E wallet,Female,3.0,4,Others,5,Married,2,0,11.0,1.0,1.0,1.0,217.11,958.02,1.0
50070,0,37.0,Mobile Phone,3,22.0,E wallet,Male,3.0,4,Fashion,4,Single,6,0,15.0,2.0,3.0,2.0,166.93,889.33,0.667
50071,0,9.0,Mobile Phone,1,10.0,Debit Card,Male,3.0,2,Laptop & Accessory,3,Single,3,0,19.0,1.0,2.0,,200.67,1004.55,0.5
50072,0,12.0,Mobile Phone,1,20.0,Debit Card,Male,2.0,4,Grocery,4,Married,2,0,15.0,0.0,1.0,0.0,173.82,825.52,0.0
50073,0,19.0,Computer,1,15.0,E wallet,Male,2.0,4,Grocery,3,Single,3,0,16.0,1.0,1.0,1.0,180.98,860.72,1.0
50074,0,16.0,Mobile Phone,1,44.0,COD,Female,4.0,3,Fashion,3,Married,5,0,11.0,2.0,4.0,0.0,202.63,1037.99,0.5
50075,0,22.0,Mobile Phone,1,11.0,Credit Card,Male,2.0,3,Mobile Phone,4,Married,4,1,11.0,0.0,1.0,1.0,119.14,585.73,0.0
50076,0,3.0,Mobile Phone,1,33.0,COD,Female,3.0,3,Mobile Phone,5,Married,2,0,19.0,2.0,3.0,2.0,212.62,1094.96,0.667
50077,1,5.0,Mobile Phone,3,,Debit Card,Male,2.0,4,Mobile Phone,5,Single,6,1,19.0,0.0,1.0,6.0,130.54,693.05,0.0
50078,1,6.0,Computer,2,17.0,Debit Card,Female,2.0,3,Mobile Phone,5,Single,10,0,20.0,2.0,9.0,27.0,97.56,935.73,0.222
50079,0,3.0,Phone,1,18.0,Debit Card,Male,3.0,3,Grocery,3,Single,4,0,24.0,1.0,1.0,1.0,257.98,1217.32,1.0
50080,1,10.0,Computer,1,6.0,Credit Card,Female,4.0,1,Fashion,3,Single,4,1,13.0,2.0,2.0,5.0,143.18,738.08,1.0
50081,0,5.0,Mobile Phone,3,41.0,E wallet,Male,3.0,5,Laptop & Accessory,3,Married,4,0,17.0,2.0,3.0,2.0,304.82,1429.32,0.667
50082,0,24.0,Mobile Phone,2,6.0,Debit Card,Female,3.0,4,Mobile Phone,4,Single,4,0,20.0,2.0,3.0,9.0,210.5,1094.9,0.667
50083,1,5.0,Computer,3,15.0,UPI,Male,3.0,3,Mobile Phone,3,Divorced,7,1,23.0,2.0,6.0,2.0,246.71,1391.5,0.333
50084,0,8.0,Mobile Phone,1,10.0,Credit Card,Male,3.0,5,Fashion,4,Divorced,8,0,20.0,3.0,9.0,2.0,145.23,1116.87,0.333
50085,0,16.0,Computer,2,12.0,Credit Card,Female,3.0,3,Laptop & Accessory,4,Married,5,1,12.0,1.0,3.0,3.0,111.55,654.89,0.333
50086,1,4.0,Mobile Phone,2,16.0,E wallet,Male,4.0,4,Mobile Phone,5,Married,2,0,22.0,1.0,3.0,27.0,118.89,762.78,0.333
50087,1,3.0,Mobile Phone,1,34.0,Debit Card,Male,3.0,3,Laptop & Accessory,2,Single,6,0,19.0,0.0,1.0,2.0,232.08,1078.9,0.0
50088,0,11.0,Phone,1,12.0,E wallet,Female,3.0,3,Laptop & Accessory,4,Married,4,1,17.0,0.0,2.0,1.0,159.55,832.29,0.0
50089,1,12.0,Computer,1,58.0,Debit Card,Female,3.0,4,Fashion,3,Single,4,1,14.0,1.0,1.0,5.0,165.58,786.2,1.0
50090,0,16.0,Computer,1,16.0,Debit Card,Male,2.0,4,Laptop & Accessory,2,Divorced,6,0,21.0,1.0,2.0,10.0,103.97,653.09,0.5
50091,1,14.0,Mobile Phone,3,7.0,Credit Card,Male,2.0,3,Fashion,3,Married,5,1,26.0,1.0,1.0,8.0,144.87,803.51,1.0
50092,0,12.0,Mobile Phone,3,8.0,UPI,Male,2.0,2,Laptop & Accessory,1,Single,5,0,15.0,2.0,4.0,10.0,166.94,934.37,0.5
50093,0,6.0,Phone,3,20.0,Credit Card,Female,3.0,3,Others,3,Married,2,0,,2.0,2.0,0.0,175.65,885.47,1.0
50094,1,11.0,Phone,3,6.0,Credit Card,Male,2.0,4,Fashion,1,Single,3,0,17.0,0.0,1.0,0.0,193.41,915.96,0.0
50095,0,12.0,Phone,1,13.0,E wallet,Female,3.0,2,Laptop & Accessory,5,Married,3,0,11.0,0.0,2.0,7.0,151.65,754.27,0.0
50096,1,6.0,Mobile Phone,1,7.0,Debit Card,Male,4.0,4,Fashion,1,Divorced,2,0,16.0,1.0,1.0,2.0,140.84,708.19,1.0
50097,0,28.0,Computer,3,12.0,E wallet,Male,3.0,4,Laptop & Accessory,5,Single,3,0,18.0,,2.0,3.0,253.87,1198.71,1.0
50098,0,13.0,Phone,1,22.0,Credit Card,Male,2.0,2,Mobile Phone,5,Married,7,0,23.0,1.0,1.0,2.0,128.33,716.65,1.0
50099,0,5.0,Computer,1,12.0,Debit Card,Female,3.0,4,Laptop & Accessory,3,Married,7,0,15.0,2.0,4.0,1.0,131.04,797.95,0.5
50100,1,16.0,Mobile Phone,1,7.0,Debit Card,Male,2.0,2,Laptop & Accessory,1,Married,5,0,17.0,1.0,1.0,13.0,211.84,985.99,1.0
50101,0,18.0,Mobile Phone,1,8.0,Debit Card,Male,3.0,4,Others,4,Married,5,0,13.0,1.0,1.0,6.0,74.87,433.51,1.0
50102,0,13.0,Computer,2,10.0,Debit Card,Male,3.0,4,Laptop & Accessory,2,Divorced,2,0,19.0,1.0,2.0,2.0,142.32,782.82,0.5
50103,1,8.0,Phone,1,6.0,Debit Card,Male,2.0,3,Mobile Phone,2,Single,5,1,15.0,2.0,3.0,4.0,217.51,1081.54,0.667
50104,0,6.0,Computer,1,16.0,Debit Card,Male,2.0,3,Laptop & Accessory,3,Single,2,0,19.0,1.0,1.0,3.0,281.47,1266.59,1.0
50105,0,9.0,Computer,3,16.0,Credit Card,Male,2.0,5,Mobile Phone,3,Married,3,0,13.0,1.0,3.0,3.0,108.84,652.59,0.333
50106,0,12.0,Phone,3,6.0,Credit Card,Female,2.0,1,Laptop & Accessory,4,Married,7,0,11.0,0.0,,15.0,165.99,763.76,0.0
50107,0,10.0,Mobile Phone,3,11.0,Credit Card,Male,2.0,3,Laptop & Accessory,4,Married,4,0,13.0,1.0,1.0,3.0,161.42,762.4,1.0
50108,0,23.0,Mobile Phone,1,11.0,Debit Card,Male,5.0,3,Laptop & Accessory,5,Married,8,0,21.0,0.0,1.0,4.0,148.04,775.55,0.0
50109,1,15.0,Mobile Phone,3,10.0,E wallet,Female,3.0,3,Laptop & Accessory,1,Married,8,1,15.0,0.0,2.0,1.0,184.77,912.13,0.0
50110,1,5.0,Mobile Phone,3,15.0,Debit Card,Male,4.0,3,Grocery,2,Married,3,1,15.0,4.0,,2.0,144.25,848.15,1.0
50111,1,4.0,Mobile Phone,1,10.0,Credit Card,Female,3.0,3,Grocery,3,Single,5,1,17.0,2.0,3.0,4.0,154.73,858.97,0.667
50112,0,13.0,Mobile Phone,3,11.0,Debit Card,Male,3.0,3,Grocery,5,Single,2,0,16.0,0.0,5.0,12.0,216.58,1176.0,0.0
50113,0,8.0,Mobile Phone,1,24.0,Credit Card,Male,2.0,4,Laptop & Accessory,5,Married,5,0,17.0,2.0,2.0,16.0,131.82,726.92,1.0
50114,0,15.0,Mobile Phone,3,7.0,Debit Card,Male,2.0,1,Laptop & Accessory,4,Divorced,4,0,16.0,0.0,1.0,7.0,193.22,907.24,0.0
50115,0,13.0,Mobile Phone,1,17.0,E wallet,Male,3.0,1,Mobile Phone,4,Married,5,0,26.0,2.0,,8.0,213.41,1243.96,0.4
50116,0,9.0,Mobile Phone,1,13.0,UPI,Male,4.0,3,Others,4,Married,5,1,21.0,,6.0,1.0,122.09,901.94,0.333
50117,0,5.0,Mobile Phone,1,9.0,E wallet,Male,1.0,3,Mobile Phone,2,Married,4,0,19.0,1.0,5.0,11.0,244.02,1304.28,0.2
50118,1,3.0,Phone,1,21.0,Debit Card,Female,3.0,3,Laptop & Accessory,4,Single,8,1,19.0,0.0,1.0,13.0,223.76,1047.29,0.0
50119,1,11.0,Mobile Phone,1,15.0,Debit Card,Male,2.0,3,Fashion,3,Single,8,1,17.0,5.0,11.0,1.0,107.45,1039.31,0.455
50120,0,4.0,Mobile Phone,3,13.0,UPI,Male,3.0,3,Laptop & Accessory,3,Married,5,1,14.0,4.0,8.0,3.0,270.55,1500.09,0.5
50121,1,5.0,Phone,3,18.0,Credit Card,Male,3.0,3,Grocery,5,Divorced,3,0,18.0,2.0,5.0,2.0,275.07,1414.27,0.4
50122,0,11.0,Computer,3,24.0,COD,Female,3.0,4,Others,5,Divorced,3,0,,2.0,3.0,6.0,158.04,823.55,0.667
50123,1,10.0,Mobile Phone,1,48.0,Credit Card,Male,,5,Others,1,Married,2,0,11.0,0.0,1.0,1.0,163.77,755.33,0.0
50124,0,4.0,Phone,3,17.0,COD,Male,2.0,3,Laptop & Accessory,5,Married,1,1,14.0,0.0,1.0,6.0,157.38,755.04,0.0
50125,0,19.0,Computer,1,30.0,UPI,Female,3.0,4,Mobile Phone,2,Married,4,0,17.0,1.0,2.0,8.0,179.11,906.62,0.5
50126,0,19.0,Computer,3,5.0,Credit Card,Female,5.0,3,Mobile Phone,2,Single,4,0,13.0,3.0,6.0,1.0,121.26,834.79,0.5
50127,0,14.0,Mobile Phone,1,14.0,Debit Card,Male,3.0,4,Laptop & Accessory,5,Married,7,0,17.0,1.0,2.0,1.0,161.78,840.76,0.5
50128,0,14.0,Phone,1,8.0,Credit Card,Female,3.0,4,Mobile Phone,3,Married,7,0,,1.0,2.0,1.0,185.5,882.9,0.5
50129,0,14.0,Mobile Phone,3,6.0,UPI,Male,3.0,4,Mobile Phone,5,Single,3,0,14.0,0.0,2.0,7.0,89.21,541.0,0.0
50130,0,18.0,Phone,3,14.0,UPI,Female,2.0,4,Laptop & Accessory,3,Single,11,0,11.0,1.0,4.0,0.0,228.37,1135.81,0.25
50131,0,15.0,Computer,2,21.0,Debit Card,Female,3.0,3,Laptop & Accessory,5,Married,8,0,16.0,0.0,1.0,10.0,91.73,521.57,0.0
50132,0,5.0,Mobile Phone,3,11.0,Credit Card,Female,2.0,3,Laptop & Accessory,5,Married,3,0,22.0,2.0,,3.0,173.56,970.53,0.667
50133,0,8.0,Computer,1,18.0,E wallet,Female,3.0,2,Grocery,3,Single,5,0,16.0,2.0,4.0,1.0,169.92,953.7,0.5
50134,0,35.0,Mobile Phone,2,13.0,Credit Card,Male,3.0,4,Fashion,4,Married,5,0,20.0,2.0,3.0,1.0,231.08,1173.1,0.667
50135,0,2.0,Computer,1,12.0,E wallet,Male,3.0,4,Fashion,5,Married,3,0,19.0,2.0,3.0,1.0,198.24,1040.31,0.667
50136,0,7.0,Phone,1,9.0,E wallet,Male,2.0,3,Laptop & Accessory,3,Married,6,0,15.0,1.0,2.0,1.0,152.29,788.7,0.5
50137,0,19.0,Mobile Phone,1,11.0,UPI,Male,4.0,3,Mobile Phone,3,Married,4,0,18.0,0.0,2.0,0.0,172.15,888.17,0.0
50138,0,6.0,Phone,1,10.0,Debit Card,Male,2.0,4,Laptop & Accessory,4,Single,4,0,11.0,1.0,,7.0,257.91,1113.06,1.0
50139,1,15.0,Mobile Phone,2,17.0,Debit Card,Female,3.0,2,Mobile Phone,3,Divorced,6,0,15.0,0.0,3.0,1.0,211.72,1059.54,0.0
50140,0,10.0,Mobile Phone,1,6.0,Debit Card,Male,3.0,3,Mobile Phone,5,Single,2,0,16.0,1.0,1.0,0.0,252.39,1132.08,1.0
50141,1,6.0,Computer,1,6.0,UPI,Male,3.0,3,Fashion,1,Single,5,0,12.0,2.0,2.0,7.0,211.24,988.71,1.0
50142,1,2.0,Mobile Phone,1,18.0,Credit Card,Male,3.0,3,Laptop & Accessory,3,Married,6,1,16.0,1.0,4.0,4.0,233.02,1193.48,0.25
50143,0,11.0,Phone,1,14.0,Debit Card,Female,4.0,3,Laptop & Accessory,4,Married,5,0,13.0,1.0,1.0,0.0,265.48,1157.82,1.0
50144,1,5.0,Mobile Phone,2,12.0,Debit Card,Male,2.0,3,Grocery,3,Divorced,6,1,19.0,0.0,1.0,1.0,254.83,1165.35,0.0
50145,0,9.0,Mobile Phone,2,7.0,Debit Card,Male,4.0,3,Grocery,2,Married,4,0,11.0,2.0,2.0,2.0,173.9,838.82,1.0
50146,0,13.0,Computer,1,11.0,E wallet,Female,2.0,5,Mobile Phone,3,Single,3,0,13.0,3.0,3.0,13.0,159.63,845.59,1.0
50147,0,17.0,Mobile Phone,1,24.0,E wallet,Female,3.0,1,Laptop & Accessory,5,Divorced,3,1,16.0,0.0,1.0,3.0,99.17,549.85,0.0
50148,1,7.0,Phone,1,31.0,Credit Card,Female,2.0,4,Mobile Phone,3,Married,5,1,12.0,1.0,1.0,5.0,179.55,823.29,1.0
50149,0,6.0,Phone,3,20.0,Debit Card,Female,1.0,4,Mobile Phone,3,Married,5,0,22.0,1.0,1.0,7.0,111.24,643.71,1.0
50150,0,4.0,Phone,1,6.0,UPI,Male,2.0,5,Fashion,4,Married,4,1,11.0,1.0,1.0,3.0,107.92,543.1,1.0
50151,0,17.0,Computer,1,18.0,Debit Card,Female,2.0,4,Mobile Phone,4,Married,4,0,13.0,,2.0,0.0,198.51,948.34,0.0
50152,0,32.0,Phone,2,,Credit Card,Male,5.0,4,Laptop & Accessory,3,Single,6,0,16.0,0.0,1.0,12.0,170.76,821.89,0.0
50153,0,18.0,Mobile Phone,1,10.0,Debit Card,Male,3.0,4,Mobile Phone,3,Single,4,0,22.0,2.0,8.0,3.0,93.41,890.96,0.25
50154,1,21.0,Computer,3,8.0,Debit Card,Male,1.0,3,Laptop & Accessory,1,Married,5,1,11.0,7.0,16.0,1.0,216.31,1629.98,0.437
50155,1,6.0,Mobile Phone,1,23.0,Debit Card,Male,2.0,3,Laptop & Accessory,4,Divorced,2,0,12.0,1.0,5.0,7.0,217.77,1148.53,0.2
50156,1,13.0,Mobile Phone,2,18.0,Credit Card,Male,3.0,3,Mobile Phone,3,Single,5,1,13.0,1.0,5.0,10.0,154.04,914.35,0.2
50157,1,16.0,Computer,1,16.0,Credit Card,Male,3.0,3,Laptop & Accessory,3,Single,7,1,21.0,0.0,2.0,6.0,224.93,1112.73,0.0
50158,1,0.0,Phone,1,18.0,Debit Card,Male,4.0,2,Fashion,2,Married,6,1,18.0,0.0,1.0,3.0,196.35,935.13,0.0
50159,1,4.0,Computer,1,8.0,Debit Card,Male,3.0,3,Mobile Phone,2,Married,2,0,12.0,0.0,2.0,18.0,210.43,985.63,0.0
50160,1,25.0,Phone,3,12.0,E wallet,Female,3.0,3,Mobile Phone,4,Married,6,0,20.0,1.0,1.0,0.0,188.58,921.6,1.0
50161,1,3.0,Computer,3,17.0,Debit Card,Male,3.0,4,Mobile Phone,3,Married,3,0,17.0,1.0,1.0,1.0,231.89,1062.18,1.0
50162,1,23.0,Computer,1,17.0,Debit Card,Female,3.0,5,Others,1,Single,6,0,16.0,1.0,2.0,,161.33,831.05,0.5
50163,1,3.0,Mobile Phone,3,24.0,Credit Card,Male,2.0,3,Grocery,1,Married,4,0,17.0,4.0,7.0,1.0,202.4,1220.12,0.571
50164,0,5.0,Mobile Phone,2,9.0,E wallet,Female,3.0,2,Fashion,2,Married,5,0,12.0,3.0,,3.0,128.43,899.03,0.429
50165,0,13.0,Mobile Phone,3,23.0,Debit Card,Female,2.0,6,Mobile Phone,3,Single,3,0,17.0,1.0,3.0,4.0,197.02,1019.68,0.333
50166,0,10.0,Phone,3,12.0,COD,Female,3.0,4,Laptop & Accessory,4,Single,4,1,14.0,2.0,2.0,2.0,67.79,459.6,1.0
50167,0,7.0,Mobile Phone,1,18.0,Debit Card,Male,3.0,4,Mobile Phone,2,Married,5,0,26.0,1.0,1.0,0.0,198.75,1008.25,1.0
50168,0,24.0,Mobile Phone,2,12.0,Credit Card,Male,,2,Mobile Phone,3,Single,3,0,22.0,2.0,2.0,4.0,256.82,1241.92,1.0
50169,1,4.0,Mobile Phone,1,41.0,Debit Card,Male,2.0,4,Laptop & Accessory,1,Married,7,1,15.0,7.0,10.0,4.0,202.73,1340.37,0.7
50170,1,9.0,Computer,1,7.0,Credit Card,Male,,4,Laptop & Accessory,1,Married,3,1,,3.0,5.0,9.0,171.32,1012.02,0.6
50171,0,14.0,Phone,1,18.0,Debit Card,Male,2.0,2,Mobile Phone,5,Married,3,1,12.0,2.0,2.0,0.0,171.93,839.33,1.0
50172,0,12.0,Mobile Phone,3,15.0,Credit Card,Female,3.0,2,Mobile Phone,4,Single,6,0,17.0,1.0,5.0,2.0,255.56,1332.13,0.2
50173,0,6.0,Mobile Phone,3,7.0,Debit Card,Male,4.0,3,Mobile Phone,4,Married,3,0,,1.0,4.0,1.0,204.29,1044.3,0.25
50174,1,6.0,Mobile Phone,3,6.0,Credit Card,Male,3.0,3,Fashion,2,Divorced,2,0,14.0,1.0,2.0,0.0,162.96,821.25,0.5
50175,0,17.0,Mobile Phone,3,24.0,E wallet,Male,4.0,5,Mobile Phone,3,Married,5,0,18.0,,2.0,2.0,207.91,1024.06,0.5
50176,0,17.0,Mobile Phone,3,7.0,E wallet,Male,4.0,3,Laptop & Accessory,3,Married,4,0,11.0,0.0,2.0,7.0,176.75,849.65,0.0
50177,0,12.0,Computer,1,7.0,Debit Card,Female,3.0,4,Mobile Phone,4,Single,6,0,12.0,1.0,1.0,1.0,213.0,950.4,1.0
50178,0,5.0,Computer,1,51.0,Credit Card,Female,2.0,4,Others,3,Single,1,0,12.0,1.0,1.0,11.0,151.7,717.46,1.0
50179,0,6.0,Mobile Phone,1,20.0,Credit Card,Male,2.0,3,Laptop & Accessory,3,Single,4,0,15.0,1.0,1.0,5.0,156.84,760.99,1.0
50180,1,10.0,Mobile Phone,1,8.0,Debit Card,Male,3.0,4,Mobile Phone,2,Married,4,1,21.0,1.0,6.0,0.0,146.3,993.94,0.167
50181,0,11.0,Mobile Phone,1,16.0,Credit Card,Female,,2,Laptop & Accessory,3,Married,2,1,20.0,2.0,,1.0,159.66,901.71,0.667
50182,0,14.0,Mobile Phone,1,14.0,Debit Card,Male,3.0,3,Laptop & Accessory,5,Married,4,1,14.0,0.0,2.0,0.0,141.16,738.41,0.0
50183,0,,Mobile Phone,3,27.0,Credit Card,Female,2.0,5,Mobile Phone,3,Married,5,0,21.0,0.0,1.0,1.0,255.6,1184.28,0.0
50184,1,16.0,Mobile Phone,3,21.0,E wallet,Female,4.0,2,Mobile Phone,2,Divorced,7,1,15.0,1.0,1.0,6.0,230.61,1041.32,1.0
50185,1,16.0,Mobile Phone,1,26.0,Debit Card,Male,3.0,3,Mobile Phone,3,Single,7,1,16.0,0.0,1.0,1.0,97.34,542.89,0.0
50186,0,21.0,Phone,3,8.0,Debit Card,Male,3.0,4,Laptop & Accessory,4,Divorced,6,0,15.0,0.0,2.0,2.0,78.28,507.46,0.0
50187,0,10.0,Phone,1,17.0,Debit Card,Male,3.0,4,Mobile Phone,2,Married,5,0,18.0,2.0,3.0,5.0,179.55,961.29,0.667
50188,0,12.0,Phone,3,5.0,COD,Female,4.0,4,Laptop & Accessory,4,Single,4,0,12.0,1.0,2.0,5.0,134.84,698.39,0.5
50189,0,9.0,Mobile Phone,1,6.0,E wallet,Male,4.0,4,Laptop & Accessory,5,Married,5,0,14.0,2.0,2.0,10.0,121.82,664.92,1.0
50190,0,5.0,Computer,1,20.0,Debit Card,Male,4.0,1,Laptop & Accessory,3,Married,5,0,20.0,2.0,3.0,2.0,289.49,1395.06,0.667
50191,1,31.0,Computer,3,5.0,Credit Card,Female,3.0,4,Fashion,1,Married,4,0,14.0,0.0,1.0,2.0,154.52,744.18,0.0
50192,0,20.0,Mobile Phone,1,15.0,Debit Card,Female,3.0,4,Laptop & Accessory,4,Single,3,1,13.0,1.0,2.0,0.0,120.21,650.8,0.5
50193,0,16.0,Mobile Phone,1,27.0,Credit Card,Male,3.0,1,Laptop & Accessory,1,Married,3,0,11.0,1.0,1.0,2.0,112.57,560.77,1.0
50194,0,10.0,Mobile Phone,1,11.0,Credit Card,Male,4.0,3,Mobile Phone,2,Single,2,0,17.0,2.0,4.0,8.0,269.55,1340.29,0.5
50195,1,5.0,Mobile Phone,2,6.0,COD,Male,3.0,3,Mobile Phone,1,Single,4,0,11.0,0.0,1.0,1.0,157.61,731.92,0.0
50196,0,18.0,Mobile Phone,3,20.0,Debit Card,Male,2.0,2,Fashion,2,Married,4,0,22.0,0.0,1.0,2.0,200.68,983.58,0.0
50197,0,9.0,Phone,1,37.0,Credit Card,Male,3.0,3,Fashion,5,Married,2,0,18.0,3.0,4.0,8.0,197.24,1073.51,0.75
50198,0,13.0,Mobile Phone,3,20.0,E wallet,Female,3.0,4,Fashion,4,Married,4,0,11.0,2.0,4.0,1.0,163.56,889.53,0.5
50199,0,6.0,Mobile Phone,1,15.0,E wallet,Male,2.0,5,Laptop & Accessory,3,Married,3,0,16.0,1.0,2.0,1.0,280.7,1284.66,0.5
50200,0,11.0,Mobile Phone,1,8.0,Credit Card,Male,3.0,4,Grocery,5,Divorced,6,0,13.0,1.0,1.0,0.0,155.28,739.06,1.0
50201,1,7.0,Computer,1,5.0,Credit Card,Male,2.0,4,Mobile Phone,4,Single,7,1,18.0,0.0,2.0,,106.09,637.14,0.0
50202,0,7.0,Mobile Phone,3,19.0,Debit Card,Male,2.0,2,Laptop & Accessory,3,Married,4,1,14.0,1.0,2.0,9.0,106.32,606.02,0.5
50203,1,11.0,Phone,1,8.0,Credit Card,Female,,3,Mobile Phone,1,Married,5,1,24.0,1.0,1.0,1.0,183.94,935.97,1.0
50204,0,3.0,Mobile Phone,1,28.0,UPI,Female,3.0,5,Mobile Phone,4,Single,7,0,24.0,1.0,2.0,7.0,240.16,1194.61,0.5
50205,0,3.0,Mobile Phone,1,13.0,COD,Female,2.0,4,Laptop & Accessory,3,Married,2,0,13.0,1.0,4.0,16.0,185.02,987.08,0.25
50206,0,6.0,Phone,1,14.0,E wallet,Female,3.0,3,Grocery,3,Married,2,0,,0.0,2.0,2.0,109.9,627.62,0.0
50207,0,8.0,Mobile Phone,3,22.0,Debit Card,Female,4.0,4,Mobile Phone,3,Married,5,0,19.0,1.0,1.0,5.0,165.65,826.47,1.0
50208,1,17.0,Mobile Phone,1,23.0,E wallet,Male,4.0,3,Mobile Phone,1,Married,7,0,13.0,3.0,6.0,1.0,119.3,827.34,0.5
50209,0,9.0,Mobile Phone,1,17.0,Debit Card,Male,4.0,3,Mobile Phone,4,Divorced,3,0,13.0,2.0,4.0,4.0,146.53,840.81,0.5
50210,0,10.0,Phone,1,38.0,Debit Card,Female,3.0,4,Laptop & Accessory,2,Married,4,1,11.0,,2.0,2.0,133.49,685.26,0.0
50211,1,8.0,Phone,1,53.0,Credit Card,Male,4.0,4,Grocery,3,Single,5,1,11.0,0.0,1.0,4.0,127.3,616.74,0.0
50212,1,12.0,Mobile Phone,2,40.0,Debit Card,Male,3.0,3,Mobile Phone,1,Single,6,0,19.0,,1.0,5.0,140.8,732.04,1.0
50213,0,5.0,Phone,1,,COD,Male,4.0,3,Mobile Phone,4,Married,5,0,16.0,0.0,4.0,6.0,143.05,851.59,0.0
50214,0,9.0,Mobile Phone,1,,Credit Card,Male,2.0,3,Mobile Phone,3,Married,3,0,,1.0,3.0,11.0,153.74,823.21,0.333
50215,1,13.0,Phone,1,18.0,Credit Card,Male,1.0,4,Fashion,4,Married,8,0,18.0,3.0,4.0,1.0,148.18,887.08,0.75
50216,0,11.0,Mobile Phone,1,6.0,Credit Card,Female,2.0,3,Mobile Phone,1,Divorced,2,0,11.0,0.0,3.0,1.0,237.84,1126.79,0.0
50217,1,10.0,Phone,3,9.0,E wallet,Male,4.0,5,Laptop & Accessory,2,Single,5,1,15.0,0.0,1.0,1.0,119.79,620.2,0.0
50218,1,10.0,Computer,3,,Credit Card,Female,3.0,4,Mobile Phone,1,Single,4,1,16.0,1.0,2.0,3.0,95.82,582.12,0.5
50219,0,13.0,Computer,1,7.0,Debit Card,Male,3.0,3,Mobile Phone,4,Single,3,0,11.0,1.0,1.0,3.0,191.48,860.62,1.0
50220,0,32.0,Mobile Phone,1,12.0,E wallet,Male,3.0,4,Others,1,Married,5,0,18.0,4.0,5.0,2.0,175.95,1037.61,0.8
50221,0,5.0,Computer,2,7.0,Debit Card,Male,4.0,3,Fashion,4,Married,3,0,19.0,,1.0,20.0,111.37,620.21,1.0
50222,0,33.0,Mobile Phone,3,33.0,Debit Card,Male,4.0,3,Laptop & Accessory,2,Single,4,0,16.0,1.0,2.0,,265.67,1227.55,0.5
50223,0,5.0,Computer,1,25.0,Credit Card,Female,3.0,3,Laptop & Accessory,5,Married,4,0,13.0,2.0,2.0,0.0,184.72,895.94,1.0
50224,0,1.0,Mobile Phone,3,6.0,Debit Card,Male,3.0,5,Mobile Phone,3,Married,5,0,12.0,1.0,3.0,2.0,238.52,1137.38,0.333
50225,1,7.0,Mobile Phone,2,8.0,COD,Male,,3,Mobile Phone,2,Single,4,1,15.0,1.0,3.0,9.0,178.13,931.89,0.333
50226,0,12.0,Mobile Phone,1,26.0,Credit Card,Male,3.0,4,Laptop & Accessory,1,Single,2,0,13.0,2.0,3.0,1.0,240.9,1154.42,0.667
50227,1,28.0,Mobile Phone,1,24.0,COD,Male,4.0,3,Mobile Phone,3,Divorced,6,1,16.0,1.0,2.0,3.0,266.48,1230.62,0.5
50228,1,5.0,Phone,2,40.0,Debit Card,Male,3.0,3,Fashion,5,Divorced,2,1,20.0,1.0,2.0,7.0,109.63,666.59,0.5
50229,0,13.0,Computer,1,77.0,COD,Male,,4,Laptop & Accessory,2,Single,5,0,18.0,0.0,1.0,0.0,119.74,644.01,0.0
50230,1,3.0,Phone,3,50.0,Debit Card,Male,2.0,4,Mobile Phone,5,Single,4,0,15.0,,,8.0,160.24,818.91,0.5
50231,0,28.0,Phone,3,11.0,Debit Card,Female,1.0,2,Laptop & Accessory,3,Married,3,0,17.0,2.0,3.0,1.0,178.39,948.88,0.667
50232,0,20.0,Phone,3,8.0,Debit Card,Female,2.0,3,Laptop & Accessory,5,Married,4,1,16.0,3.0,4.0,,220.63,1146.39,0.75
50233,0,7.0,Mobile Phone,1,22.0,Credit Card,Male,3.0,3,Laptop & Accessory,5,Married,2,0,17.0,1.0,1.0,14.0,186.48,889.62,1.0
50234,0,22.0,Mobile Phone,1,9.0,Debit Card,Male,3.0,3,Mobile Phone,5,Married,4,0,16.0,0.0,3.0,3.0,182.75,957.45,0.0
50235,1,9.0,Mobile Phone,1,25.0,Credit Card,Female,4.0,4,Others,1,Married,3,0,24.0,0.0,1.0,10.0,182.07,928.87,0.0
50236,0,20.0,Mobile Phone,2,14.0,Debit Card,Female,3.0,2,Fashion,5,Divorced,4,0,17.0,0.0,2.0,11.0,229.73,1098.97,0.0
50237,1,10.0,Mobile Phone,3,24.0,Debit Card,Male,2.0,4,Laptop & Accessory,1,Married,2,0,20.0,1.0,2.0,3.0,158.78,853.36,0.5
50238,1,,Mobile Phone,2,9.0,Credit Card,Male,2.0,4,Laptop & Accessory,3,Single,5,1,11.0,0.0,1.0,12.0,236.18,1030.48,0.0
50239,0,7.0,Mobile Phone,1,14.0,Debit Card,Male,4.0,3,Mobile Phone,4,Married,4,1,19.0,1.0,1.0,0.0,190.53,921.01,1.0
50240,1,,Mobile Phone,3,15.0,E wallet,Male,3.0,3,Laptop & Accessory,3,Single,5,0,14.0,1.0,1.0,2.0,176.01,825.84,1.0
50241,0,11.0,Computer,3,39.0,Credit Card,Male,,2,Fashion,3,Married,8,0,17.0,3.0,,10.0,120.1,997.38,0.333
50242,0,14.0,Mobile Phone,1,9.0,UPI,Male,3.0,3,Laptop & Accessory,5,Married,3,0,16.0,0.0,1.0,3.0,194.45,911.91,0.0
50243,0,3.0,Mobile Phone,1,38.0,Debit Card,Female,2.0,4,Laptop & Accessory,5,Married,3,0,11.0,0.0,3.0,6.0,158.14,823.93,0.0
50244,0,,Phone,3,25.0,COD,Male,2.0,3,Laptop & Accessory,3,Single,7,0,23.0,1.0,1.0,0.0,180.5,914.9,1.0
50245,0,24.0,Mobile Phone,2,21.0,Credit Card,Male,3.0,4,Fashion,4,Divorced,4,0,11.0,1.0,3.0,5.0,149.69,791.82,0.333
50246,0,11.0,Mobile Phone,3,24.0,COD,Female,3.0,3,Laptop & Accessory,1,Married,2,0,11.0,2.0,5.0,9.0,224.64,1166.63,0.4
50247,0,31.0,Mobile Phone,1,16.0,Debit Card,Female,3.0,2,Laptop & Accessory,3,Single,4,0,14.0,1.0,2.0,5.0,236.03,1098.91,0.5
50248,0,27.0,Mobile Phone,1,8.0,E wallet,Male,3.0,3,Mobile Phone,4,Single,5,0,13.0,2.0,3.0,14.0,141.34,776.09,0.667
50249,0,15.0,Mobile Phone,2,,E wallet,Male,4.0,4,Mobile Phone,4,Single,1,0,13.0,0.0,3.0,5.0,180.4,924.52,0.0
50250,0,22.0,Mobile Phone,3,29.0,Debit Card,Male,4.0,3,Grocery,5,Married,3,0,16.0,1.0,,2.0,129.63,755.59,0.333
50251,1,19.0,Phone,3,20.0,Credit Card,Male,3.0,4,Laptop & Accessory,3,Single,3,0,,0.0,1.0,1.0,138.04,705.55,0.0
50252,1,2.0,Phone,3,8.0,E wallet,Male,3.0,2,Laptop & Accessory,5,Single,5,0,,0.0,4.0,4.0,164.3,916.34,0.0
50253,1,8.0,Mobile Phone,1,16.0,Credit Card,Male,3.0,2,Mobile Phone,4,Single,4,0,15.0,0.0,3.0,0.0,222.04,1098.75,0.0
50254,1,15.0,Mobile Phone,3,12.0,Debit Card,Male,2.0,3,Laptop & Accessory,1,Married,8,1,14.0,0.0,1.0,2.0,106.19,560.52,0.0
50255,0,,Mobile Phone,1,7.0,Credit Card,Female,5.0,3,Mobile Phone,3,Married,6,0,15.0,1.0,2.0,3.0,136.46,728.55,0.5
50256,0,3.0,Computer,1,14.0,Debit Card,Male,3.0,4,Laptop & Accessory,3,Single,3,0,19.0,1.0,3.0,4.0,194.7,1026.86,0.333
50257,1,2.0,Mobile Phone,1,9.0,E wallet,Male,4.0,3,Grocery,3,Divorced,3,0,23.0,1.0,3.0,1.0,115.48,757.82,0.333
50258,1,9.0,Phone,3,6.0,Debit Card,Male,4.0,2,Laptop & Accessory,1,Divorced,4,0,18.0,1.0,1.0,,234.51,1080.14,1.0
50259,1,1.0,Phone,3,13.0,Debit Card,Female,3.0,4,Fashion,3,Single,5,1,25.0,1.0,3.0,13.0,221.52,1176.78,0.333
50260,0,9.0,Mobile Phone,1,16.0,Debit Card,Female,2.0,3,Grocery,2,Married,6,0,11.0,1.0,2.0,4.0,205.82,960.12,0.5
50261,0,12.0,Mobile Phone,1,6.0,Credit Card,Female,3.0,3,Grocery,5,Married,6,0,14.0,3.0,3.0,5.0,179.57,929.37,1.0
50262,0,5.0,Mobile Phone,3,11.0,COD,Female,3.0,4,Mobile Phone,5,Married,7,0,12.0,3.0,4.0,2.0,125.59,753.24,0.75
50263,1,9.0,Mobile Phone,1,9.0,Debit Card,Male,3.0,2,Others,3,Married,5,0,21.0,1.0,1.0,1.0,114.86,649.47,1.0
50264,1,18.0,Mobile Phone,3,5.0,Debit Card,Male,1.0,5,Mobile Phone,1,Married,6,0,18.0,0.0,2.0,1.0,124.82,708.32,0.0
50265,1,7.0,Mobile Phone,1,7.0,Debit Card,Male,3.0,3,Laptop & Accessory,3,Married,11,0,,2.0,3.0,2.0,199.11,1019.62,0.667
50266,0,5.0,Mobile Phone,1,7.0,E wallet,Male,4.0,3,Grocery,4,Married,2,0,19.0,1.0,4.0,12.0,133.46,839.15,0.25
50267,0,9.0,Mobile Phone,1,,Credit Card,Male,5.0,5,Mobile Phone,5,Married,1,0,22.0,2.0,3.0,2.0,179.63,993.59,0.667
50268,1,4.0,Computer,1,25.0,Debit Card,Male,2.0,4,Laptop & Accessory,1,Married,3,0,12.0,0.0,1.0,2.0,82.56,454.73,0.0
50269,1,29.0,Mobile Phone,1,12.0,Credit Card,Male,4.0,2,Fashion,4,Single,6,0,12.0,6.0,11.0,2.0,178.86,1270.67,0.545
50270,1,10.0,Computer,1,7.0,Debit Card,Male,2.0,3,Mobile Phone,3,Divorced,1,0,15.0,0.0,1.0,1.0,168.36,804.77,0.0
50271,0,6.0,Computer,1,6.0,Credit Card,Female,4.0,3,Grocery,2,Married,6,0,17.0,1.0,5.0,6.0,155.27,951.03,0.2
50272,0,11.0,Computer,1,9.0,Debit Card,Male,2.0,3,Fashion,2,Married,4,0,18.0,4.0,6.0,2.0,185.8,1120.04,0.667
50273,0,9.0,Computer,3,24.0,E wallet,Male,4.0,4,Laptop & Accessory,4,Single,3,1,16.0,1.0,1.0,3.0,265.59,1182.24,1.0
50274,0,8.0,Mobile Phone,1,10.0,UPI,Male,3.0,3,Laptop & Accessory,3,Single,5,0,16.0,3.0,4.0,6.0,190.45,1031.71,0.75
50275,0,7.0,Mobile Phone,1,7.0,E wallet,Female,3.0,2,Fashion,5,Divorced,5,0,19.0,0.0,2.0,5.0,150.54,814.05,0.0
50276,0,6.0,Phone,3,11.0,Credit Card,Female,2.0,3,Mobile Phone,5,Divorced,4,1,18.0,2.0,2.0,2.0,122.32,698.82,1.0
50277,1,3.0,Phone,2,15.0,Credit Card,Male,2.0,1,Laptop & Accessory,3,Single,4,0,15.0,1.0,1.0,0.0,140.49,698.86,1.0
50278,0,22.0,Computer,1,5.0,Debit Card,Male,3.0,3,Laptop & Accessory,4,Married,3,0,19.0,1.0,2.0,10.0,170.72,890.74,0.5
50279,0,14.0,Computer,2,17.0,E wallet,Female,4.0,3,Laptop & Accessory,2,Single,6,0,14.0,1.0,3.0,,191.88,976.14,0.333
50280,0,12.0,Mobile Phone,3,11.0,Credit Card,Male,3.0,4,Mobile Phone,5,Single,3,0,15.0,1.0,2.0,8.0,158.68,812.98,0.5
50281,0,,Mobile Phone,3,5.0,UPI,Female,4.0,3,Laptop & Accessory,3,Single,2,0,24.0,0.0,1.0,6.0,126.29,716.9,0.0
50282,0,5.0,Mobile Phone,1,18.0,Debit Card,Male,3.0,2,Laptop & Accessory,3,Single,1,0,11.0,2.0,2.0,8.0,103.85,572.63,1.0
50283,0,6.0,Mobile Phone,3,20.0,E wallet,Male,4.0,5,Mobile Phone,5,Married,6,0,17.0,1.0,5.0,10.0,170.48,1008.82,0.2
50284,1,3.0,Mobile Phone,1,17.0,Credit Card,Female,3.0,4,Laptop & Accessory,1,Single,4,0,,1.0,4.0,0.0,140.84,843.19,0.25
50285,1,6.0,Phone,1,10.0,Debit Card,Male,2.0,3,Laptop & Accessory,3,Divorced,4,1,20.0,0.0,1.0,3.0,188.24,920.31,0.0
50286,0,4.0,Computer,3,14.0,Credit Card,Male,3.0,5,Grocery,4,Married,9,0,25.0,0.0,2.0,0.0,150.66,862.51,0.0
50287,0,26.0,Mobile Phone,1,11.0,UPI,Male,3.0,4,Mobile Phone,2,Married,2,0,20.0,1.0,3.0,2.0,113.61,726.72,0.333
50288,1,17.0,Computer,3,19.0,UPI,Female,5.0,2,Laptop & Accessory,1,Divorced,4,0,17.0,1.0,2.0,1.0,128.26,713.39,0.5
50289,1,10.0,Phone,1,16.0,E wallet,Male,3.0,4,Grocery,3,Married,5,0,17.0,2.0,3.0,4.0,243.01,1194.44,0.667
50290,0,5.0,Computer,1,6.0,Debit Card,Male,2.0,3,Laptop & Accessory,3,Single,3,0,13.0,0.0,3.0,4.0,229.05,1109.39,0.0
50291,0,4.0,Mobile Phone,3,17.0,UPI,Male,2.0,2,Mobile Phone,3,Married,2,0,17.0,2.0,2.0,4.0,235.94,1122.57,1.0
50292,0,9.0,Computer,1,19.0,Credit Card,Female,3.0,3,Laptop & Accessory,5,Married,4,0,20.0,1.0,1.0,1.0,205.33,985.25,1.0
50293,0,17.0,Phone,3,11.0,Debit Card,Male,2.0,3,Fashion,3,Married,6,0,22.0,0.0,2.0,1.0,201.8,1032.84,0.0
50294,1,3.0,Mobile Phone,3,30.0,Debit Card,Male,4.0,3,Mobile Phone,3,Married,1,1,14.0,0.0,1.0,2.0,184.71,858.9,0.0
50295,1,14.0,Mobile Phone,3,27.0,Debit Card,Male,2.0,4,Laptop & Accessory,2,Married,6,1,18.0,0.0,4.0,1.0,225.0,1179.0,0.0
50296,1,6.0,Computer,1,7.0,Debit Card,Female,2.0,2,Mobile Phone,1,Married,6,1,11.0,2.0,4.0,3.0,185.26,971.99,0.5
50297,1,7.0,Mobile Phone,1,33.0,E wallet,Female,1.0,5,Fashion,3,Married,4,1,15.0,6.0,7.0,5.0,233.23,1321.27,0.857
50298,0,10.0,Mobile Phone,3,12.0,Debit Card,Male,2.0,4,Mobile Phone,3,Married,4,0,14.0,4.0,6.0,7.0,240.67,1296.55,0.667
50299,1,5.0,Mobile Phone,3,20.0,Debit Card,Female,3.0,4,Mobile Phone,4,Single,3,0,21.0,1.0,1.0,0.0,158.72,816.14,1.0
50300,1,8.0,Phone,1,,Credit Card,Male,3.0,3,Mobile Phone,3,Divorced,5,0,11.0,0.0,2.0,0.0,218.44,1008.07,0.0
50301,1,5.0,Computer,3,13.0,Credit Card,Male,2.0,4,Fashion,3,Married,3,1,22.0,2.0,3.0,4.0,151.33,886.05,0.667
50302,0,6.0,Mobile Phone,2,11.0,Debit Card,Female,1.0,3,Mobile Phone,4,Married,5,0,11.0,0.0,5.0,3.0,170.99,962.76,0.0
50303,0,16.0,Mobile Phone,3,35.0,Debit Card,Male,2.0,4,Laptop & Accessory,3,Married,2,0,,1.0,1.0,2.0,139.06,693.43,1.0
50304,1,10.0,Computer,1,8.0,Debit Card,Female,3.0,3,Grocery,2,Single,6,0,23.0,4.0,11.0,7.0,220.22,1515.84,0.364
50305,1,16.0,Phone,1,9.0,Credit Card,Female,3.0,4,Fashion,5,Married,2,0,11.0,1.0,2.0,3.0,187.2,889.36,0.5
50306,0,6.0,Computer,1,10.0,Debit Card,Male,2.0,1,Others,3,Married,3,0,11.0,1.0,2.0,4.0,203.83,952.55,0.5
50307,1,14.0,Mobile Phone,1,29.0,Credit Card,Male,2.0,4,Mobile Phone,2,Married,3,1,19.0,1.0,2.0,2.0,226.79,1103.8,0.5
50308,1,2.0,Mobile Phone,3,39.0,Debit Card,Female,3.0,4,Mobile Phone,4,Married,5,1,11.0,0.0,1.0,2.0,150.83,706.15,0.0
50309,0,10.0,Mobile Phone,1,,Debit Card,Male,2.0,4,Fashion,5,Married,7,0,24.0,2.0,2.0,13.0,157.44,880.27,1.0
50310,0,15.0,Phone,3,29.0,Credit Card,Male,3.0,2,Laptop & Accessory,4,Married,8,0,15.0,1.0,1.0,,195.34,907.29,1.0
50311,0,2.0,Mobile Phone,1,9.0,Debit Card,Male,5.0,3,Grocery,4,Married,10,0,16.0,3.0,,2.0,164.32,977.42,0.6
50312,1,6.0,Mobile Phone,1,47.0,Debit Card,Male,1.0,3,Laptop & Accessory,3,Married,3,0,17.0,0.0,1.0,31.0,178.08,857.7,0.0
50313,1,10.0,Mobile Phone,1,16.0,Debit Card,Female,2.0,3,Laptop & Accessory,4,Single,8,0,14.0,1.0,5.0,0.0,240.79,1252.0,0.2
50314,1,18.0,Mobile Phone,1,5.0,Debit Card,Male,,1,Laptop & Accessory,4,Married,7,1,20.0,1.0,4.0,3.0,125.83,818.15,0.25
50315,0,6.0,Computer,1,5.0,E wallet,Female,3.0,1,Mobile Phone,4,Married,7,0,11.0,0.0,1.0,18.0,135.85,649.23,0.0
50316,0,14.0,Mobile Phone,1,7.0,Debit Card,Female,1.0,4,Laptop & Accessory,4,Married,8,0,14.0,0.0,1.0,10.0,157.9,757.02,0.0
50317,0,23.0,Phone,2,7.0,UPI,Male,3.0,2,Laptop & Accessory,2,Married,4,0,16.0,3.0,6.0,3.0,201.88,1165.14,0.5
50318,0,14.0,Computer,1,23.0,E wallet,Male,4.0,5,Mobile Phone,1,Divorced,3,0,14.0,2.0,4.0,6.0,181.17,980.45,0.5
50319,0,8.0,Mobile Phone,1,8.0,E wallet,Female,1.0,3,Mobile Phone,5,Single,4,0,11.0,0.0,3.0,2.0,215.12,1040.46,0.0
50320,0,12.0,Phone,3,47.0,Debit Card,Female,3.0,4,Fashion,5,Single,5,0,17.0,1.0,1.0,3.0,169.06,823.43,1.0
50321,0,6.0,Computer,1,17.0,E wallet,Male,3.0,2,Laptop & Accessory,4,Married,3,0,14.0,0.0,2.0,5.0,190.54,926.05,0.0
50322,1,10.0,Computer,1,19.0,Debit Card,Male,2.0,5,Laptop & Accessory,3,Single,6,1,13.0,2.0,7.0,2.0,209.6,1215.48,0.286
50323,1,9.0,Mobile Phone,1,8.0,Debit Card,Male,2.0,1,Laptop & Accessory,2,Divorced,6,1,24.0,0.0,1.0,7.0,186.99,947.56,0.0
50324,0,12.0,Mobile Phone,1,32.0,Debit Card,Male,3.0,1,Mobile Phone,3,Single,7,0,18.0,0.0,2.0,2.0,149.11,800.62,0.0
50325,0,7.0,Mobile Phone,2,18.0,UPI,Male,,2,Laptop & Accessory,4,Married,2,0,12.0,2.0,4.0,1.0,254.55,1243.29,0.5
50326,0,13.0,Phone,1,29.0,Debit Card,Female,4.0,2,Laptop & Accessory,3,Divorced,9,0,14.0,2.0,3.0,1.0,263.74,1249.21,0.667
50327,0,7.0,Phone,3,43.0,UPI,Male,2.0,3,Mobile Phone,5,Single,6,0,12.0,1.0,2.0,11.0,236.22,1083.64,0.5
50328,0,17.0,Phone,3,7.0,Debit Card,Female,3.0,4,Fashion,4,Married,2,0,12.0,5.0,6.0,,138.81,893.48,0.833
50329,1,8.0,Mobile Phone,1,6.0,UPI,Female,3.0,3,Laptop & Accessory,4,Single,1,1,12.0,1.0,2.0,10.0,193.88,922.74,0.5
50330,0,2.0,Mobile Phone,3,25.0,UPI,Male,2.0,4,Mobile Phone,5,Married,5,0,16.0,5.0,5.0,12.0,213.98,1166.12,1.0
50331,0,4.0,Phone,1,29.0,UPI,Male,2.0,4,Laptop & Accessory,5,Single,6,0,12.0,2.0,3.0,0.0,196.42,977.4,0.667
50332,0,10.0,Mobile Phone,1,16.0,Credit Card,Female,2.0,5,Laptop & Accessory,4,Single,6,0,11.0,0.0,1.0,1.0,152.98,714.32,0.0
50333,0,26.0,Phone,1,10.0,UPI,Female,4.0,2,Laptop & Accessory,2,Divorced,5,0,11.0,4.0,6.0,2.0,196.56,1104.93,0.667
50334,0,16.0,Mobile Phone,1,18.0,COD,Female,3.0,2,Mobile Phone,5,Single,4,0,16.0,2.0,5.0,1.0,154.59,940.44,0.4
50335,1,1.0,Mobile Phone,1,9.0,Debit Card,Male,,2,Mobile Phone,2,Married,7,0,17.0,0.0,1.0,0.0,97.62,551.96,0.0
50336,0,3.0,Mobile Phone,1,8.0,Credit Card,Male,3.0,3,Grocery,3,Single,5,0,14.0,0.0,,,231.4,1036.32,0.0
50337,1,19.0,Mobile Phone,3,,E wallet,Female,3.0,3,Grocery,5,Single,5,0,18.0,3.0,9.0,10.0,238.84,1456.59,0.333
50338,0,15.0,Mobile Phone,2,8.0,Debit Card,Male,5.0,3,Mobile Phone,2,Married,7,0,11.0,1.0,2.0,1.0,189.73,898.97,0.5
50339,0,34.0,Mobile Phone,1,13.0,E wallet,Female,3.0,3,Laptop & Accessory,4,Single,5,1,11.0,8.0,15.0,3.0,26.35,863.13,0.533
50340,1,7.0,Mobile Phone,2,43.0,Debit Card,Male,4.0,4,Fashion,3,Married,6,0,15.0,1.0,1.0,17.0,251.94,1122.37,1.0
50341,0,5.0,Mobile Phone,3,27.0,Credit Card,Female,3.0,3,Fashion,4,Married,4,0,18.0,0.0,1.0,4.0,149.09,755.54,0.0
50342,1,10.0,Mobile Phone,1,,Debit Card,Male,4.0,3,Fashion,5,Married,5,0,13.0,0.0,1.0,,117.13,594.09,0.0
50343,1,7.0,Phone,1,25.0,Debit Card,Female,,2,Laptop & Accessory,5,Married,3,0,18.0,0.0,1.0,2.0,127.27,672.63,0.0
50344,0,18.0,Mobile Phone,1,10.0,Debit Card,Male,2.0,3,Fashion,3,Single,2,0,17.0,0.0,3.0,1.0,179.55,953.29,0.0
50345,1,7.0,Phone,1,25.0,E wallet,Female,4.0,4,Fashion,1,Married,4,0,22.0,0.0,1.0,1.0,205.47,1001.79,0.0
50346,1,8.0,Phone,1,36.0,Debit Card,Male,4.0,4,Mobile Phone,5,Single,3,1,12.0,1.0,2.0,9.0,192.32,916.82,0.5
50347,1,,Phone,1,,E wallet,Male,2.0,5,Fashion,4,Married,5,1,14.0,1.0,1.0,1.0,173.62,816.76,1.0
50348,1,16.0,Computer,2,19.0,E wallet,Male,3.0,4,Fashion,2,Married,4,1,16.0,4.0,9.0,1.0,249.09,1479.54,0.444
50349,0,5.0,Mobile Phone,1,8.0,Credit Card,Female,3.0,3,Mobile Phone,4,Married,3,0,17.0,,1.0,1.0,176.02,849.88,0.0
50350,0,13.0,Phone,1,5.0,Debit Card,Male,1.0,3,Fashion,1,Single,3,0,11.0,4.0,9.0,2.0,166.01,1123.84,0.444
50351,0,28.0,Computer,1,7.0,Debit Card,Male,1.0,5,Fashion,2,Married,5,0,,1.0,2.0,4.0,194.68,949.78,0.5
50352,0,2.0,Computer,1,45.0,Credit Card,Male,2.0,4,Grocery,4,Married,9,1,16.0,0.0,2.0,3.0,149.51,786.14,0.0
50353,0,23.0,Mobile Phone,1,12.0,Debit Card,Male,3.0,4,Grocery,3,Divorced,4,0,13.0,1.0,1.0,0.0,97.69,520.22,1.0
50354,0,12.0,Mobile Phone,1,28.0,Credit Card,Male,2.0,4,Mobile Phone,3,Single,4,0,23.0,0.0,1.0,3.0,180.99,916.76,0.0
50355,0,4.0,Mobile Phone,3,13.0,COD,Male,2.0,3,Laptop & Accessory,4,Married,3,0,16.0,0.0,2.0,2.0,199.92,977.7,0.0
50356,0,10.0,Phone,1,18.0,Debit Card,Female,4.0,4,Laptop & Accessory,5,Single,5,1,12.0,0.0,1.0,1.0,165.74,770.81,0.0
50357,0,15.0,Phone,1,,Credit Card,Male,2.0,2,Grocery,4,Married,9,0,20.0,1.0,1.0,,193.51,940.34,1.0
50358,0,5.0,Mobile Phone,1,8.0,COD,Female,3.0,3,Laptop & Accessory,3,Divorced,4,0,15.0,0.0,,13.0,165.92,795.5,0.0
50359,0,13.0,Mobile Phone,3,12.0,UPI,Female,4.0,3,Mobile Phone,4,Divorced,6,1,16.0,1.0,2.0,5.0,151.14,792.33,0.5
50360,0,25.0,Phone,3,17.0,E wallet,Female,2.0,3,Mobile Phone,4,Single,4,0,15.0,1.0,1.0,1.0,153.42,748.0,1.0
50361,0,7.0,Mobile Phone,1,7.0,E wallet,Female,2.0,3,Laptop & Accessory,4,Single,2,0,20.0,0.0,4.0,5.0,148.77,905.33,0.0
50362,0,5.0,Computer,1,22.0,Debit Card,Male,3.0,3,Mobile Phone,3,Single,1,0,13.0,1.0,1.0,1.0,96.86,517.07,1.0
50363,1,9.0,Phone,1,10.0,UPI,Female,3.0,3,Fashion,1,Married,8,0,13.0,0.0,1.0,4.0,201.82,915.92,0.0
50364,0,10.0,Mobile Phone,1,25.0,COD,Male,3.0,3,Laptop & Accessory,4,Single,3,0,11.0,4.0,7.0,15.0,114.86,839.47,0.571
50365,1,19.0,Phone,3,6.0,Credit Card,Male,3.0,3,Fashion,2,Married,4,1,15.0,0.0,1.0,16.0,292.01,1274.64,0.0
50366,0,9.0,Mobile Phone,1,19.0,Debit Card,Female,4.0,4,Mobile Phone,3,Single,4,0,16.0,2.0,5.0,10.0,82.96,668.25,0.4
50367,0,7.0,Phone,2,9.0,Credit Card,Female,2.0,4,Mobile Phone,2,Single,10,1,,1.0,5.0,2.0,154.03,930.31,0.2
50368,1,4.0,Computer,1,24.0,Debit Card,Male,3.0,3,Laptop & Accessory,3,Divorced,3,1,14.0,3.0,7.0,5.0,276.45,1477.51,0.429
50369,0,2.0,Computer,1,11.0,Debit Card,Male,2.0,4,Grocery,3,Married,2,0,13.0,0.0,2.0,,164.19,817.92,0.0
50370,1,3.0,Mobile Phone,3,18.0,Credit Card,Male,3.0,3,Mobile Phone,5,Single,3,0,21.0,3.0,3.0,12.0,141.55,840.89,1.0
50371,1,3.0,Mobile Phone,1,38.0,Credit Card,Male,2.0,2,Mobile Phone,4,Married,4,1,,1.0,2.0,3.0,111.99,603.56,0.5
50372,0,8.0,Mobile Phone,3,,Credit Card,Female,3.0,3,Mobile Phone,2,Divorced,3,0,11.0,,9.0,4.0,180.61,1179.32,0.444
50373,0,3.0,Mobile Phone,1,5.0,Debit Card,Male,4.0,1,Grocery,5,Married,4,1,15.0,1.0,4.0,2.0,124.89,774.58,0.25
50374,1,9.0,Mobile Phone,1,23.0,E wallet,Male,2.0,4,Mobile Phone,3,Married,5,1,22.0,3.0,3.0,2.0,176.0,979.8,1.0
50375,0,,Mobile Phone,2,17.0,Debit Card,Male,2.0,3,Fashion,2,Divorced,6,0,18.0,1.0,2.0,2.0,226.38,1094.24,0.5
50376,0,19.0,Mobile Phone,1,9.0,Debit Card,Female,3.0,2,Mobile Phone,3,Married,5,0,17.0,1.0,1.0,3.0,155.49,771.86,1.0
50377,0,8.0,Mobile Phone,1,13.0,Credit Card,Female,2.0,3,Laptop & Accessory,2,Married,7,0,19.0,0.0,2.0,9.0,214.93,1058.73,0.0
50378,0,39.0,Mobile Phone,1,6.0,Credit Card,Female,3.0,4,Laptop & Accessory,3,Married,3,0,13.0,1.0,1.0,8.0,167.78,786.56,1.0
50379,0,10.0,Computer,2,8.0,Debit Card,Male,3.0,3,Laptop & Accessory,5,Divorced,5,0,12.0,1.0,2.0,2.0,252.88,1146.94,0.5
50380,0,11.0,Phone,1,,Debit Card,Female,4.0,6,Laptop & Accessory,4,Married,4,0,15.0,2.0,2.0,1.0,223.41,1058.96,1.0
50381,1,9.0,Mobile Phone,1,27.0,E wallet,Male,3.0,5,Mobile Phone,3,Divorced,8,0,,1.0,4.0,3.0,249.89,1281.58,0.25
50382,0,10.0,Mobile Phone,1,13.0,Credit Card,Female,3.0,4,Laptop & Accessory,2,Married,6,0,13.0,,2.0,0.0,191.99,923.56,1.0
50383,0,7.0,Mobile Phone,1,16.0,Debit Card,Male,2.0,4,Fashion,3,Married,8,0,12.0,1.0,2.0,6.0,250.08,1136.3,0.5
50384,1,8.0,Mobile Phone,3,30.0,Debit Card,Male,3.0,3,Others,5,Married,4,0,15.0,0.0,1.0,0.0,149.9,734.62,0.0
50385,0,,Mobile Phone,1,9.0,Credit Card,Male,3.0,3,Mobile Phone,3,Divorced,6,0,,2.0,3.0,,167.61,923.92,0.667
50386,1,21.0,Computer,2,19.0,UPI,Male,4.0,5,Mobile Phone,4,Married,4,0,17.0,0.0,4.0,1.0,203.29,1088.5,0.0
50387,0,1.0,Phone,1,29.0,Credit Card,Male,4.0,3,Laptop & Accessory,3,Single,5,0,16.0,3.0,5.0,9.0,117.65,800.07,0.6
50388,1,3.0,Phone,3,8.0,E wallet,Female,4.0,2,Mobile Phone,1,Single,4,0,11.0,0.0,1.0,34.0,160.69,743.62,0.0
50389,0,5.0,Mobile Phone,2,10.0,Credit Card,Male,3.0,2,Mobile Phone,5,Married,6,0,13.0,1.0,2.0,1.0,193.15,927.97,0.5
50390,1,17.0,Computer,3,52.0,E wallet,Male,3.0,4,Laptop & Accessory,1,Single,5,0,11.0,0.0,2.0,4.0,152.27,756.63,0.0
50391,0,21.0,Computer,1,54.0,UPI,Male,4.0,3,Laptop & Accessory,4,Married,5,0,11.0,2.0,4.0,8.0,256.25,1241.75,0.5
50392,0,15.0,Mobile Phone,1,8.0,E wallet,Male,3.0,2,Mobile Phone,5,Single,4,0,12.0,2.0,2.0,2.0,209.35,981.53,1.0
50393,0,4.0,Mobile Phone,2,6.0,UPI,Female,3.0,4,Mobile Phone,4,Married,2,0,18.0,1.0,4.0,1.0,202.09,1091.94,0.25
50394,0,7.0,Mobile Phone,1,9.0,Credit Card,Male,2.0,3,Mobile Phone,5,Single,5,0,17.0,0.0,1.0,2.0,144.62,730.56,0.0
50395,1,13.0,Mobile Phone,1,11.0,UPI,Female,4.0,3,Grocery,4,Single,7,1,15.0,0.0,1.0,2.0,224.92,1019.7,0.0
50396,0,8.0,Phone,3,12.0,Credit Card,Male,3.0,2,Fashion,3,Married,4,0,12.0,1.0,1.0,1.0,102.62,530.96,1.0
50397,0,7.0,Mobile Phone,1,17.0,UPI,Female,3.0,2,Laptop & Accessory,5,Married,4,0,14.0,0.0,2.0,0.0,194.24,940.11,0.0
50398,0,8.0,Mobile Phone,3,33.0,Debit Card,Male,4.0,2,Fashion,5,Single,1,0,17.0,,4.0,11.0,228.91,1185.86,0.5
50399,0,20.0,Mobile Phone,1,10.0,Credit Card,Female,3.0,3,Mobile Phone,3,Single,4,0,12.0,0.0,2.0,10.0,177.01,858.64,0.0
50400,0,14.0,Mobile Phone,2,28.0,E wallet,Male,3.0,4,Fashion,3,Single,2,0,14.0,2.0,4.0,9.0,113.52,723.38,0.5
50401,1,8.0,Computer,1,,Debit Card,Female,3.0,4,Grocery,3,Divorced,5,1,15.0,3.0,5.0,7.0,193.95,1082.01,0.6
50402,0,12.0,Phone,1,6.0,Credit Card,Male,3.0,3,Laptop & Accessory,3,Married,2,0,21.0,2.0,2.0,6.0,97.79,629.6,1.0
50403,1,4.0,Phone,3,13.0,E wallet,Male,1.0,4,Laptop & Accessory,1,Married,2,0,19.0,3.0,,6.0,105.38,912.44,0.375
50404,1,7.0,Mobile Phone,1,6.0,Debit Card,Male,3.0,2,Mobile Phone,2,Divorced,5,1,23.0,0.0,1.0,9.0,249.81,1178.28,0.0
50405,0,18.0,Phone,3,11.0,Credit Card,Female,3.0,2,Laptop & Accessory,5,Married,2,0,13.0,1.0,1.0,0.0,223.46,998.15,1.0
50406,1,3.0,Mobile Phone,2,32.0,Credit Card,Male,3.0,4,Mobile Phone,3,Divorced,4,1,18.0,4.0,14.0,7.0,87.97,1108.29,0.286
50407,0,14.0,Phone,1,8.0,Credit Card,Male,4.0,3,Fashion,5,Married,5,0,17.0,1.0,1.0,9.0,121.38,642.24,1.0
50408,1,1.0,Mobile Phone,3,20.0,Debit Card,Female,2.0,4,Laptop & Accessory,4,Single,8,0,,4.0,6.0,5.0,213.04,1239.55,0.667
50409,0,26.0,Mobile Phone,1,9.0,Debit Card,Female,4.0,1,Mobile Phone,3,Married,6,0,22.0,4.0,6.0,8.0,232.51,1329.54,0.667
50410,1,7.0,Mobile Phone,3,6.0,Debit Card,Female,3.0,2,Mobile Phone,2,Single,6,0,11.0,2.0,3.0,2.0,184.93,925.73,0.667
50411,0,13.0,Mobile Phone,1,15.0,Debit Card,Male,3.0,4,Laptop & Accessory,3,Married,3,0,13.0,0.0,1.0,2.0,152.59,728.84,0.0
50412,1,11.0,Computer,3,27.0,Debit Card,Male,2.0,2,Mobile Phone,5,Married,5,0,11.0,1.0,2.0,4.0,201.01,941.84,0.5
50413,0,11.0,Mobile Phone,1,11.0,E wallet,Male,2.0,1,Mobile Phone,5,Single,5,1,18.0,0.0,1.0,1.0,239.16,1097.81,0.0
50414,1,12.0,Mobile Phone,1,17.0,Credit Card,Female,3.0,3,Mobile Phone,4,Single,6,0,12.0,1.0,1.0,1.0,152.04,718.75,1.0
50415,0,2.0,Mobile Phone,1,33.0,E wallet,Female,1.0,3,Fashion,4,Single,3,0,13.0,1.0,1.0,23.0,228.57,1017.57,1.0
50416,1,11.0,Computer,1,24.0,Debit Card,Female,4.0,4,Mobile Phone,3,Married,10,0,17.0,0.0,1.0,7.0,140.38,714.44,0.0
50417,0,9.0,Mobile Phone,1,8.0,Credit Card,Female,2.0,4,Laptop & Accessory,2,Single,5,0,11.0,3.0,3.0,1.0,134.16,732.81,1.0
50418,0,7.0,Phone,1,21.0,Debit Card,Female,4.0,4,Fashion,3,Single,5,0,11.0,4.0,10.0,1.0,205.26,1317.99,0.4
50419,0,5.0,Computer,1,13.0,E wallet,Female,3.0,3,Mobile Phone,4,Married,2,0,13.0,3.0,4.0,2.0,219.08,1116.5,0.75
50420,1,11.0,Mobile Phone,1,,E wallet,Male,3.0,3,Mobile Phone,3,Single,5,0,16.0,0.0,2.0,28.0,201.56,983.93,0.0
50421,0,5.0,Mobile Phone,1,13.0,UPI,Female,2.0,4,Laptop & Accessory,4,Divorced,8,0,14.0,1.0,1.0,17.0,166.62,790.16,1.0
50422,0,18.0,Mobile Phone,1,7.0,Debit Card,Female,3.0,2,Laptop & Accessory,3,Married,4,0,16.0,4.0,12.0,3.0,193.58,1403.6,0.333
50423,1,13.0,Computer,1,15.0,E wallet,Male,2.0,3,Fashion,1,Married,2,1,20.0,1.0,1.0,3.0,176.85,877.03,1.0
50424,0,12.0,Mobile Phone,1,13.0,Credit Card,Male,3.0,4,Mobile Phone,4,Single,5,0,18.0,0.0,1.0,4.0,184.61,890.52,0.0
50425,0,18.0,Mobile Phone,2,14.0,E wallet,Male,3.0,3,Mobile Phone,4,Single,5,0,13.0,,1.0,5.0,218.59,979.64,0.0
50426,1,2.0,Phone,2,30.0,Credit Card,Female,3.0,4,Mobile Phone,2,Divorced,4,1,13.0,1.0,1.0,1.0,130.42,644.6,1.0
50427,1,3.0,Phone,1,32.0,Credit Card,Female,4.0,2,Mobile Phone,5,Divorced,5,1,18.0,1.0,2.0,1.0,216.5,1056.7,0.5
50428,1,14.0,Mobile Phone,3,12.0,Debit Card,Male,3.0,4,Laptop & Accessory,3,Married,7,1,15.0,2.0,3.0,8.0,250.65,1207.47,0.667
50429,0,6.0,Mobile Phone,1,12.0,Credit Card,Female,2.0,2,Laptop & Accessory,4,Married,4,1,20.0,1.0,,,136.67,814.35,0.333
50430,0,6.0,Mobile Phone,2,14.0,Debit Card,Male,3.0,4,Laptop & Accessory,5,Single,3,0,15.0,2.0,3.0,0.0,239.9,1166.62,0.667
50431,1,3.0,Mobile Phone,1,14.0,Debit Card,Female,4.0,2,Mobile Phone,2,Married,3,1,11.0,3.0,6.0,9.0,187.14,1069.13,0.5
50432,0,5.0,Mobile Phone,1,41.0,Debit Card,Female,2.0,4,Grocery,5,Married,6,0,16.0,,3.0,6.0,207.37,1051.01,0.333
50433,0,19.0,Computer,3,18.0,COD,Female,3.0,3,Mobile Phone,4,Married,5,0,15.0,0.0,1.0,6.0,112.62,592.96,0.0
50434,0,13.0,Mobile Phone,3,,Debit Card,Male,1.0,4,Fashion,2,Married,5,0,16.0,0.0,2.0,5.0,208.93,1011.93,0.0
50435,0,11.0,Computer,1,14.0,UPI,Female,2.0,4,Laptop & Accessory,4,Single,3,0,11.0,0.0,3.0,2.0,71.42,494.4,0.0
50436,0,6.0,Phone,1,17.0,COD,Male,3.0,1,Fashion,5,Married,4,0,11.0,1.0,2.0,10.0,119.15,630.77,0.5
50437,0,11.0,Mobile Phone,2,17.0,COD,Male,3.0,3,Mobile Phone,5,Single,3,0,21.0,2.0,3.0,2.0,103.98,698.12,0.667
50438,0,20.0,Phone,2,16.0,UPI,Male,3.0,5,Laptop & Accessory,4,Married,6,0,13.0,1.0,1.0,1.0,126.88,631.14,1.0
50439,1,6.0,Mobile Phone,3,7.0,UPI,Female,3.0,3,Mobile Phone,2,Single,8,0,14.0,1.0,1.0,3.0,149.97,726.89,1.0
50440,0,10.0,Computer,1,5.0,Debit Card,Female,2.0,4,Mobile Phone,2,Married,6,0,11.0,0.0,2.0,,177.82,853.72,0.0
50441,0,27.0,Computer,1,10.0,Debit Card,Male,2.0,2,Laptop & Accessory,3,Single,4,0,16.0,1.0,1.0,0.0,79.38,474.64,1.0
50442,0,15.0,Mobile Phone,1,12.0,Credit Card,Female,3.0,4,Laptop & Accessory,4,Single,2,0,11.0,0.0,2.0,2.0,197.52,928.58,0.0
50443,0,6.0,Mobile Phone,1,6.0,Credit Card,Male,3.0,2,Laptop & Accessory,5,Single,7,0,15.0,1.0,2.0,2.0,161.09,822.14,0.5
50444,1,14.0,Mobile Phone,1,25.0,Debit Card,Male,1.0,4,Fashion,3,Single,8,1,16.0,0.0,1.0,7.0,219.59,1007.44,0.0
50445,1,3.0,Mobile Phone,3,10.0,Credit Card,Male,3.0,3,Grocery,3,Single,7,1,13.0,0.0,1.0,2.0,204.7,926.86,0.0
50446,0,9.0,Mobile Phone,1,34.0,Credit Card,Male,3.0,3,Laptop & Accessory,2,Single,5,0,18.0,0.0,1.0,13.0,220.32,1026.22,0.0
50447,1,14.0,Mobile Phone,3,7.0,UPI,Female,2.0,2,Mobile Phone,1,Single,4,1,16.0,1.0,2.0,6.0,174.19,879.92,0.5
50448,1,12.0,Phone,1,6.0,Credit Card,Female,3.0,4,Laptop & Accessory,1,Single,7,0,17.0,2.0,,8.0,199.91,985.66,1.0
50449,0,14.0,Mobile Phone,1,13.0,Credit Card,Male,3.0,3,Laptop & Accessory,4,Divorced,4,1,15.0,,,10.0,183.41,861.96,0.0
50450,0,16.0,Computer,1,8.0,Credit Card,Female,2.0,3,Mobile Phone,2,Single,1,0,16.0,1.0,6.0,1.0,196.88,1146.14,0.167
50451,1,13.0,Computer,1,38.0,Credit Card,Male,3.0,4,Fashion,5,Married,6,1,23.0,2.0,3.0,7.0,166.9,953.22,0.667
50452,0,13.0,Mobile Phone,3,5.0,COD,Male,3.0,2,Laptop & Accessory,4,Married,3,0,15.0,1.0,3.0,1.0,59.58,481.4,0.333
50453,0,11.0,Computer,1,11.0,Debit Card,Male,4.0,4,Fashion,5,Married,5,0,12.0,0.0,,4.0,204.69,918.82,0.0
50454,0,4.0,Mobile Phone,1,36.0,Credit Card,Female,3.0,4,Laptop & Accessory,3,Single,5,0,15.0,1.0,1.0,2.0,193.56,900.53,1.0
50455,0,19.0,Mobile Phone,1,11.0,Credit Card,Female,2.0,3,Fashion,4,Single,3,0,19.0,1.0,2.0,3.0,207.18,1029.28,0.5
50456,0,9.0,Phone,1,6.0,Credit Card,Male,2.0,2,Mobile Phone,3,Married,4,0,12.0,4.0,4.0,1.0,170.59,924.24,1.0
50457,1,15.0,Mobile Phone,3,9.0,Debit Card,Male,4.0,4,Laptop & Accessory,5,Married,7,0,11.0,3.0,5.0,15.0,253.4,1275.92,0.6
50458,0,17.0,Phone,1,13.0,Debit Card,Male,4.0,1,Fashion,5,Married,5,1,11.0,0.0,,5.0,170.88,827.34,0.0
50459,0,7.0,Computer,2,7.0,Debit Card,Male,2.0,4,Laptop & Accessory,4,Married,8,1,16.0,3.0,3.0,1.0,171.21,913.6,1.0
50460,0,7.0,Computer,2,13.0,Debit Card,Female,2.0,3,Laptop & Accessory,4,Married,4,0,13.0,2.0,3.0,1.0,185.42,943.6,0.667
50461,0,8.0,Phone,1,27.0,UPI,Male,3.0,2,Laptop & Accessory,2,Married,6,0,19.0,0.0,1.0,1.0,207.41,985.16,0.0
50462,0,21.0,Phone,1,30.0,Credit Card,Female,3.0,2,Mobile Phone,4,Married,4,0,15.0,3.0,9.0,7.0,127.01,1007.64,0.333
50463,1,5.0,Mobile Phone,3,6.0,Debit Card,Male,2.0,5,Laptop & Accessory,5,Single,2,0,21.0,4.0,9.0,3.0,230.43,1448.63,0.444
50464,1,23.0,Mobile Phone,2,7.0,Credit Card,Male,3.0,4,Mobile Phone,2,Married,5,1,11.0,1.0,3.0,10.0,198.5,977.3,0.333
50465,0,11.0,Phone,1,9.0,Debit Card,Male,,3,Laptop & Accessory,4,Married,4,0,16.0,,2.0,0.0,261.86,1213.07,0.5
50466,1,12.0,Mobile Phone,1,16.0,UPI,Male,2.0,5,Laptop & Accessory,3,Married,8,1,18.0,1.0,5.0,3.0,192.52,1100.58,0.2
50467,0,17.0,Mobile Phone,1,10.0,Credit Card,Female,3.0,2,Grocery,5,Divorced,4,0,,0.0,1.0,3.0,185.5,877.9,0.0
50468,1,10.0,Mobile Phone,1,27.0,COD,Male,3.0,4,Fashion,1,Married,3,1,17.0,1.0,3.0,18.0,115.12,708.46,0.333
50469,0,19.0,Phone,1,20.0,Debit Card,Male,4.0,4,Laptop & Accessory,2,Married,6,0,,2.0,4.0,6.0,173.0,973.4,0.5
50470,1,7.0,Mobile Phone,1,6.0,E wallet,Female,3.0,4,Mobile Phone,1,Married,4,0,11.0,1.0,1.0,3.0,122.0,596.6,1.0
50471,0,22.0,Phone,1,17.0,Debit Card,Female,2.0,3,Mobile Phone,2,Married,5,0,11.0,1.0,2.0,4.0,79.67,480.75,0.5
50472,1,7.0,Mobile Phone,1,6.0,Debit Card,Female,4.0,3,Laptop & Accessory,4,Married,3,0,,0.0,1.0,5.0,85.77,498.93,0.0
50473,0,23.0,Mobile Phone,1,9.0,Debit Card,Male,2.0,4,Mobile Phone,2,Single,4,0,23.0,1.0,4.0,11.0,141.13,900.29,0.25
50474,0,7.0,Mobile Phone,3,7.0,Credit Card,Male,3.0,3,Grocery,4,Married,2,1,13.0,1.0,6.0,0.0,156.22,967.64,0.167
50475,0,8.0,Mobile Phone,1,7.0,Debit Card,Female,3.0,1,Fashion,5,Single,3,0,18.0,0.0,1.0,0.0,166.18,820.48,0.0
50476,1,4.0,Computer,3,16.0,Credit Card,Female,2.0,4,Fashion,1,Single,5,0,,0.0,1.0,1.0,207.22,952.44,0.0
50477,1,5.0,Mobile Phone,1,15.0,E wallet,Male,2.0,4,Mobile Phone,1,Married,4,1,17.0,4.0,8.0,3.0,101.67,882.35,0.5
50478,0,10.0,Mobile Phone,2,7.0,Debit Card,Male,4.0,3,Mobile Phone,5,Single,2,0,16.0,2.0,2.0,2.0,88.08,552.7,1.0
50479,0,,Mobile Phone,1,60.0,Debit Card,Male,3.0,3,Mobile Phone,4,Single,4,0,13.0,1.0,1.0,0.0,164.3,773.34,1.0
50480,0,18.0,Mobile Phone,1,12.0,E wallet,Male,1.0,3,Fashion,2,Divorced,3,0,18.0,0.0,1.0,4.0,161.36,802.17,0.0
50481,0,8.0,Mobile Phone,1,6.0,Credit Card,Male,4.0,4,Fashion,3,Married,5,0,16.0,5.0,8.0,8.0,176.91,1160.26,0.625
50482,0,4.0,Mobile Phone,1,7.0,E wallet,Male,3.0,4,Laptop & Accessory,5,Married,7,0,22.0,2.0,,0.0,161.2,878.56,1.0
50483,0,13.0,Computer,3,16.0,Debit Card,Male,3.0,4,Mobile Phone,2,Married,6,0,17.0,3.0,7.0,3.0,106.29,854.9,0.429
50484,0,11.0,Phone,1,51.0,Credit Card,Male,3.0,4,Mobile Phone,4,Single,1,0,11.0,1.0,2.0,18.0,190.4,901.52,0.5
50485,0,13.0,Mobile Phone,3,15.0,Debit Card,Male,3.0,4,Laptop & Accessory,2,Married,5,0,18.0,1.0,3.0,0.0,262.6,1276.88,0.333
50486,0,6.0,Mobile Phone,1,41.0,UPI,Male,3.0,3,Mobile Phone,3,Married,4,0,19.0,0.0,1.0,2.0,142.5,738.5,0.0
50487,0,7.0,Mobile Phone,1,12.0,UPI,Male,2.0,2,Grocery,5,Married,7,0,17.0,0.0,1.0,3.0,140.39,714.48,0.0
50488,0,6.0,Mobile Phone,1,12.0,COD,Female,3.0,4,Grocery,1,Single,10,0,21.0,4.0,4.0,1.0,110.64,768.43,1.0
50489,0,20.0,Phone,2,13.0,Credit Card,Male,3.0,2,Fashion,3,Single,7,0,11.0,1.0,1.0,4.0,214.43,947.83,1.0
50490,0,23.0,Computer,1,,E wallet,Female,4.0,6,Laptop & Accessory,3,Divorced,5,0,21.0,1.0,3.0,9.0,255.93,1275.53,0.333
50491,0,6.0,Mobile Phone,3,10.0,Credit Card,Female,3.0,4,Mobile Phone,4,Single,6,0,17.0,1.0,,2.0,231.19,1059.52,1.0
50492,0,7.0,Computer,1,29.0,Credit Card,Male,3.0,3,Laptop & Accessory,1,Single,4,0,19.0,0.0,2.0,0.0,177.91,918.06,0.0
50493,0,15.0,Mobile Phone,2,5.0,E wallet,Male,2.0,3,Mobile Phone,3,Single,4,0,12.0,2.0,4.0,4.0,179.3,957.34,0.5
50494,0,24.0,Mobile Phone,1,12.0,Debit Card,Male,4.0,3,Fashion,3,Divorced,3,0,11.0,1.0,1.0,10.0,139.13,661.69,1.0
50495,1,27.0,Mobile Phone,1,14.0,Debit Card,Female,3.0,4,Grocery,1,Married,4,1,15.0,1.0,2.0,7.0,124.74,684.01,0.5
50496,1,6.0,Mobile Phone,1,16.0,Debit Card,Male,3.0,4,Fashion,3,Divorced,8,1,16.0,0.0,3.0,,223.63,1112.79,0.0
50497,0,7.0,Computer,1,9.0,E wallet,Male,4.0,2,Laptop & Accessory,5,Divorced,9,1,11.0,2.0,4.0,7.0,176.39,938.28,0.5
50498,1,12.0,Mobile Phone,1,12.0,Debit Card,Female,4.0,4,Laptop & Accessory,3,Divorced,4,0,18.0,0.0,1.0,2.0,86.32,517.02,0.0
50499,1,12.0,Mobile Phone,1,13.0,Debit Card,Female,3.0,4,Grocery,4,Married,7,0,17.0,3.0,4.0,3.0,133.81,824.48,0.75
50500,0,9.0,Computer,1,19.0,COD,Male,3.0,1,Fashion,3,Married,7,0,21.0,2.0,3.0,2.0,86.76,632.69,0.667
50501,1,5.0,Computer,1,23.0,Credit Card,Female,4.0,3,Mobile Phone,1,Married,3,0,16.0,1.0,1.0,0.0,129.08,663.5,1.0
50502,0,10.0,Phone,1,21.0,Debit Card,Male,4.0,3,Mobile Phone,3,Married,5,0,20.0,0.0,1.0,1.0,249.01,1151.24,0.0
50503,0,27.0,Computer,1,10.0,Credit Card,Female,3.0,2,Mobile Phone,3,Single,2,0,16.0,1.0,3.0,3.0,213.52,1074.38,0.333
50504,0,7.0,Mobile Phone,1,95.0,E wallet,Male,3.0,2,Mobile Phone,3,Married,5,0,16.0,3.0,3.0,5.0,177.48,937.42,1.0
50505,0,11.0,Computer,3,28.0,Debit Card,Female,2.0,1,Laptop & Accessory,4,Married,3,1,18.0,2.0,3.0,0.0,204.65,1056.67,0.667
50506,1,38.0,Phone,3,9.0,Credit Card,Male,3.0,5,Mobile Phone,5,Single,3,1,16.0,0.0,2.0,12.0,208.93,1011.93,0.0
50507,1,7.0,Computer,1,8.0,Debit Card,Male,2.0,2,Mobile Phone,1,Married,3,0,13.0,1.0,1.0,4.0,172.18,803.28,1.0
50508,0,15.0,Phone,3,10.0,Credit Card,Male,3.0,3,Laptop & Accessory,4,Married,5,0,,2.0,2.0,8.0,229.93,1051.73,1.0
50509,0,28.0,Mobile Phone,2,12.0,Debit Card,Female,3.0,3,Others,1,Single,7,0,12.0,1.0,3.0,1.0,149.73,799.97,0.333
50510,1,14.0,Phone,1,28.0,Debit Card,Male,2.0,4,Laptop & Accessory,1,Single,4,0,17.0,,1.0,4.0,183.49,878.26,1.0
50511,0,19.0,Mobile Phone,1,23.0,Credit Card,Male,1.0,4,Mobile Phone,2,Single,2,0,17.0,0.0,1.0,0.0,181.66,871.31,0.0
50512,0,16.0,Mobile Phone,3,,UPI,Male,3.0,4,Mobile Phone,3,Married,5,0,20.0,1.0,5.0,,178.56,1063.53,0.2
50513,1,14.0,Mobile Phone,1,9.0,E wallet,Male,3.0,4,Mobile Phone,1,Married,6,0,15.0,0.0,1.0,,234.62,1056.56,0.0
50514,0,22.0,Computer,3,16.0,UPI,Female,3.0,3,Laptop & Accessory,4,Married,2,1,17.0,1.0,1.0,5.0,190.53,905.01,1.0
50515,0,15.0,Mobile Phone,3,9.0,Credit Card,Female,4.0,3,Mobile Phone,1,Divorced,3,0,19.0,1.0,3.0,1.0,139.04,815.35,0.333
50516,0,9.0,Mobile Phone,1,6.0,Debit Card,Female,3.0,4,Laptop & Accessory,3,Single,5,0,11.0,0.0,1.0,1.0,219.43,966.83,0.0
50517,0,11.0,Mobile Phone,1,19.0,Debit Card,Female,3.0,2,Mobile Phone,4,Married,8,0,12.0,1.0,2.0,2.0,258.67,1168.95,0.5
50518,0,12.0,Computer,1,7.0,UPI,Male,2.0,4,Laptop & Accessory,2,Married,5,0,19.0,0.0,2.0,4.0,209.7,1038.86,0.0
50519,0,7.0,Mobile Phone,1,18.0,Credit Card,Male,3.0,2,Laptop & Accessory,4,Married,5,1,12.0,3.0,7.0,0.0,225.34,1267.29,0.429
50520,0,11.0,Phone,1,18.0,COD,Male,3.0,4,Grocery,2,Married,6,0,13.0,1.0,1.0,8.0,99.41,526.76,1.0
50521,1,10.0,Computer,1,25.0,Debit Card,Female,3.0,3,Mobile Phone,2,Married,4,1,18.0,1.0,1.0,3.0,190.31,912.18,1.0
50522,0,15.0,Mobile Phone,1,7.0,Debit Card,Female,2.0,3,Laptop & Accessory,5,Single,1,0,,0.0,1.0,9.0,160.6,743.28,0.0
50523,0,32.0,Mobile Phone,1,23.0,Debit Card,Male,1.0,3,Grocery,3,Single,7,0,12.0,1.0,1.0,5.0,122.07,604.87,1.0
50524,0,11.0,Phone,1,92.0,Debit Card,Male,2.0,4,Laptop & Accessory,5,Married,4,0,15.0,3.0,4.0,16.0,123.78,770.36,0.75
50525,0,24.0,Computer,1,28.0,Debit Card,Male,3.0,3,Laptop & Accessory,2,Married,7,0,13.0,4.0,10.0,3.0,219.69,1388.82,0.4
50526,0,14.0,Phone,1,22.0,Credit Card,Male,3.0,3,Laptop & Accessory,3,Single,2,0,11.0,1.0,1.0,6.0,211.45,936.51,1.0
50527,1,11.0,Mobile Phone,1,18.0,Credit Card,Female,4.0,3,Fashion,1,Married,4,0,15.0,0.0,1.0,3.0,133.7,673.06,0.0
50528,1,7.0,Computer,1,12.0,Debit Card,Male,3.0,2,Mobile Phone,3,Divorced,2,1,17.0,2.0,5.0,1.0,236.51,1259.74,0.4
50529,0,11.0,Mobile Phone,3,21.0,Debit Card,Female,3.0,2,Laptop & Accessory,3,Married,4,0,11.0,2.0,6.0,0.0,185.32,1062.22,0.333
50530,1,11.0,Phone,1,20.0,E wallet,Female,5.0,1,Laptop & Accessory,1,Single,3,1,15.0,1.0,1.0,1.0,213.8,977.44,1.0
50531,0,6.0,Computer,1,17.0,Credit Card,Female,3.0,4,Mobile Phone,3,Married,4,0,20.0,5.0,6.0,4.0,109.33,845.45,0.833
50532,0,6.0,Mobile Phone,3,24.0,Credit Card,Female,3.0,4,Mobile Phone,1,Single,6,0,17.0,2.0,3.0,8.0,115.01,708.04,0.667
50533,0,12.0,Phone,1,12.0,Credit Card,Male,4.0,3,Fashion,5,Married,4,1,12.0,4.0,13.0,1.0,112.47,1108.39,0.308
50534,1,24.0,Phone,3,7.0,UPI,Female,3.0,1,Mobile Phone,3,Married,7,1,20.0,0.0,1.0,12.0,230.43,1080.63,0.0
50535,0,9.0,Computer,1,15.0,Credit Card,Male,1.0,3,Mobile Phone,4,Single,5,1,17.0,1.0,4.0,3.0,153.26,898.39,0.25
50536,1,3.0,Mobile Phone,3,9.0,UPI,Female,5.0,3,Fashion,5,Single,5,0,14.0,0.0,1.0,,212.77,965.53,0.0
50537,1,1.0,Mobile Phone,3,11.0,Credit Card,Male,3.0,4,Mobile Phone,1,Married,5,0,18.0,2.0,4.0,0.0,310.06,1502.23,0.5
50538,0,4.0,Computer,1,5.0,Debit Card,Male,3.0,3,Laptop & Accessory,3,Married,5,0,13.0,1.0,7.0,16.0,99.93,798.73,0.143
50539,1,15.0,Mobile Phone,1,11.0,Debit Card,Male,4.0,4,Laptop & Accessory,1,Single,3,0,15.0,0.0,1.0,0.0,177.62,839.96,0.0
50540,1,3.0,Mobile Phone,3,25.0,Credit Card,Male,3.0,2,Mobile Phone,1,Single,10,0,14.0,1.0,1.0,2.0,142.32,697.82,1.0
50541,1,17.0,Computer,3,14.0,Credit Card,Female,3.0,3,Fashion,1,Single,6,0,20.0,0.0,1.0,4.0,227.94,1071.17,0.0
50542,0,15.0,Mobile Phone,3,,Credit Card,Female,3.0,5,Laptop & Accessory,3,Married,5,1,11.0,1.0,2.0,5.0,166.79,811.8,0.5
50543,1,9.0,Computer,1,13.0,Debit Card,Male,2.0,1,Mobile Phone,3,Married,3,0,18.0,0.0,2.0,,230.7,1110.66,0.0
50544,1,6.0,Mobile Phone,3,9.0,Credit Card,Male,2.0,3,Mobile Phone,1,Divorced,4,1,15.0,2.0,2.0,9.0,180.33,895.25,1.0
50545,0,8.0,Mobile Phone,1,13.0,E wallet,Female,3.0,3,Laptop & Accessory,2,Married,8,0,,2.0,3.0,2.0,106.55,643.89,0.667
50546,0,12.0,Phone,1,11.0,Credit Card,Male,2.0,3,Laptop & Accessory,2,Married,4,0,11.0,3.0,3.0,1.0,157.71,822.3,1.0
50547,0,4.0,Phone,1,37.0,Credit Card,Female,3.0,3,Laptop & Accessory,3,Single,3,0,19.0,0.0,1.0,0.0,202.23,965.47,0.0
50548,1,23.0,Phone,1,6.0,COD,Male,2.0,4,Mobile Phone,4,Single,6,0,18.0,3.0,3.0,,176.85,951.03,1.0
50549,0,12.0,Mobile Phone,2,19.0,Credit Card,Female,3.0,5,Mobile Phone,4,Married,2,0,11.0,,1.0,14.0,129.19,623.92,0.0
50550,0,13.0,Computer,1,28.0,Debit Card,Female,4.0,4,Mobile Phone,3,Single,3,0,18.0,2.0,2.0,2.0,183.83,932.55,1.0
50551,0,15.0,Mobile Phone,1,43.0,E wallet,Male,3.0,3,Laptop & Accessory,4,Divorced,4,0,11.0,1.0,3.0,5.0,80.46,528.75,0.333
50552,1,21.0,Mobile Phone,2,7.0,Debit Card,Male,3.0,6,Mobile Phone,3,Married,3,0,17.0,2.0,2.0,16.0,69.76,491.09,1.0
50553,0,11.0,Mobile Phone,3,14.0,E wallet,Female,5.0,4,Laptop & Accessory,3,Single,5,0,11.0,0.0,,10.0,221.68,1020.38,0.0
50554,0,15.0,Phone,1,6.0,Debit Card,Female,1.0,3,Laptop & Accessory,2,Married,6,0,11.0,1.0,2.0,3.0,233.74,1066.21,0.5
50555,1,6.0,Mobile Phone,1,13.0,Debit Card,Female,2.0,2,Mobile Phone,2,Single,7,1,17.0,1.0,1.0,0.0,252.47,1140.39,1.0
50556,0,27.0,Mobile Phone,1,7.0,Debit Card,Male,2.0,4,Mobile Phone,4,Single,4,0,22.0,2.0,4.0,6.0,241.38,1273.24,0.5
50557,0,11.0,Mobile Phone,1,27.0,Debit Card,Male,3.0,4,Fashion,5,Single,5,1,21.0,1.0,,1.0,144.67,807.75,0.5
50558,0,6.0,Mobile Phone,1,6.0,Debit Card,Male,2.0,2,Laptop & Accessory,4,Married,4,1,15.0,1.0,2.0,1.0,202.69,980.22,0.5
50559,1,7.0,Mobile Phone,1,14.0,Debit Card,Male,2.0,3,Mobile Phone,1,Married,5,0,19.0,1.0,1.0,10.0,178.96,877.05,1.0
50560,1,2.0,Phone,1,14.0,E wallet,Female,2.0,6,Laptop & Accessory,2,Single,8,0,15.0,1.0,2.0,5.0,197.43,960.23,0.5
50561,0,7.0,Mobile Phone,3,48.0,E wallet,Male,3.0,3,Mobile Phone,3,Married,3,0,17.0,1.0,2.0,12.0,205.56,1007.13,0.5
50562,1,1.0,Computer,1,18.0,E wallet,Female,3.0,3,Laptop & Accessory,4,Single,5,1,14.0,,2.0,14.0,257.19,1179.32,0.0
50563,0,16.0,Phone,1,9.0,E wallet,Female,3.0,5,Fashion,2,Divorced,5,0,19.0,1.0,2.0,3.0,188.32,957.62,0.5
50564,0,13.0,Mobile Phone,1,8.0,Credit Card,Female,,2,Mobile Phone,4,Divorced,4,0,18.0,0.0,1.0,5.0,225.7,1046.66,0.0
50565,0,5.0,Phone,1,7.0,UPI,Male,2.0,5,Fashion,3,Married,6,0,17.0,0.0,4.0,5.0,179.54,998.25,0.0
50566,0,9.0,Mobile Phone,1,22.0,Credit Card,Male,4.0,4,Others,4,Married,5,0,11.0,1.0,1.0,1.0,130.32,628.22,1.0
50567,0,10.0,Phone,1,19.0,Credit Card,Female,3.0,3,Grocery,3,Single,3,0,18.0,1.0,2.0,4.0,162.36,850.97,0.5
50568,0,4.0,Computer,1,16.0,E wallet,Male,2.0,2,Mobile Phone,4,Single,4,1,17.0,0.0,1.0,1.0,165.48,809.82,0.0
50569,1,8.0,Mobile Phone,1,6.0,Debit Card,Female,2.0,1,Grocery,2,Married,5,0,17.0,2.0,3.0,9.0,114.54,706.25,0.667
50570,0,10.0,Phone,1,22.0,E wallet,Female,3.0,3,Laptop & Accessory,4,Married,5,0,11.0,2.0,3.0,12.0,111.49,646.66,0.667
50571,0,8.0,Mobile Phone,1,17.0,Credit Card,Male,3.0,4,Laptop & Accessory,5,Married,6,0,11.0,0.0,3.0,2.0,221.83,1065.95,0.0
50572,1,6.0,Mobile Phone,3,45.0,Debit Card,Male,3.0,3,Mobile Phone,5,Single,10,1,18.0,2.0,6.0,5.0,202.03,1181.71,0.333
50573,0,5.0,Computer,1,16.0,Debit Card,Male,2.0,4,Others,1,Married,1,0,23.0,0.0,4.0,5.0,201.37,1129.21,0.0
50574,0,8.0,Mobile Phone,1,9.0,Debit Card,Female,3.0,4,Mobile Phone,4,Married,4,1,12.0,1.0,1.0,0.0,229.71,1013.9,1.0
50575,0,6.0,Mobile Phone,1,11.0,UPI,Male,3.0,3,Laptop & Accessory,5,Single,3,1,15.0,0.0,2.0,1.0,215.68,1029.58,0.0
50576,1,14.0,Mobile Phone,3,7.0,COD,Female,4.0,5,Mobile Phone,4,Married,3,1,11.0,2.0,5.0,10.0,249.73,1261.97,0.4
50577,0,22.0,Phone,3,20.0,Debit Card,Female,3.0,4,Laptop & Accessory,2,Married,7,0,14.0,4.0,5.0,1.0,153.83,921.55,0.8
50578,0,17.0,Mobile Phone,1,20.0,Debit Card,Male,2.0,5,Mobile Phone,5,Single,4,0,15.0,3.0,6.0,6.0,226.48,1250.62,0.5
50579,0,10.0,Computer,3,8.0,Debit Card,Female,1.0,3,Laptop & Accessory,2,Single,5,0,13.0,,,4.0,142.12,869.06,0.6
50580,1,6.0,Mobile Phone,1,7.0,E wallet,Female,2.0,4,Laptop & Accessory,1,Single,3,0,21.0,0.0,1.0,6.0,146.88,771.14,0.0
50581,0,17.0,Mobile Phone,3,6.0,Debit Card,Female,3.0,3,Laptop & Accessory,3,Single,6,0,16.0,0.0,1.0,1.0,108.13,583.89,0.0
50582,1,15.0,Phone,1,34.0,UPI,Male,2.0,5,Fashion,1,Married,4,0,13.0,0.0,1.0,7.0,204.14,924.73,0.0
50583,1,,Mobile Phone,1,8.0,Credit Card,Male,3.0,3,Mobile Phone,1,Divorced,2,0,17.0,1.0,2.0,2.0,218.05,1054.59,0.5
50584,0,11.0,Phone,1,10.0,UPI,Male,3.0,3,Laptop & Accessory,3,Divorced,3,0,20.0,0.0,1.0,20.0,164.3,829.34,0.0
50585,1,26.0,Mobile Phone,1,9.0,Credit Card,Male,2.0,3,Mobile Phone,4,Single,5,0,11.0,0.0,4.0,3.0,129.03,758.31,0.0
50586,0,11.0,Mobile Phone,1,11.0,Credit Card,Male,3.0,3,Fashion,5,Divorced,4,0,12.0,3.0,3.0,2.0,241.7,1149.46,1.0
50587,0,6.0,Mobile Phone,1,20.0,Credit Card,Female,3.0,3,Grocery,4,Divorced,6,1,11.0,0.0,1.0,1.0,183.97,832.09,0.0
50588,0,7.0,Computer,1,30.0,E wallet,Male,3.0,3,Grocery,5,Single,6,0,15.0,1.0,1.0,0.0,169.7,809.86,1.0
50589,0,14.0,Phone,1,,E wallet,Female,4.0,4,Laptop & Accessory,3,Divorced,4,0,16.0,1.0,1.0,10.0,225.19,1028.72,1.0
50590,1,6.0,Phone,1,19.0,Credit Card,Male,3.0,2,Laptop & Accessory,3,Divorced,2,1,12.0,0.0,1.0,1.0,275.47,1187.79,0.0
50591,1,26.0,Mobile Phone,3,10.0,Credit Card,Male,3.0,3,Laptop & Accessory,4,Married,6,1,20.0,1.0,3.0,10.0,187.03,1005.71,0.333
50592,0,13.0,Phone,3,52.0,UPI,Male,4.0,4,Mobile Phone,4,Married,6,0,19.0,0.0,2.0,4.0,206.08,1025.1,0.0
50593,1,,Mobile Phone,3,9.0,UPI,Female,3.0,3,Mobile Phone,3,Married,4,0,12.0,0.0,2.0,5.0,222.67,1032.15,0.0
50594,1,11.0,Computer,2,5.0,Credit Card,Male,3.0,5,Laptop & Accessory,2,Married,4,1,,0.0,1.0,,128.44,629.07,0.0
50595,1,8.0,Phone,2,14.0,Debit Card,Male,3.0,3,Grocery,3,Divorced,3,0,11.0,1.0,2.0,4.0,72.75,454.45,0.5
50596,0,2.0,Phone,1,7.0,Debit Card,Female,3.0,3,Fashion,3,Single,6,0,14.0,2.0,2.0,3.0,196.11,947.22,1.0
50597,0,7.0,Mobile Phone,1,6.0,E wallet,Male,3.0,2,Mobile Phone,1,Divorced,4,0,21.0,1.0,3.0,7.0,198.76,1058.29,0.333
50598,0,24.0,Mobile Phone,1,19.0,Debit Card,Female,3.0,6,Mobile Phone,5,Single,3,0,12.0,1.0,1.0,2.0,182.07,832.87,1.0
50599,1,11.0,Mobile Phone,1,21.0,Debit Card,Male,2.0,4,Mobile Phone,3,Single,3,1,17.0,3.0,3.0,0.0,205.19,1050.72,1.0
50600,0,18.0,Computer,3,12.0,Debit Card,Male,4.0,4,Mobile Phone,4,Divorced,7,0,15.0,1.0,3.0,4.0,213.91,1067.86,0.333
50601,0,,Mobile Phone,1,19.0,Credit Card,Male,3.0,2,Fashion,2,Divorced,6,0,11.0,0.0,3.0,0.0,158.53,825.41,0.0
50602,1,9.0,Mobile Phone,3,14.0,Credit Card,Female,3.0,5,Laptop & Accessory,3,Married,4,1,19.0,1.0,2.0,4.0,181.43,931.43,0.5
50603,0,15.0,Mobile Phone,1,17.0,Debit Card,Female,3.0,5,Mobile Phone,5,Divorced,5,0,13.0,0.0,1.0,3.0,109.64,565.63,0.0
50604,1,3.0,Mobile Phone,2,16.0,Debit Card,Male,3.0,3,Laptop & Accessory,2,Divorced,1,0,13.0,0.0,1.0,2.0,225.49,1005.86,0.0
50605,1,23.0,Mobile Phone,1,18.0,E wallet,Male,3.0,4,Mobile Phone,3,Divorced,4,1,15.0,4.0,7.0,2.0,210.05,1233.19,0.571
50606,0,22.0,Computer,1,8.0,UPI,Male,3.0,6,Mobile Phone,3,Married,7,0,14.0,3.0,5.0,3.0,128.33,824.65,0.6
50607,1,13.0,Phone,3,9.0,Debit Card,Male,,3,Laptop & Accessory,3,Divorced,10,1,19.0,0.0,1.0,3.0,152.74,777.41,0.0
50608,0,12.0,Computer,1,12.0,Debit Card,Male,2.0,2,Laptop & Accessory,4,Married,3,0,13.0,,1.0,2.0,174.38,811.64,0.0
50609,0,10.0,Computer,1,12.0,Credit Card,Male,4.0,4,Laptop & Accessory,3,Divorced,2,0,16.0,0.0,1.0,,183.74,871.21,0.0
50610,0,20.0,Mobile Phone,1,23.0,E wallet,Male,4.0,3,Mobile Phone,4,Single,2,0,17.0,0.0,1.0,2.0,142.29,721.7,0.0
50611,1,16.0,Mobile Phone,1,10.0,E wallet,Male,2.0,6,Mobile Phone,3,Married,3,1,11.0,2.0,4.0,5.0,193.0,1001.4,0.5
50612,0,8.0,Mobile Phone,1,7.0,E wallet,Female,2.0,3,Others,2,Divorced,9,0,16.0,0.0,2.0,2.0,233.14,1103.93,0.0
50613,0,4.0,Computer,1,8.0,UPI,Female,2.0,1,Laptop & Accessory,5,Married,4,0,12.0,1.0,,2.0,122.15,785.17,0.2
50614,1,3.0,Mobile Phone,1,8.0,Debit Card,Male,4.0,3,Laptop & Accessory,2,Married,3,0,17.0,3.0,8.0,10.0,77.83,791.75,0.375
50615,0,20.0,Mobile Phone,1,21.0,Debit Card,Female,2.0,4,Mobile Phone,3,Divorced,3,0,,0.0,1.0,1.0,219.52,967.18,0.0
50616,1,9.0,Mobile Phone,1,13.0,Credit Card,Male,2.0,1,Laptop & Accessory,1,Married,9,0,20.0,1.0,2.0,1.0,166.28,881.86,0.5
50617,0,13.0,Mobile Phone,3,20.0,E wallet,Male,2.0,3,Laptop & Accessory,5,Single,6,0,14.0,3.0,4.0,7.0,159.41,897.76,0.75
50618,0,10.0,Mobile Phone,3,11.0,Credit Card,Female,3.0,2,Mobile Phone,5,Single,2,0,16.0,2.0,3.0,,125.4,739.52,0.667
50619,1,3.0,Mobile Phone,1,31.0,COD,Female,4.0,4,Grocery,3,Single,2,1,16.0,1.0,1.0,1.0,215.35,991.33,1.0
50620,0,3.0,Phone,1,54.0,E wallet,Male,3.0,5,Fashion,2,Married,5,0,14.0,3.0,9.0,2.0,94.57,876.37,0.333
50621,0,7.0,Computer,1,18.0,E wallet,Male,2.0,4,Laptop & Accessory,4,Single,4,0,13.0,2.0,3.0,2.0,185.62,944.36,0.667
50622,0,8.0,Mobile Phone,3,29.0,Debit Card,Female,3.0,4,Laptop & Accessory,2,Single,6,0,,0.0,1.0,6.0,272.26,1207.59,0.0
50623,0,8.0,Mobile Phone,2,14.0,Debit Card,Female,,3,Mobile Phone,4,Single,5,0,20.0,1.0,2.0,1.0,201.34,1015.09,0.5
50624,0,8.0,Computer,3,38.0,E wallet,Female,2.0,3,Laptop & Accessory,5,Divorced,7,0,17.0,0.0,,5.0,235.6,1076.28,0.0
50625,0,31.0,Mobile Phone,1,,Debit Card,Female,4.0,3,Mobile Phone,4,Single,3,0,14.0,2.0,3.0,2.0,222.87,1093.91,0.667
50626,1,18.0,Computer,1,63.0,Debit Card,Male,4.0,4,Mobile Phone,5,Single,5,1,20.0,0.0,1.0,9.0,208.28,996.46,0.0
50627,0,11.0,Mobile Phone,1,17.0,UPI,Male,4.0,4,Laptop & Accessory,2,Married,4,0,22.0,1.0,1.0,9.0,121.04,680.95,1.0
50628,0,9.0,Phone,1,23.0,UPI,Female,3.0,4,Laptop & Accessory,5,Single,5,0,14.0,0.0,1.0,1.0,232.5,1040.5,0.0
50629,0,10.0,Phone,1,14.0,Debit Card,Male,,5,Grocery,2,Single,3,0,17.0,2.0,6.0,4.0,79.57,708.37,0.333
50630,1,15.0,Phone,1,9.0,E wallet,Male,3.0,4,Mobile Phone,2,Single,4,1,17.0,3.0,,8.0,180.32,1046.22,0.6
50631,1,9.0,Computer,2,10.0,Debit Card,Female,2.0,2,Fashion,5,Married,1,0,21.0,2.0,5.0,0.0,123.76,863.29,0.4
50632,0,17.0,Mobile Phone,1,32.0,Debit Card,Male,2.0,3,Mobile Phone,3,Single,7,0,18.0,3.0,4.0,4.0,159.16,928.81,0.75
50633,1,12.0,Mobile Phone,3,6.0,Credit Card,Male,2.0,5,Mobile Phone,5,Divorced,4,1,19.0,2.0,8.0,17.0,97.26,881.59,0.25
50634,0,31.0,Mobile Phone,1,,E wallet,Male,4.0,5,Laptop & Accessory,5,Single,8,1,23.0,0.0,1.0,2.0,178.07,905.67,0.0
50635,0,9.0,Computer,3,11.0,Debit Card,Male,3.0,3,Fashion,4,Divorced,3,0,16.0,,4.0,6.0,133.48,815.22,0.75
50636,1,19.0,Mobile Phone,3,11.0,Debit Card,Female,2.0,4,Fashion,2,Married,5,1,18.0,1.0,3.0,7.0,176.61,950.12,0.333
50637,1,4.0,Computer,3,31.0,Debit Card,Male,2.0,3,Laptop & Accessory,4,Married,4,1,17.0,1.0,3.0,6.0,151.36,846.17,0.333
50638,1,6.0,Mobile Phone,3,,COD,Male,4.0,2,Laptop & Accessory,1,Single,4,0,15.0,2.0,2.0,13.0,181.18,898.48,1.0
50639,1,29.0,Mobile Phone,3,16.0,Credit Card,Male,4.0,4,Mobile Phone,2,Married,5,0,11.0,,3.0,7.0,91.07,569.07,0.333
50640,0,17.0,Phone,1,9.0,Credit Card,Male,3.0,5,Mobile Phone,4,Married,4,0,11.0,1.0,1.0,12.0,81.64,443.23,1.0
50641,0,13.0,Mobile Phone,1,13.0,Debit Card,Male,2.0,3,Mobile Phone,5,Married,2,0,11.0,2.0,2.0,1.0,198.64,932.83,1.0
50642,0,36.0,Mobile Phone,2,11.0,Credit Card,Male,3.0,1,Mobile Phone,4,Married,5,0,17.0,1.0,9.0,4.0,138.88,1068.74,0.111
50643,0,9.0,Mobile Phone,2,10.0,Credit Card,Female,3.0,4,Mobile Phone,3,Single,3,0,18.0,1.0,3.0,2.0,167.43,915.23,0.333
50644,0,19.0,Mobile Phone,3,6.0,E wallet,Female,4.0,3,Mobile Phone,5,Married,7,0,11.0,2.0,3.0,6.0,227.89,1088.98,0.667
50645,0,20.0,Phone,1,14.0,Debit Card,Male,2.0,2,Mobile Phone,5,Single,10,0,13.0,0.0,1.0,1.0,114.09,582.54,0.0
50646,0,25.0,Phone,1,9.0,COD,Male,3.0,2,Laptop & Accessory,3,Divorced,4,0,15.0,3.0,5.0,1.0,189.49,1065.06,0.6
50647,1,4.0,Mobile Phone,2,18.0,Credit Card,Male,2.0,2,Laptop & Accessory,2,Married,4,0,21.0,4.0,6.0,1.0,243.85,1364.63,0.667
50648,0,9.0,Mobile Phone,3,10.0,Debit Card,Male,3.0,4,Mobile Phone,2,Single,5,0,14.0,0.0,1.0,1.0,255.9,1129.42,0.0
50649,0,12.0,Mobile Phone,1,12.0,Debit Card,Male,2.0,3,Fashion,3,Married,7,0,21.0,1.0,2.0,1.0,129.56,750.33,0.5
50650,0,25.0,Mobile Phone,1,6.0,Credit Card,Male,4.0,2,Fashion,1,Married,2,0,11.0,0.0,3.0,7.0,188.15,937.97,0.0
50651,1,13.0,Computer,1,64.0,UPI,Male,2.0,5,Fashion,3,Single,6,0,19.0,4.0,5.0,4.0,195.27,1119.03,0.8
50652,0,20.0,Computer,1,14.0,E wallet,Female,3.0,5,Mobile Phone,4,Married,2,0,11.0,0.0,2.0,2.0,134.92,690.7,0.0
50653,0,4.0,Mobile Phone,1,5.0,Credit Card,Female,3.0,2,Laptop & Accessory,3,Single,6,0,15.0,1.0,2.0,1.0,186.5,918.7,0.5
50654,0,8.0,Mobile Phone,1,14.0,Debit Card,Female,4.0,3,Mobile Phone,5,Married,3,1,12.0,0.0,1.0,7.0,141.33,678.05,0.0
50655,0,22.0,Computer,3,30.0,Debit Card,Male,3.0,3,Laptop & Accessory,3,Married,4,0,15.0,,2.0,10.0,86.71,539.5,0.0
50656,1,9.0,Mobile Phone,1,23.0,Credit Card,Male,2.0,2,Mobile Phone,1,Married,4,1,14.0,0.0,1.0,9.0,172.28,811.66,0.0
50657,1,10.0,Mobile Phone,1,19.0,E wallet,Male,2.0,2,Laptop & Accessory,3,Married,5,1,13.0,4.0,12.0,12.0,205.27,1424.03,0.333
50658,0,25.0,Phone,3,7.0,E wallet,Female,3.0,3,Laptop & Accessory,5,Married,4,0,15.0,2.0,3.0,7.0,157.49,853.46,0.667
50659,1,5.0,Mobile Phone,3,18.0,Debit Card,Male,3.0,5,Mobile Phone,1,Single,3,0,16.0,1.0,1.0,5.0,271.68,1205.38,1.0
50660,1,6.0,Mobile Phone,3,22.0,Debit Card,Male,2.0,5,Laptop & Accessory,2,Married,3,1,11.0,5.0,12.0,3.0,127.84,1113.79,0.417
50661,1,3.0,Computer,1,15.0,Credit Card,Male,3.0,4,Mobile Phone,4,Married,3,0,12.0,1.0,3.0,2.0,198.9,986.82,0.333
50662,0,25.0,Phone,3,32.0,UPI,Female,2.0,4,Mobile Phone,3,Single,4,0,21.0,0.0,4.0,0.0,84.55,669.29,0.0
50663,0,18.0,Mobile Phone,1,9.0,Credit Card,Male,4.0,4,Fashion,4,Single,2,0,15.0,3.0,9.0,8.0,147.55,1085.69,0.333
50664,0,18.0,Mobile Phone,2,8.0,Debit Card,Male,1.0,3,Laptop & Accessory,3,Married,4,0,16.0,2.0,,3.0,231.0,1185.8,0.5
50665,1,8.0,Mobile Phone,1,29.0,Debit Card,Female,2.0,3,Laptop & Accessory,5,Married,2,1,12.0,3.0,7.0,9.0,119.66,865.71,0.429
50666,0,3.0,Phone,1,17.0,Debit Card,Male,2.0,4,Fashion,3,Married,6,0,16.0,1.0,2.0,2.0,73.68,497.98,0.5
50667,1,2.0,Mobile Phone,1,5.0,Credit Card,Male,3.0,4,Laptop & Accessory,1,Single,7,0,13.0,0.0,,2.0,97.6,519.88,0.0
50668,1,22.0,Mobile Phone,1,10.0,E wallet,Male,2.0,2,Grocery,3,Married,5,1,18.0,2.0,8.0,0.0,217.12,1329.06,0.25
50669,1,14.0,Computer,3,28.0,COD,Female,3.0,3,Laptop & Accessory,3,Single,4,1,14.0,1.0,2.0,3.0,267.11,1217.02,0.5
50670,0,16.0,Mobile Phone,1,5.0,Credit Card,Male,3.0,5,Mobile Phone,5,Divorced,6,1,15.0,1.0,4.0,3.0,74.81,584.28,0.25
50671,0,12.0,Mobile Phone,1,5.0,Debit Card,Male,1.0,3,Laptop & Accessory,4,Married,1,1,23.0,0.0,2.0,5.0,216.31,1095.98,0.0
50672,0,6.0,Mobile Phone,1,9.0,Credit Card,Female,4.0,3,Mobile Phone,4,Married,1,0,17.0,,4.0,6.0,148.37,879.81,0.5
50673,0,8.0,Mobile Phone,1,34.0,E wallet,Male,4.0,3,Grocery,3,Married,3,1,15.0,0.0,1.0,2.0,217.9,993.02,0.0
50674,1,5.0,Mobile Phone,3,33.0,Debit Card,Female,3.0,3,Mobile Phone,4,Married,9,1,16.0,0.0,1.0,,149.53,741.21,0.0
50675,1,4.0,Computer,3,14.0,E wallet,Female,4.0,2,Mobile Phone,1,Single,5,0,20.0,3.0,6.0,3.0,227.44,1294.27,0.5
50676,1,17.0,Computer,3,15.0,E wallet,Male,2.0,3,Laptop & Accessory,1,Married,5,0,11.0,0.0,2.0,4.0,164.47,802.99,0.0
50677,0,3.0,Mobile Phone,1,,Credit Card,Male,2.0,4,Grocery,3,Married,7,0,15.0,0.0,1.0,,105.44,565.67,0.0
50678,0,5.0,Mobile Phone,1,8.0,Credit Card,Female,3.0,3,Mobile Phone,4,Divorced,3,0,16.0,1.0,6.0,9.0,134.06,907.43,0.167
50679,0,8.0,Phone,1,25.0,E wallet,Female,4.0,4,Laptop & Accessory,3,Married,5,0,16.0,10.0,16.0,5.0,138.8,1375.44,0.625
50680,1,10.0,Mobile Phone,1,6.0,Credit Card,Female,3.0,2,Laptop & Accessory,3,Married,4,1,13.0,0.0,3.0,2.0,126.2,718.56,0.0
50681,0,3.0,Mobile Phone,1,13.0,Debit Card,Male,1.0,1,Laptop & Accessory,5,Married,4,1,15.0,2.0,2.0,6.0,207.86,999.87,1.0
50682,0,13.0,Computer,2,17.0,Debit Card,Female,3.0,4,Laptop & Accessory,3,Single,4,0,11.0,4.0,6.0,10.0,139.84,889.39,0.667
50683,1,11.0,Mobile Phone,1,6.0,Debit Card,Male,1.0,4,Grocery,4,Married,2,1,18.0,1.0,1.0,8.0,174.52,852.18,1.0
50684,0,22.0,Mobile Phone,1,14.0,E wallet,Male,2.0,4,Laptop & Accessory,5,Married,2,0,12.0,2.0,3.0,0.0,188.64,947.83,0.667
50685,0,11.0,Mobile Phone,1,15.0,Credit Card,Female,3.0,1,Laptop & Accessory,3,Divorced,4,0,,1.0,,0.0,234.1,1253.58,0.25
50686,0,14.0,Mobile Phone,1,21.0,Credit Card,Female,3.0,3,Mobile Phone,4,Married,2,1,16.0,3.0,4.0,5.0,107.78,717.56,0.75
50687,1,6.0,Mobile Phone,2,8.0,E wallet,Male,1.0,4,Mobile Phone,3,Single,3,1,12.0,2.0,4.0,18.0,148.04,838.55,0.5
50688,1,6.0,Mobile Phone,1,9.0,Debit Card,Female,2.0,2,Laptop & Accessory,1,Single,4,1,11.0,2.0,4.0,4.0,172.54,923.65,0.5
50689,0,4.0,Mobile Phone,1,15.0,E wallet,Male,3.0,4,Laptop & Accessory,5,Married,6,0,14.0,1.0,1.0,3.0,231.42,1036.4,1.0
50690,0,6.0,Phone,1,54.0,Credit Card,Male,3.0,3,Laptop & Accessory,5,Single,2,0,17.0,0.0,2.0,4.0,148.78,791.36,0.0
50691,0,8.0,Mobile Phone,3,8.0,Debit Card,Female,3.0,4,Mobile Phone,3,Divorced,8,0,17.0,0.0,1.0,3.0,171.85,834.03,0.0
50692,1,21.0,Mobile Phone,3,56.0,Debit Card,Male,3.0,4,Mobile Phone,3,Married,2,1,12.0,1.0,1.0,1.0,167.8,778.64,1.0
50693,0,5.0,Phone,2,20.0,COD,Female,2.0,3,Grocery,3,Married,3,0,26.0,3.0,4.0,1.0,163.32,1008.62,0.75
50694,0,32.0,Computer,1,26.0,E wallet,Female,2.0,3,Mobile Phone,5,Married,5,0,19.0,1.0,4.0,2.0,274.13,1373.69,0.25
50695,1,15.0,Mobile Phone,1,6.0,Debit Card,Male,4.0,4,Mobile Phone,5,Married,5,1,21.0,1.0,1.0,,242.1,1132.98,1.0
50696,1,13.0,Mobile Phone,1,9.0,COD,Female,3.0,4,Grocery,1,Married,6,1,17.0,0.0,2.0,8.0,213.12,1035.86,0.0
50697,0,10.0,Mobile Phone,3,6.0,E wallet,Male,3.0,1,Mobile Phone,4,Married,6,0,12.0,0.0,1.0,0.0,230.08,1015.3,0.0
50698,0,9.0,Phone,3,,Debit Card,Male,4.0,3,Mobile Phone,4,Married,2,0,16.0,1.0,2.0,3.0,186.52,926.78,0.5
50699,1,7.0,Mobile Phone,3,53.0,Debit Card,Female,3.0,3,Laptop & Accessory,1,Divorced,3,0,15.0,1.0,1.0,3.0,135.51,679.94,1.0
50700,0,3.0,Mobile Phone,1,6.0,Debit Card,Female,1.0,3,Mobile Phone,3,Married,1,0,18.0,2.0,2.0,15.0,210.22,1032.84,1.0
50701,1,5.0,Mobile Phone,3,15.0,Credit Card,Male,,2,Mobile Phone,2,Married,3,1,14.0,2.0,3.0,8.0,90.21,589.8,0.667
50702,0,25.0,Mobile Phone,1,5.0,Credit Card,Male,1.0,5,Mobile Phone,5,Divorced,5,0,14.0,2.0,4.0,2.0,243.48,1217.22,0.5
50703,1,14.0,Mobile Phone,3,20.0,Debit Card,Male,,3,Mobile Phone,1,Single,8,1,11.0,2.0,2.0,,135.13,691.49,1.0
50704,0,,Mobile Phone,1,8.0,Credit Card,Male,3.0,5,Mobile Phone,5,Divorced,3,0,16.0,3.0,7.0,5.0,113.57,874.57,0.429
50705,0,6.0,Computer,1,7.0,Debit Card,Male,3.0,4,Fashion,5,Single,3,0,12.0,0.0,1.0,5.0,135.99,657.76,0.0
50706,1,4.0,Phone,1,10.0,Debit Card,Male,3.0,2,Mobile Phone,1,Single,3,0,15.0,1.0,2.0,11.0,210.43,1009.63,0.5
50707,0,10.0,Mobile Phone,1,23.0,Credit Card,Male,3.0,2,Laptop & Accessory,4,Married,1,0,14.0,4.0,6.0,4.0,241.59,1300.04,0.667
50708,1,5.0,Mobile Phone,1,6.0,Debit Card,Female,3.0,4,Mobile Phone,3,Married,2,1,11.0,1.0,1.0,1.0,248.7,1078.06,1.0
50709,1,11.0,Mobile Phone,3,8.0,Credit Card,Male,4.0,3,Grocery,5,Married,2,0,13.0,2.0,4.0,5.0,178.54,962.45,0.5
50710,0,3.0,Mobile Phone,1,5.0,COD,Male,2.0,1,Mobile Phone,5,Single,8,0,13.0,0.0,1.0,1.0,92.09,498.94,0.0
50711,0,2.0,Computer,1,46.0,Debit Card,Female,4.0,5,Laptop & Accessory,4,Single,2,0,17.0,2.0,9.0,1.0,192.13,1271.09,0.222
50712,0,12.0,Computer,1,16.0,Debit Card,Male,2.0,3,Others,5,Single,5,1,12.0,3.0,4.0,4.0,195.78,1019.96,0.75
50713,0,26.0,Mobile Phone,1,20.0,Debit Card,Female,2.0,3,Laptop & Accessory,2,Single,4,0,18.0,3.0,3.0,1.0,263.13,1278.89,1.0
50714,0,13.0,Mobile Phone,3,18.0,Credit Card,Male,4.0,3,Others,3,Married,3,0,18.0,1.0,5.0,4.0,221.37,1210.21,0.2
50715,0,14.0,Mobile Phone,1,7.0,E wallet,Male,3.0,4,Laptop & Accessory,5,Married,4,0,14.0,2.0,3.0,8.0,107.89,656.98,0.667
50716,1,10.0,Phone,1,16.0,Credit Card,Male,2.0,2,Others,1,Married,6,0,15.0,0.0,1.0,1.0,102.61,554.92,0.0
50717,1,11.0,Phone,3,7.0,Credit Card,Male,3.0,3,Laptop & Accessory,5,Married,13,0,16.0,1.0,1.0,,225.46,1029.75,1.0
50718,1,3.0,Computer,3,11.0,Debit Card,Male,2.0,3,Mobile Phone,4,Divorced,2,0,14.0,0.0,3.0,0.0,111.96,672.45,0.0
50719,0,6.0,Phone,1,15.0,Debit Card,Male,3.0,4,Fashion,3,Single,2,0,,2.0,2.0,15.0,255.25,1195.95,1.0
50720,1,20.0,Mobile Phone,3,15.0,Debit Card,Male,3.0,4,Mobile Phone,3,Single,7,1,,3.0,6.0,0.0,222.36,1266.97,0.5
50721,0,8.0,Phone,2,7.0,Credit Card,Male,4.0,3,Fashion,2,Divorced,6,1,20.0,,2.0,12.0,148.19,813.12,0.5
50722,1,20.0,Phone,3,5.0,Debit Card,Male,1.0,4,Mobile Phone,1,Married,3,0,20.0,1.0,2.0,17.0,174.29,912.3,0.5
50723,0,11.0,Mobile Phone,1,24.0,E wallet,Female,2.0,3,Laptop & Accessory,3,Divorced,6,0,16.0,2.0,2.0,0.0,103.48,611.22,1.0
50724,0,11.0,Mobile Phone,3,21.0,Credit Card,Female,2.0,3,Laptop & Accessory,5,Married,10,0,13.0,1.0,1.0,3.0,171.07,799.07,1.0
50725,0,8.0,Phone,1,6.0,Debit Card,Female,2.0,6,Mobile Phone,3,Married,7,0,20.0,0.0,1.0,5.0,141.99,744.56,0.0
50726,1,15.0,Phone,1,7.0,Credit Card,Female,4.0,3,Mobile Phone,3,Single,3,0,15.0,,3.0,0.0,180.08,939.3,0.333
50727,1,18.0,Phone,1,32.0,COD,Male,4.0,6,Laptop & Accessory,3,Divorced,2,1,17.0,1.0,,3.0,149.33,793.45,0.5
50728,0,5.0,Phone,1,23.0,Debit Card,Male,3.0,4,Laptop & Accessory,2,Single,5,0,11.0,0.0,2.0,2.0,191.61,906.12,0.0
50729,1,3.0,Phone,3,72.0,Debit Card,Female,3.0,2,Mobile Phone,5,Single,3,1,22.0,4.0,7.0,3.0,227.95,1357.21,0.571
50730,1,2.0,Phone,1,9.0,Credit Card,Male,4.0,4,Fashion,1,Single,4,0,22.0,2.0,4.0,4.0,110.14,774.53,0.5
50731,0,14.0,Mobile Phone,1,13.0,Credit Card,Male,2.0,2,Fashion,3,Married,3,0,11.0,0.0,2.0,6.0,123.94,648.97,0.0
50732,0,13.0,Phone,1,8.0,Debit Card,Male,2.0,3,Laptop & Accessory,4,Single,5,0,14.0,3.0,4.0,1.0,252.5,1251.5,0.75
50733,0,37.0,Mobile Phone,1,17.0,UPI,Male,2.0,4,Grocery,3,Divorced,4,0,13.0,4.0,9.0,23.0,231.75,1389.65,0.444
50734,1,10.0,Mobile Phone,3,6.0,Credit Card,Male,4.0,4,Grocery,3,Divorced,5,1,11.0,,1.0,1.0,91.98,482.52,1.0
50735,0,9.0,Mobile Phone,1,7.0,UPI,Female,3.0,3,Laptop & Accessory,5,Married,6,0,12.0,0.0,6.0,18.0,137.66,889.11,0.0
50736,0,12.0,Phone,1,6.0,Debit Card,Female,3.0,4,Mobile Phone,4,Married,3,0,24.0,2.0,2.0,5.0,323.27,1510.43,1.0
50737,0,12.0,Phone,2,19.0,E wallet,Male,2.0,5,Mobile Phone,3,Divorced,6,0,17.0,3.0,4.0,5.0,231.34,1195.09,0.75
50738,0,9.0,Computer,3,13.0,Debit Card,Female,3.0,2,Mobile Phone,5,Divorced,3,0,21.0,2.0,3.0,11.0,158.15,903.97,0.667
50739,0,6.0,Mobile Phone,1,17.0,Debit Card,Male,4.0,4,Mobile Phone,2,Divorced,5,0,15.0,2.0,3.0,10.0,177.22,928.44,0.667
50740,0,10.0,Mobile Phone,1,,UPI,Female,3.0,3,Mobile Phone,3,Divorced,5,0,11.0,3.0,6.0,1.0,121.29,818.9,0.5
50741,0,10.0,Mobile Phone,3,21.0,Debit Card,Female,3.0,2,Laptop & Accessory,5,Single,3,0,14.0,2.0,3.0,5.0,224.63,1100.59,0.667
50742,1,10.0,Mobile Phone,2,12.0,COD,Male,3.0,5,Laptop & Accessory,5,Single,4,1,15.0,1.0,1.0,3.0,185.97,871.69,1.0
50743,0,16.0,Phone,2,55.0,Credit Card,Female,3.0,3,Laptop & Accessory,3,Married,4,0,14.0,1.0,3.0,3.0,128.79,736.4,0.333
50744,0,10.0,Mobile Phone,3,12.0,COD,Male,3.0,4,Fashion,2,Single,2,0,11.0,1.0,1.0,0.0,130.64,629.43,1.0
50745,1,3.0,Phone,3,6.0,Credit Card,Male,3.0,3,Laptop & Accessory,3,Single,2,1,19.0,2.0,8.0,3.0,147.27,1071.63,0.25
50746,0,6.0,Phone,3,64.0,E wallet,Female,3.0,3,Fashion,5,Married,2,0,12.0,0.0,1.0,0.0,218.29,970.5,0.0
50747,0,9.0,Mobile Phone,3,5.0,Debit Card,Female,2.0,4,Mobile Phone,4,Married,1,0,14.0,0.0,1.0,1.0,178.64,835.83,0.0
50748,1,10.0,Computer,1,15.0,Credit Card,Female,4.0,1,Mobile Phone,4,Married,6,0,,0.0,1.0,0.0,144.13,736.69,0.0
50749,0,14.0,Mobile Phone,1,9.0,E wallet,Female,4.0,3,Fashion,3,Divorced,5,0,12.0,3.0,5.0,2.0,147.14,880.13,0.6
50750,1,10.0,Mobile Phone,1,13.0,E wallet,Female,3.0,5,Laptop & Accessory,4,Married,2,0,15.0,2.0,6.0,12.0,199.32,1147.42,0.333
50751,1,2.0,Computer,1,15.0,Debit Card,Female,2.0,5,Laptop & Accessory,5,Married,5,0,17.0,1.0,1.0,7.0,142.97,724.29,1.0
50752,1,4.0,Computer,3,8.0,Credit Card,Female,3.0,3,Others,3,Single,4,1,23.0,1.0,2.0,0.0,238.3,1179.54,0.5
50753,0,,Mobile Phone,3,15.0,Credit Card,Male,3.0,2,Mobile Phone,2,Married,4,0,15.0,2.0,2.0,6.0,126.4,690.32,1.0
50754,0,8.0,Mobile Phone,2,22.0,Debit Card,Male,2.0,3,Laptop & Accessory,3,Single,5,0,18.0,,4.0,6.0,144.76,874.09,0.5
50755,1,11.0,Mobile Phone,3,9.0,Credit Card,Male,1.0,4,Laptop & Accessory,3,Single,4,1,14.0,1.0,1.0,7.0,162.23,773.47,1.0
50756,0,8.0,Mobile Phone,1,11.0,E wallet,Male,4.0,2,Fashion,3,Single,10,0,21.0,1.0,1.0,5.0,203.56,986.53,1.0
50757,1,6.0,Computer,2,9.0,Debit Card,Female,3.0,2,Mobile Phone,1,Married,4,0,11.0,0.0,1.0,0.0,221.4,974.32,0.0
50758,0,8.0,Phone,1,26.0,Credit Card,Male,4.0,4,Laptop & Accessory,3,Married,4,0,11.0,2.0,2.0,5.0,126.17,657.45,1.0
50759,0,11.0,Mobile Phone,1,20.0,COD,Male,3.0,3,Grocery,5,Married,6,0,16.0,1.0,3.0,1.0,182.71,957.3,0.333
50760,0,10.0,Computer,1,30.0,Debit Card,Female,3.0,2,Mobile Phone,3,Divorced,5,0,13.0,4.0,9.0,4.0,205.44,1289.67,0.444
50761,0,17.0,Mobile Phone,3,7.0,Credit Card,Male,3.0,2,Others,5,Single,3,0,18.0,1.0,2.0,5.0,185.3,938.14,0.5
50762,0,3.0,Mobile Phone,1,6.0,E wallet,Male,3.0,4,Laptop & Accessory,4,Married,8,0,19.0,1.0,2.0,1.0,200.22,1002.84,0.5
50763,1,3.0,Computer,3,7.0,E wallet,Male,4.0,3,Mobile Phone,3,Single,5,0,11.0,0.0,1.0,3.0,207.8,922.64,0.0
50764,0,,Computer,1,7.0,E wallet,Female,5.0,2,Laptop & Accessory,2,Divorced,3,0,20.0,0.0,1.0,1.0,138.85,732.63,0.0
50765,1,14.0,Computer,1,,E wallet,Male,4.0,4,Mobile Phone,4,Married,4,0,,0.0,7.0,7.0,125.8,929.04,0.0
50766,1,16.0,Mobile Phone,1,47.0,Debit Card,Female,3.0,4,Laptop & Accessory,3,Single,7,0,23.0,1.0,1.0,,122.48,694.42,1.0
50767,0,6.0,Phone,1,,Credit Card,Male,3.0,1,Laptop & Accessory,5,Single,8,1,,1.0,1.0,,147.22,716.44,1.0
50768,0,1.0,Mobile Phone,3,43.0,E wallet,Female,3.0,3,Laptop & Accessory,1,Married,4,0,18.0,0.0,1.0,4.0,215.12,1006.46,0.0
50769,0,7.0,Phone,1,5.0,Debit Card,Male,4.0,3,Laptop & Accessory,1,Single,2,0,18.0,2.0,3.0,0.0,198.28,1032.46,0.667
50770,0,13.0,Computer,3,36.0,Debit Card,Male,3.0,3,Others,2,Divorced,5,0,21.0,1.0,2.0,2.0,123.85,728.63,0.5
50771,0,10.0,Mobile Phone,3,7.0,E wallet,Male,2.0,3,Laptop & Accessory,4,Married,4,1,11.0,,3.0,1.0,97.95,595.21,0.667
50772,0,14.0,Phone,3,34.0,E wallet,Male,3.0,3,Mobile Phone,5,Single,3,0,11.0,4.0,9.0,5.0,130.78,989.96,0.444
50773,0,,Mobile Phone,1,6.0,Credit Card,Male,4.0,4,Mobile Phone,2,Married,7,1,19.0,1.0,1.0,14.0,181.78,887.76,1.0
50774,0,9.0,Mobile Phone,3,41.0,COD,Male,3.0,3,Mobile Phone,4,Married,1,0,21.0,1.0,1.0,7.0,123.05,680.59,1.0
50775,0,7.0,Phone,1,8.0,E wallet,Male,3.0,3,Fashion,2,Married,2,0,18.0,1.0,2.0,2.0,264.8,1240.24,0.5
50776,0,5.0,Mobile Phone,1,9.0,COD,Female,2.0,2,Fashion,3,Married,2,0,11.0,0.0,1.0,5.0,209.66,929.71,0.0
50777,1,3.0,Phone,1,13.0,UPI,Male,4.0,5,Grocery,1,Married,7,0,14.0,1.0,,27.0,156.74,842.61,0.333
50778,1,2.0,Mobile Phone,3,,Credit Card,Female,3.0,2,Fashion,3,Married,5,1,19.0,0.0,4.0,0.0,243.83,1258.55,0.0
50779,0,6.0,Computer,1,18.0,E wallet,Female,3.0,4,Fashion,3,Single,4,0,14.0,,4.0,1.0,141.03,827.91,0.25
50780,1,18.0,Mobile Phone,1,,Credit Card,Male,3.0,2,Mobile Phone,1,Married,4,0,,1.0,1.0,0.0,180.19,849.72,1.0
50781,0,15.0,Mobile Phone,1,,E wallet,Male,4.0,4,Mobile Phone,4,Married,6,0,21.0,3.0,5.0,5.0,126.25,872.75,0.6
50782,0,7.0,Mobile Phone,1,20.0,E wallet,Female,4.0,2,Mobile Phone,4,Married,2,1,18.0,2.0,2.0,8.0,165.59,863.24,1.0
50783,0,32.0,Computer,1,6.0,Debit Card,Female,4.0,3,Laptop & Accessory,4,Single,4,0,16.0,2.0,4.0,2.0,173.53,967.41,0.5
50784,0,6.0,Phone,3,17.0,Debit Card,Female,2.0,4,Laptop & Accessory,3,Married,5,0,17.0,3.0,8.0,2.0,161.7,1110.46,0.375
50785,0,21.0,Phone,1,12.0,Debit Card,Female,2.0,3,Laptop & Accessory,4,Married,2,0,18.0,2.0,2.0,2.0,116.42,676.4,1.0
50786,0,24.0,Mobile Phone,3,31.0,E wallet,Male,4.0,3,Laptop & Accessory,3,Single,1,0,15.0,0.0,2.0,4.0,153.72,794.14,0.0
50787,0,13.0,Mobile Phone,2,11.0,E wallet,Male,4.0,2,Mobile Phone,5,Married,2,0,18.0,1.0,1.0,1.0,136.75,708.65,1.0
50788,0,6.0,Mobile Phone,3,19.0,Credit Card,Female,2.0,3,Laptop & Accessory,5,Divorced,5,1,12.0,1.0,1.0,1.0,173.67,800.95,1.0
50789,0,8.0,Phone,1,8.0,Credit Card,Female,,4,Mobile Phone,4,Single,4,1,19.0,0.0,4.0,0.0,176.13,1001.29,0.0
50790,0,11.0,Mobile Phone,1,9.0,E wallet,Female,3.0,1,Grocery,5,Married,4,0,14.0,1.0,4.0,1.0,176.6,963.08,0.25
50791,0,3.0,Computer,1,11.0,Debit Card,Female,3.0,2,Mobile Phone,5,Married,3,0,12.0,1.0,2.0,8.0,129.16,676.81,0.5
50792,0,5.0,Phone,1,9.0,Debit Card,Male,3.0,3,Laptop & Accessory,2,Married,8,0,20.0,0.0,4.0,1.0,220.06,1176.23,0.0
50793,0,4.0,Mobile Phone,3,9.0,Credit Card,Female,1.0,1,Laptop & Accessory,5,Married,4,0,,0.0,1.0,,224.56,1034.33,0.0
50794,1,14.0,Mobile Phone,1,6.0,UPI,Female,2.0,2,Grocery,2,Married,4,1,16.0,0.0,1.0,5.0,248.7,1118.06,0.0
50795,1,20.0,Phone,3,27.0,E wallet,Male,4.0,3,Grocery,1,Single,3,1,17.0,0.0,1.0,1.0,143.82,727.52,0.0
50796,0,15.0,Mobile Phone,3,6.0,Debit Card,Male,2.0,2,Grocery,5,Divorced,5,0,11.0,2.0,2.0,3.0,208.03,968.51,1.0
50797,1,18.0,Mobile Phone,1,31.0,Debit Card,Male,3.0,4,Laptop & Accessory,2,Married,5,1,18.0,0.0,1.0,1.0,104.77,587.13,0.0
50798,1,6.0,Mobile Phone,2,7.0,Credit Card,Female,3.0,2,Mobile Phone,4,Married,4,1,15.0,4.0,5.0,11.0,172.21,999.4,0.8
50799,0,8.0,Phone,1,6.0,E wallet,Male,3.0,4,Others,5,Married,4,0,21.0,2.0,3.0,0.0,194.08,1040.5,0.667
50800,1,8.0,Phone,1,15.0,Credit Card,Male,2.0,4,Laptop & Accessory,1,Married,5,1,25.0,2.0,5.0,4.0,220.53,1263.01,0.4
50801,0,,Mobile Phone,2,13.0,Credit Card,Male,2.0,2,Laptop & Accessory,2,Married,5,0,17.0,3.0,3.0,10.0,165.83,901.15,1.0
50802,1,6.0,Mobile Phone,3,13.0,Debit Card,Male,3.0,1,Laptop & Accessory,4,Single,3,0,17.0,0.0,1.0,7.0,142.46,722.35,0.0
50803,0,17.0,Mobile Phone,1,15.0,UPI,Male,4.0,1,Others,4,Divorced,6,1,16.0,0.0,1.0,1.0,153.27,755.43,0.0
50804,0,24.0,Phone,1,9.0,Debit Card,Female,3.0,3,Mobile Phone,5,Single,3,0,11.0,1.0,2.0,3.0,229.17,1048.85,0.5
50805,0,,Mobile Phone,1,18.0,Debit Card,Female,1.0,4,Grocery,5,Married,3,0,11.0,1.0,3.0,0.0,101.73,609.57,0.333
50806,1,8.0,Mobile Phone,1,13.0,E wallet,Male,4.0,4,Laptop & Accessory,2,Married,5,1,11.0,2.0,8.0,1.0,110.3,867.14,0.25
50807,0,5.0,Computer,3,10.0,COD,Female,2.0,3,Fashion,3,Married,3,0,18.0,3.0,4.0,2.0,115.17,761.65,0.75
50808,1,4.0,Computer,3,26.0,Credit Card,Female,4.0,2,Laptop & Accessory,4,Single,3,0,21.0,0.0,1.0,0.0,241.15,1129.37,0.0
50809,0,2.0,Computer,2,21.0,Credit Card,Male,2.0,4,Laptop & Accessory,4,Married,4,1,17.0,0.0,1.0,1.0,143.16,725.01,0.0
50810,0,8.0,Computer,3,11.0,Debit Card,Male,3.0,3,Mobile Phone,3,Divorced,7,0,11.0,1.0,6.0,8.0,135.05,871.19,0.167
50811,1,8.0,Mobile Phone,1,28.0,Debit Card,Male,2.0,6,Mobile Phone,3,Married,5,0,11.0,2.0,3.0,3.0,169.15,865.77,0.667
50812,0,17.0,Mobile Phone,1,35.0,Debit Card,Male,3.0,3,Mobile Phone,3,Single,4,0,,0.0,1.0,13.0,182.85,851.83,0.0
50813,1,6.0,Mobile Phone,1,14.0,Credit Card,Female,3.0,3,Others,5,Single,3,1,14.0,0.0,5.0,1.0,81.31,645.98,0.0
50814,0,9.0,Mobile Phone,3,8.0,Debit Card,Female,3.0,4,Laptop & Accessory,5,Married,6,0,18.0,,3.0,5.0,112.81,707.68,0.333
50815,0,12.0,Computer,2,35.0,UPI,Male,1.0,3,Laptop & Accessory,1,Single,6,0,20.0,2.0,6.0,6.0,143.19,974.12,0.333
50816,1,13.0,Phone,2,8.0,Debit Card,Female,4.0,4,Mobile Phone,3,Single,7,1,16.0,3.0,4.0,7.0,181.38,997.24,0.75
50817,0,15.0,Phone,1,6.0,Credit Card,Female,4.0,3,Grocery,3,Married,3,0,,1.0,2.0,6.0,125.62,655.36,0.5
50818,0,11.0,Mobile Phone,1,10.0,Credit Card,Female,3.0,4,Fashion,5,Single,7,0,16.0,2.0,2.0,1.0,180.14,902.53,1.0
50819,1,3.0,Computer,3,21.0,Credit Card,Male,3.0,5,Mobile Phone,5,Single,3,0,11.0,0.0,2.0,3.0,201.09,942.14,0.0
50820,0,13.0,Computer,1,36.0,Debit Card,Female,3.0,3,Fashion,4,Married,4,0,14.0,,1.0,10.0,61.5,390.7,0.0
50821,1,6.0,Mobile Phone,3,17.0,UPI,Female,2.0,3,Laptop & Accessory,1,Single,8,1,20.0,,7.0,4.0,136.95,995.41,0.286
50822,0,20.0,Computer,1,41.0,Credit Card,Female,4.0,4,Laptop & Accessory,2,Single,7,0,15.0,,11.0,2.0,161.77,1229.73,0.727
50823,0,10.0,Mobile Phone,1,6.0,E wallet,Male,2.0,5,Mobile Phone,3,Married,7,0,20.0,0.0,1.0,0.0,155.01,794.04,0.0
50824,0,11.0,Mobile Phone,2,6.0,Credit Card,Female,3.0,4,Fashion,5,Single,1,0,14.0,2.0,4.0,4.0,146.82,849.92,0.5
50825,1,39.0,Phone,1,16.0,Debit Card,Male,3.0,5,Mobile Phone,1,Single,6,1,17.0,4.0,14.0,10.0,212.63,1573.99,0.286
50826,0,16.0,Phone,2,46.0,Credit Card,Female,3.0,3,Mobile Phone,5,Married,7,0,11.0,1.0,1.0,1.0,194.44,871.87,1.0
50827,0,12.0,Mobile Phone,2,13.0,Credit Card,Female,4.0,5,Mobile Phone,2,Married,3,0,17.0,0.0,1.0,24.0,190.11,903.42,0.0
50828,0,9.0,Mobile Phone,1,6.0,UPI,Male,2.0,2,Mobile Phone,3,Single,5,0,15.0,1.0,2.0,1.0,133.29,716.5,0.5
50829,0,,Computer,3,8.0,UPI,Male,3.0,3,Grocery,4,Married,8,0,14.0,0.0,,4.0,212.83,1010.75,0.0
50830,1,8.0,Phone,1,,Debit Card,Female,3.0,3,Mobile Phone,4,Divorced,6,0,20.0,3.0,8.0,3.0,251.22,1474.64,0.375
50831,0,5.0,Phone,1,10.0,Debit Card,Male,2.0,4,Laptop & Accessory,4,Divorced,3,0,17.0,0.0,1.0,7.0,109.77,598.13,0.0
50832,0,26.0,Mobile Phone,2,6.0,Debit Card,Male,3.0,3,Fashion,5,Married,7,1,14.0,1.0,2.0,3.0,121.24,662.71,0.5
50833,1,13.0,Mobile Phone,1,33.0,COD,Female,4.0,5,Mobile Phone,3,Single,3,1,20.0,1.0,4.0,2.0,193.2,1074.16,0.25
50834,0,20.0,Mobile Phone,1,14.0,Debit Card,Female,2.0,5,Fashion,3,Married,3,0,24.0,2.0,4.0,14.0,142.46,913.35,0.5
50835,0,6.0,Mobile Phone,3,18.0,Credit Card,Male,3.0,4,Grocery,5,Single,3,0,11.0,1.0,1.0,4.0,187.79,846.6,1.0
50836,0,5.0,Mobile Phone,1,6.0,Credit Card,Male,3.0,2,Laptop & Accessory,1,Married,4,1,14.0,0.0,1.0,0.0,205.67,938.55,0.0
50837,0,15.0,Mobile Phone,3,6.0,Credit Card,Female,3.0,2,Mobile Phone,3,Divorced,4,0,16.0,1.0,1.0,3.0,179.9,856.62,1.0
50838,0,5.0,Phone,3,16.0,Debit Card,Female,4.0,3,Mobile Phone,5,Married,3,0,26.0,1.0,2.0,,123.32,766.62,0.5
50839,1,7.0,Mobile Phone,1,31.0,Debit Card,Male,2.0,4,Laptop & Accessory,5,Married,5,1,13.0,1.0,2.0,0.0,269.62,1218.56,0.5
50840,0,26.0,Computer,1,14.0,Credit Card,Male,3.0,2,Fashion,5,Single,4,0,15.0,3.0,4.0,5.0,143.76,846.29,0.75
50841,0,7.0,Mobile Phone,1,30.0,Debit Card,Male,3.0,4,Mobile Phone,1,Single,5,0,20.0,3.0,5.0,3.0,240.83,1300.15,0.6
50842,0,3.0,Mobile Phone,1,25.0,Debit Card,Female,2.0,3,Fashion,5,Divorced,5,0,21.0,0.0,1.0,1.0,168.78,854.36,0.0
50843,0,2.0,Mobile Phone,3,6.0,Debit Card,Male,4.0,4,Fashion,5,Married,8,0,11.0,2.0,,2.0,249.99,1127.96,1.0
50844,1,3.0,Mobile Phone,3,8.0,Credit Card,Male,1.0,3,Laptop & Accessory,4,Single,4,0,16.0,1.0,2.0,3.0,151.69,794.42,0.5
50845,0,21.0,Mobile Phone,1,18.0,Credit Card,Male,2.0,4,Fashion,3,Married,7,0,14.0,2.0,6.0,9.0,215.52,1200.98,0.333
50846,1,7.0,Computer,1,12.0,Debit Card,Male,3.0,2,Fashion,3,Married,6,1,11.0,2.0,2.0,3.0,225.01,1033.04,1.0
50847,1,38.0,Phone,3,9.0,Debit Card,Female,2.0,3,Fashion,4,Single,5,1,12.0,1.0,1.0,11.0,152.73,721.37,1.0
50848,0,24.0,Mobile Phone,1,12.0,Debit Card,Male,3.0,5,Mobile Phone,5,Married,5,0,18.0,2.0,7.0,6.0,216.68,1282.38,0.286
50849,0,30.0,Mobile Phone,3,12.0,Credit Card,Male,4.0,3,Mobile Phone,3,Married,5,0,13.0,5.0,7.0,5.0,162.41,1036.16,0.714
50850,1,18.0,Phone,3,34.0,Debit Card,Male,2.0,6,Laptop & Accessory,3,Married,4,1,19.0,0.0,1.0,4.0,186.17,904.45,0.0
50851,0,14.0,Phone,1,6.0,Credit Card,Male,2.0,1,Fashion,4,Single,8,0,,0.0,5.0,6.0,118.57,811.57,0.0
50852,0,5.0,Mobile Phone,1,9.0,Debit Card,Female,2.0,3,Mobile Phone,4,Married,5,1,16.0,2.0,5.0,3.0,137.45,875.31,0.4
50853,0,10.0,Phone,2,14.0,COD,Male,2.0,3,Mobile Phone,3,Single,4,0,14.0,3.0,3.0,2.0,218.57,1077.57,1.0
50854,0,15.0,Computer,1,19.0,Debit Card,Female,2.0,6,Laptop & Accessory,3,Married,4,0,16.0,0.0,2.0,,188.53,934.41,0.0
50855,0,18.0,Phone,1,17.0,COD,Male,4.0,6,Mobile Phone,4,Married,4,0,,0.0,1.0,4.0,219.98,1040.92,0.0
50856,0,4.0,Computer,2,39.0,E wallet,Male,3.0,3,Laptop & Accessory,1,Divorced,3,0,11.0,0.0,1.0,5.0,180.39,818.48,0.0
50857,1,9.0,Computer,3,24.0,Credit Card,Male,1.0,3,Grocery,1,Married,3,0,11.0,0.0,1.0,1.0,187.42,845.2,0.0
50858,0,,Computer,1,15.0,UPI,Female,4.0,4,Fashion,4,Single,6,0,20.0,0.0,1.0,1.0,206.14,988.33,0.0
50859,0,,Mobile Phone,1,8.0,Debit Card,Male,2.0,4,Laptop & Accessory,2,Married,8,0,11.0,1.0,3.0,1.0,102.0,610.6,0.333
50860,0,4.0,Phone,1,12.0,Debit Card,Female,3.0,4,Mobile Phone,4,Married,3,0,11.0,,1.0,0.0,177.27,806.63,1.0
50861,0,28.0,Phone,1,19.0,Debit Card,Male,2.0,4,Mobile Phone,4,Married,7,0,18.0,0.0,1.0,11.0,178.36,866.77,0.0
50862,0,8.0,Phone,1,27.0,Debit Card,Male,,2,Fashion,4,Married,9,0,16.0,1.0,1.0,11.0,179.01,853.24,1.0
50863,0,5.0,Computer,1,44.0,Debit Card,Male,3.0,4,Fashion,5,Single,6,0,13.0,1.0,3.0,1.0,237.79,1142.6,0.333
50864,0,28.0,Mobile Phone,1,16.0,Credit Card,Female,3.0,4,Others,2,Married,9,0,19.0,0.0,1.0,8.0,117.25,642.55,0.0
50865,0,,Mobile Phone,1,,Debit Card,Male,3.0,2,Laptop & Accessory,2,Divorced,2,0,11.0,1.0,1.0,2.0,134.44,643.87,1.0
50866,0,,Mobile Phone,1,5.0,Credit Card,Female,3.0,4,Laptop & Accessory,2,Single,5,0,26.0,3.0,7.0,4.0,189.05,1241.39,0.429
50867,0,7.0,Mobile Phone,1,6.0,Debit Card,Female,2.0,5,Mobile Phone,4,Married,3,0,18.0,,,,179.21,870.0,0.0
50868,0,3.0,Mobile Phone,1,7.0,Credit Card,Male,3.0,4,Fashion,3,Single,5,0,15.0,0.0,3.0,5.0,240.52,1168.98,0.0
50869,0,14.0,Phone,1,6.0,COD,Male,4.0,3,Laptop & Accessory,2,Single,4,0,20.0,3.0,7.0,4.0,187.63,1187.99,0.429
50870,0,7.0,Mobile Phone,3,11.0,Credit Card,Male,1.0,3,Laptop & Accessory,2,Married,9,0,19.0,,1.0,1.0,239.16,1105.81,0.0
50871,1,10.0,Phone,1,10.0,Credit Card,Male,3.0,3,Fashion,5,Married,5,1,20.0,0.0,2.0,2.0,172.53,905.61,0.0
50872,0,27.0,Phone,2,17.0,Debit Card,Male,3.0,2,Fashion,4,Married,4,1,15.0,1.0,2.0,2.0,118.11,658.82,0.5
50873,0,6.0,Mobile Phone,3,14.0,E wallet,Female,3.0,5,Laptop & Accessory,3,Married,3,0,11.0,2.0,4.0,12.0,161.76,882.69,0.5
50874,0,13.0,Mobile Phone,1,16.0,Debit Card,Female,,2,Fashion,5,Single,11,1,20.0,6.0,8.0,0.0,198.35,1273.73,0.75
50875,0,16.0,Phone,3,13.0,COD,Female,3.0,4,Laptop & Accessory,5,Single,5,0,19.0,0.0,1.0,7.0,166.27,828.83,0.0
50876,0,20.0,Phone,1,9.0,Credit Card,Female,4.0,3,Laptop & Accessory,2,Single,6,0,19.0,2.0,2.0,3.0,129.28,733.26,1.0
50877,0,9.0,Computer,1,42.0,Debit Card,Male,3.0,3,Laptop & Accessory,3,Divorced,3,0,13.0,1.0,2.0,,206.28,977.86,0.5
50878,1,8.0,Computer,1,6.0,COD,Male,3.0,1,Grocery,3,Married,7,1,19.0,4.0,8.0,2.0,221.3,1352.94,0.5
50879,0,8.0,Computer,1,39.0,UPI,Male,3.0,3,Mobile Phone,5,Divorced,3,0,14.0,4.0,4.0,0.0,200.72,1054.74,1.0
50880,0,12.0,Phone,1,9.0,Credit Card,Male,3.0,3,Mobile Phone,2,Married,5,0,20.0,1.0,7.0,7.0,149.93,1044.73,0.143
50881,0,23.0,Computer,1,14.0,Debit Card,Male,3.0,4,Laptop & Accessory,3,Single,5,0,15.0,1.0,1.0,0.0,134.19,674.92,1.0
50882,0,8.0,Computer,2,6.0,E wallet,Male,3.0,4,Mobile Phone,4,Married,6,0,11.0,1.0,1.0,8.0,207.66,922.11,1.0
50883,0,1.0,Computer,3,,Debit Card,Female,3.0,1,Mobile Phone,5,Married,4,1,12.0,3.0,9.0,3.0,142.37,1042.01,0.333
50884,0,17.0,Mobile Phone,1,12.0,Credit Card,Female,3.0,2,Others,5,Married,3,0,13.0,1.0,1.0,5.0,214.71,964.9,1.0
50885,0,10.0,Computer,1,21.0,Debit Card,Male,2.0,4,Fashion,3,Married,3,0,20.0,1.0,3.0,1.0,91.61,643.12,0.333
50886,0,14.0,Mobile Phone,1,9.0,Credit Card,Female,3.0,4,Laptop & Accessory,4,Married,2,1,15.0,0.0,1.0,5.0,159.93,772.73,0.0
50887,0,3.0,Phone,1,15.0,E wallet,Female,4.0,3,Fashion,5,Married,5,0,14.0,1.0,2.0,,86.89,532.18,0.5
50888,0,7.0,Mobile Phone,3,9.0,Debit Card,Male,4.0,3,Laptop & Accessory,4,Single,7,1,26.0,3.0,7.0,1.0,154.82,1111.32,0.429
50889,1,16.0,Mobile Phone,1,11.0,UPI,Male,3.0,2,Others,5,Married,3,1,15.0,0.0,3.0,8.0,230.55,1131.09,0.0
50890,1,4.0,Mobile Phone,1,33.0,Debit Card,Female,3.0,2,Laptop & Accessory,5,Married,4,1,12.0,1.0,2.0,4.0,205.21,965.8,0.5
50891,0,13.0,Mobile Phone,2,28.0,Debit Card,Female,,1,Laptop & Accessory,5,Married,4,0,24.0,2.0,6.0,1.0,174.4,1124.72,0.333
50892,1,10.0,Mobile Phone,3,14.0,Credit Card,Female,3.0,3,Mobile Phone,1,Married,6,0,13.0,0.0,1.0,8.0,164.16,772.81,0.0
50893,0,6.0,Computer,1,8.0,E wallet,Male,2.0,5,Laptop & Accessory,3,Single,6,0,11.0,0.0,,,69.29,441.3,0.0
50894,1,5.0,Mobile Phone,1,8.0,COD,Male,4.0,2,Laptop & Accessory,3,Divorced,3,0,20.0,1.0,2.0,,102.54,639.65,0.5
50895,0,4.0,Mobile Phone,1,42.0,E wallet,Male,2.0,4,Mobile Phone,4,Single,5,0,,0.0,,,188.98,859.12,0.0
50896,1,10.0,Mobile Phone,1,8.0,Debit Card,Female,3.0,3,Mobile Phone,3,Single,9,0,14.0,0.0,1.0,5.0,234.73,1048.97,0.0
50897,0,11.0,Phone,1,25.0,COD,Male,4.0,5,Mobile Phone,3,Married,6,0,,0.0,3.0,6.0,189.79,984.2,0.0
50898,0,8.0,Mobile Phone,1,,UPI,Male,4.0,4,Grocery,3,Married,4,0,14.0,1.0,3.0,3.0,184.57,948.37,0.333
50899,1,4.0,Mobile Phone,3,56.0,Debit Card,Male,3.0,4,Mobile Phone,5,Married,1,0,15.0,3.0,10.0,8.0,288.77,1667.33,0.3
50900,0,,Mobile Phone,1,11.0,Credit Card,Male,3.0,4,Grocery,3,Single,4,0,18.0,,1.0,,165.26,816.99,0.0
50901,0,17.0,Phone,1,10.0,Credit Card,Male,3.0,4,Laptop & Accessory,2,Married,4,0,,1.0,1.0,9.0,87.84,498.79,1.0
50902,0,14.0,Mobile Phone,1,17.0,Credit Card,Female,3.0,3,Laptop & Accessory,1,Single,3,0,12.0,,3.0,4.0,161.37,844.21,0.333
50903,1,31.0,Mobile Phone,1,44.0,COD,Male,2.0,3,Mobile Phone,2,Married,3,1,15.0,2.0,4.0,0.0,144.93,850.73,0.5
50904,0,9.0,Mobile Phone,1,50.0,Debit Card,Male,2.0,5,Laptop & Accessory,5,Single,6,1,20.0,1.0,2.0,3.0,247.73,1191.37,0.5
50905,0,22.0,Computer,1,20.0,Credit Card,Male,2.0,4,Laptop & Accessory,5,Divorced,4,0,14.0,2.0,3.0,8.0,241.55,1164.89,0.667
50906,0,6.0,Mobile Phone,1,22.0,Debit Card,Male,4.0,2,Grocery,3,Married,4,0,19.0,0.0,1.0,,176.54,867.85,0.0
50907,1,5.0,Phone,1,15.0,Credit Card,Male,2.0,4,Mobile Phone,4,Married,9,1,,2.0,3.0,6.0,189.88,984.54,0.667
50908,0,11.0,Mobile Phone,1,22.0,E wallet,Male,3.0,3,Laptop & Accessory,5,Single,5,1,14.0,0.0,2.0,3.0,208.03,992.51,0.0
50909,1,25.0,Mobile Phone,1,29.0,Debit Card,Female,2.0,3,Fashion,1,Divorced,6,0,13.0,,2.0,2.0,222.06,1037.83,1.0
50910,0,,Mobile Phone,1,13.0,Credit Card,Male,4.0,4,Laptop & Accessory,3,Married,4,0,16.0,2.0,3.0,10.0,186.31,970.98,0.667
50911,0,3.0,Mobile Phone,1,17.0,COD,Male,3.0,3,Mobile Phone,4,Married,7,0,21.0,1.0,1.0,,192.6,944.88,1.0
50912,0,17.0,Mobile Phone,1,14.0,E wallet,Male,3.0,3,Laptop & Accessory,5,Divorced,8,0,15.0,1.0,2.0,6.0,186.44,918.47,0.5
50913,1,9.0,Mobile Phone,1,15.0,Credit Card,Male,3.0,3,Laptop & Accessory,4,Divorced,2,1,12.0,3.0,7.0,3.0,160.24,1019.91,0.429
50914,0,12.0,Mobile Phone,3,31.0,Debit Card,Male,4.0,5,Laptop & Accessory,3,Married,5,0,13.0,1.0,1.0,2.0,214.48,964.02,1.0
50915,1,6.0,Phone,2,10.0,Credit Card,Female,2.0,5,Grocery,5,Single,3,1,18.0,0.0,1.0,11.0,196.55,935.89,0.0
50916,0,11.0,Computer,1,8.0,E wallet,Female,4.0,1,Laptop & Accessory,4,Married,3,0,13.0,1.0,1.0,1.0,141.31,685.98,1.0
50917,1,3.0,Mobile Phone,3,12.0,E wallet,Female,3.0,3,Mobile Phone,5,Single,4,1,21.0,0.0,1.0,4.0,211.42,1016.4,0.0
50918,0,28.0,Phone,1,8.0,Debit Card,Male,2.0,1,Laptop & Accessory,3,Married,9,0,,3.0,5.0,1.0,172.14,1039.13,0.6
50919,0,19.0,Computer,3,13.0,Credit Card,Male,2.0,4,Mobile Phone,1,Divorced,5,0,12.0,4.0,5.0,1.0,229.39,1192.68,0.8
50920,0,10.0,Computer,1,33.0,Debit Card,Female,3.0,4,Mobile Phone,2,Single,1,0,15.0,1.0,2.0,0.0,198.75,965.25,0.5
50921,0,17.0,Mobile Phone,1,17.0,Debit Card,Male,2.0,3,Mobile Phone,5,Married,2,0,20.0,2.0,4.0,7.0,177.01,1012.64,0.5
50922,1,6.0,Phone,1,28.0,Credit Card,Male,4.0,4,Fashion,1,Divorced,4,0,14.0,0.0,1.0,1.0,83.42,474.0,0.0
50923,0,18.0,Mobile Phone,1,7.0,Debit Card,Female,2.0,4,Grocery,4,Married,9,1,16.0,1.0,2.0,4.0,102.41,607.16,0.5
50924,1,8.0,Mobile Phone,3,33.0,Debit Card,Male,3.0,3,Laptop & Accessory,3,Married,3,1,19.0,1.0,,3.0,322.29,1466.7,0.5
50925,0,7.0,Mobile Phone,1,,E wallet,Female,3.0,3,Laptop & Accessory,3,Married,3,0,21.0,0.0,1.0,9.0,179.78,896.16,0.0
50926,0,5.0,Mobile Phone,1,5.0,Credit Card,Male,3.0,3,Grocery,3,Married,4,0,18.0,1.0,3.0,7.0,208.01,1069.44,0.333
50927,1,,Mobile Phone,1,17.0,E wallet,Male,2.0,3,Others,1,Single,6,1,,3.0,5.0,5.0,199.23,1110.07,0.6
50928,1,10.0,Mobile Phone,1,41.0,Credit Card,Female,4.0,3,Mobile Phone,2,Married,8,1,14.0,1.0,7.0,10.0,282.33,1499.85,0.143
50929,1,22.0,Phone,1,,E wallet,Male,3.0,2,Mobile Phone,1,Married,4,1,11.0,1.0,1.0,4.0,200.08,893.3,1.0
50930,1,4.0,Mobile Phone,1,15.0,Debit Card,Male,3.0,2,Laptop & Accessory,1,Married,2,0,,4.0,7.0,8.0,190.85,1152.23,0.571
50931,0,13.0,Mobile Phone,1,35.0,Debit Card,Male,3.0,1,Mobile Phone,1,Married,3,1,14.0,1.0,,9.0,227.28,1110.66,0.333
50932,0,20.0,Mobile Phone,3,5.0,Credit Card,Male,3.0,4,Laptop & Accessory,4,Single,8,0,18.0,1.0,3.0,7.0,179.56,961.33,0.333
50933,1,11.0,Mobile Phone,1,17.0,Debit Card,Male,4.0,6,Others,1,Divorced,3,0,15.0,0.0,1.0,2.0,80.51,470.94,0.0
50934,1,8.0,Phone,1,,E wallet,Male,4.0,4,Laptop & Accessory,2,Married,4,1,16.0,1.0,3.0,7.0,132.98,768.32,0.333
50935,0,11.0,Computer,1,10.0,Credit Card,Female,2.0,4,Mobile Phone,4,Married,3,0,,1.0,1.0,3.0,247.94,1155.17,1.0
50936,1,21.0,Mobile Phone,3,17.0,Debit Card,Female,,4,Mobile Phone,1,Married,5,1,16.0,1.0,2.0,2.0,178.68,896.98,0.5
50937,0,21.0,Mobile Phone,1,6.0,Credit Card,Female,5.0,3,Laptop & Accessory,5,Single,5,1,13.0,0.0,1.0,1.0,218.27,978.43,0.0
50938,0,9.0,Computer,1,22.0,COD,Female,2.0,3,Mobile Phone,3,Married,5,0,11.0,1.0,1.0,5.0,93.27,487.43,1.0
50939,0,21.0,Mobile Phone,3,5.0,Debit Card,Male,4.0,3,Others,5,Married,10,0,14.0,0.0,3.0,2.0,226.85,1109.03,0.0
50940,0,10.0,Computer,1,9.0,Debit Card,Male,3.0,2,Mobile Phone,2,Single,1,0,,3.0,3.0,1.0,225.64,1088.43,1.0
50941,1,16.0,Mobile Phone,1,13.0,E wallet,Male,2.0,4,Grocery,1,Married,3,0,13.0,1.0,2.0,4.0,217.22,1019.44,0.5
50942,0,14.0,Mobile Phone,1,11.0,Debit Card,Female,3.0,2,Laptop & Accessory,4,Married,4,1,26.0,1.0,3.0,1.0,219.03,1175.31,0.333
50943,0,7.0,Mobile Phone,3,9.0,Debit Card,Male,3.0,4,Laptop & Accessory,3,Married,7,0,14.0,2.0,5.0,2.0,89.87,678.51,0.4
50944,0,5.0,Mobile Phone,3,26.0,Debit Card,Male,4.0,2,Grocery,4,Married,5,1,17.0,0.0,1.0,5.0,224.61,1034.52,0.0
50945,0,20.0,Mobile Phone,3,38.0,Credit Card,Female,3.0,3,Laptop & Accessory,3,Single,4,0,23.0,,1.0,5.0,43.58,394.6,1.0
50946,1,24.0,Computer,1,30.0,Credit Card,Male,2.0,5,Fashion,3,Married,7,1,12.0,1.0,1.0,12.0,156.57,735.97,1.0
50947,0,13.0,Phone,1,14.0,Credit Card,Male,4.0,2,Mobile Phone,5,Married,4,0,17.0,,2.0,7.0,147.6,786.88,0.5
50948,0,10.0,Phone,1,31.0,UPI,Male,2.0,3,Mobile Phone,2,Married,4,0,20.0,2.0,3.0,2.0,177.49,969.46,0.667
50949,1,4.0,Phone,3,35.0,E wallet,Male,3.0,2,Mobile Phone,3,Single,5,0,17.0,1.0,2.0,3.0,93.11,579.82,0.5
50950,1,20.0,Mobile Phone,3,11.0,COD,Male,3.0,2,Fashion,3,Single,8,1,14.0,2.0,3.0,4.0,91.93,596.33,0.667
50951,0,12.0,Phone,1,9.0,Credit Card,Male,2.0,4,Grocery,4,Married,1,1,18.0,1.0,2.0,,198.56,988.53,0.5
50952,0,8.0,Mobile Phone,2,6.0,Debit Card,Male,2.0,4,Laptop & Accessory,1,Married,4,0,12.0,3.0,4.0,19.0,192.96,1009.25,0.75
50953,0,17.0,Phone,1,13.0,COD,Male,3.0,2,Mobile Phone,3,Single,6,0,15.0,1.0,1.0,0.0,196.73,912.57,1.0
50954,1,3.0,Mobile Phone,1,40.0,Debit Card,Male,2.0,4,Laptop & Accessory,3,Married,3,1,11.0,,3.0,5.0,134.87,735.51,0.333
50955,0,5.0,Phone,1,,E wallet,Female,3.0,4,Mobile Phone,5,Married,2,0,18.0,1.0,1.0,4.0,169.33,832.45,1.0
50956,1,6.0,Computer,1,18.0,Debit Card,Male,,3,Laptop & Accessory,4,Single,5,1,20.0,0.0,1.0,12.0,148.97,771.09,0.0
50957,0,14.0,Mobile Phone,1,6.0,E wallet,Female,3.0,3,Mobile Phone,2,Single,4,0,19.0,1.0,1.0,10.0,121.52,658.78,1.0
50958,0,11.0,Mobile Phone,1,7.0,UPI,Female,3.0,4,Laptop & Accessory,3,Married,4,0,18.0,0.0,3.0,11.0,152.79,859.6,0.0
50959,0,15.0,Mobile Phone,3,12.0,Credit Card,Male,3.0,4,Laptop & Accessory,4,Married,6,0,15.0,1.0,1.0,20.0,158.11,765.82,1.0
50960,1,19.0,Mobile Phone,3,41.0,Debit Card,Male,2.0,2,Mobile Phone,3,Married,2,1,13.0,1.0,1.0,,126.38,629.24,1.0
50961,1,15.0,Phone,3,10.0,Debit Card,Male,2.0,3,Laptop & Accessory,3,Married,6,1,11.0,3.0,4.0,3.0,226.38,1128.24,0.75
50962,0,29.0,Computer,2,30.0,Credit Card,Female,3.0,3,Mobile Phone,3,Married,3,0,12.0,1.0,1.0,1.0,222.34,985.89,1.0
50963,0,19.0,Mobile Phone,1,7.0,Debit Card,Male,4.0,3,Mobile Phone,3,Married,4,0,13.0,0.0,2.0,8.0,245.46,1126.75,0.0
50964,1,9.0,Mobile Phone,1,17.0,Credit Card,Male,2.0,3,Laptop & Accessory,1,Married,9,1,17.0,3.0,6.0,4.0,195.5,1148.9,0.5
50965,0,7.0,Phone,3,16.0,Debit Card,Male,3.0,5,Mobile Phone,4,Married,2,1,20.0,2.0,4.0,5.0,223.43,1189.03,0.5
50966,0,9.0,Mobile Phone,1,29.0,Debit Card,Male,3.0,4,Fashion,4,Married,7,0,16.0,2.0,3.0,0.0,209.02,1057.28,0.667
50967,1,15.0,Mobile Phone,2,5.0,Credit Card,Male,3.0,4,Others,2,Divorced,4,1,15.0,1.0,1.0,0.0,180.15,849.57,1.0
50968,0,7.0,Computer,2,8.0,Credit Card,Female,4.0,3,Laptop & Accessory,4,Single,5,0,22.0,2.0,4.0,0.0,195.8,1100.04,0.5
50969,0,16.0,Phone,3,8.0,Debit Card,Male,2.0,1,Laptop & Accessory,3,Single,1,0,17.0,1.0,1.0,6.0,207.47,969.39,1.0
50970,0,14.0,Mobile Phone,1,41.0,E wallet,Male,1.0,2,Laptop & Accessory,2,Married,1,0,11.0,1.0,1.0,2.0,201.36,898.17,1.0
50971,0,,Mobile Phone,1,7.0,UPI,Female,3.0,3,Fashion,4,Married,4,1,15.0,6.0,11.0,6.0,181.59,1305.04,0.545
50972,0,19.0,Phone,2,5.0,Debit Card,Female,2.0,3,Mobile Phone,5,Married,3,0,,0.0,1.0,3.0,218.94,988.97,0.0
50973,0,12.0,Phone,3,14.0,Debit Card,Male,3.0,2,Laptop & Accessory,4,Divorced,5,0,11.0,2.0,3.0,1.0,180.77,909.93,0.667
50974,0,,Computer,2,14.0,E wallet,Male,4.0,1,Mobile Phone,4,Married,6,0,20.0,2.0,2.0,1.0,217.55,1076.69,1.0
50975,0,10.0,Mobile Phone,1,27.0,Debit Card,Male,3.0,4,Fashion,3,Divorced,8,0,16.0,1.0,5.0,12.0,125.92,831.5,0.2
50976,1,8.0,Computer,1,41.0,Debit Card,Male,2.0,4,Mobile Phone,1,Single,2,0,22.0,0.0,2.0,,241.94,1185.37,0.0
50977,0,4.0,Phone,2,14.0,Credit Card,Male,2.0,2,Fashion,4,Divorced,3,0,20.0,3.0,6.0,4.0,134.53,941.21,0.5
50978,1,4.0,Phone,2,37.0,Debit Card,Male,4.0,4,Laptop & Accessory,2,Married,4,1,13.0,0.0,2.0,4.0,135.61,709.32,0.0
50979,0,17.0,Phone,1,20.0,Debit Card,Male,3.0,4,Fashion,4,Single,5,1,17.0,0.0,1.0,2.0,248.7,1126.06,0.0
50980,0,26.0,Mobile Phone,1,9.0,COD,Female,4.0,3,Mobile Phone,3,Married,2,0,17.0,4.0,8.0,0.0,155.87,1088.31,0.5
50981,1,9.0,Computer,3,37.0,Debit Card,Male,3.0,2,Mobile Phone,4,Single,4,1,,1.0,2.0,,178.35,887.73,0.5
50982,1,9.0,Mobile Phone,1,18.0,UPI,Male,5.0,4,Mobile Phone,3,Single,4,1,11.0,0.0,5.0,12.0,182.56,1006.73,0.0
50983,0,10.0,Mobile Phone,3,11.0,Debit Card,Female,4.0,3,Mobile Phone,5,Single,4,1,19.0,2.0,5.0,,203.75,1151.25,0.4
50984,0,20.0,Computer,1,19.0,E wallet,Female,,4,Mobile Phone,5,Single,5,0,11.0,,2.0,,290.71,1282.7,0.0
50985,1,5.0,Phone,1,11.0,Credit Card,Male,3.0,1,Laptop & Accessory,1,Married,4,0,11.0,1.0,2.0,1.0,162.97,797.29,0.5
50986,0,11.0,Computer,3,6.0,Debit Card,Male,3.0,3,Others,3,Married,4,0,17.0,0.0,1.0,0.0,210.51,980.94,0.0
50987,0,18.0,Mobile Phone,1,20.0,E wallet,Female,2.0,2,Grocery,5,Divorced,5,0,12.0,0.0,2.0,5.0,148.61,750.72,0.0
50988,1,13.0,Mobile Phone,1,26.0,UPI,Male,2.0,4,Mobile Phone,3,Married,4,1,13.0,0.0,2.0,3.0,144.53,743.21,0.0
50989,0,1.0,Computer,1,21.0,Debit Card,Female,3.0,6,Laptop & Accessory,3,Married,8,0,16.0,1.0,1.0,13.0,166.93,807.33,1.0
50990,0,15.0,Mobile Phone,3,8.0,E wallet,Female,2.0,3,Laptop & Accessory,2,Divorced,2,0,18.0,,4.0,0.0,187.97,1038.29,0.75
50991,0,14.0,Computer,1,43.0,Credit Card,Male,2.0,2,Fashion,3,Single,2,0,14.0,0.0,1.0,2.0,77.48,451.42,0.0
50992,0,22.0,Mobile Phone,1,5.0,E wallet,Female,3.0,3,Grocery,2,Single,3,0,22.0,,4.0,19.0,176.74,1027.61,0.25
50993,0,25.0,Computer,3,10.0,E wallet,Female,4.0,4,Laptop & Accessory,5,Married,3,0,12.0,7.0,11.0,4.0,191.3,1317.94,0.636
50994,0,21.0,Mobile Phone,1,9.0,Debit Card,Female,3.0,4,Fashion,2,Divorced,4,0,20.0,7.0,13.0,2.0,114.24,1179.11,0.538
50995,1,10.0,Phone,1,,Debit Card,Male,3.0,3,Mobile Phone,3,Married,4,1,12.0,1.0,5.0,1.0,155.84,913.19,0.2
50996,1,3.0,Computer,1,11.0,Credit Card,Female,2.0,5,Laptop & Accessory,1,Married,2,0,23.0,1.0,5.0,0.0,218.66,1239.91,0.2
50997,0,9.0,Mobile Phone,3,17.0,UPI,Male,2.0,4,Mobile Phone,4,Single,6,0,21.0,0.0,4.0,12.0,191.27,1074.83,0.0
50998,0,10.0,Phone,1,31.0,Debit Card,Female,3.0,2,Mobile Phone,5,Married,4,0,17.0,2.0,,2.0,132.87,775.91,0.667
50999,1,26.0,Computer,1,60.0,Credit Card,Male,4.0,3,Laptop & Accessory,2,Married,6,1,19.0,1.0,,13.0,196.69,944.42,1.0
51000,1,6.0,Phone,1,25.0,Debit Card,Male,3.0,3,Laptop & Accessory,1,Single,1,0,19.0,0.0,1.0,2.0,256.93,1173.33,0.0
51001,0,3.0,Computer,3,13.0,E wallet,Male,3.0,4,Laptop & Accessory,3,Married,5,0,14.0,0.0,2.0,13.0,84.92,524.7,0.0
51002,0,7.0,Mobile Phone,3,20.0,Credit Card,Male,3.0,3,Grocery,4,Divorced,9,0,16.0,1.0,3.0,7.0,233.15,1148.97,0.333
51003,0,6.0,Mobile Phone,1,27.0,E wallet,Male,2.0,4,Mobile Phone,5,Single,2,0,11.0,0.0,2.0,2.0,205.05,957.19,0.0
51004,1,,Mobile Phone,1,13.0,UPI,Male,3.0,4,Mobile Phone,1,Single,4,1,11.0,5.0,7.0,2.0,132.32,905.82,0.714
51005,0,9.0,Mobile Phone,3,23.0,Debit Card,Male,3.0,4,Mobile Phone,4,Married,5,0,20.0,0.0,1.0,13.0,211.02,1006.88,0.0
51006,0,10.0,Mobile Phone,1,13.0,Debit Card,Male,3.0,3,Others,3,Married,5,0,16.0,0.0,1.0,6.0,206.24,956.71,0.0
51007,1,3.0,Phone,3,11.0,COD,Female,2.0,5,Laptop & Accessory,2,Divorced,4,0,20.0,1.0,5.0,7.0,197.61,1135.92,0.2
51008,1,8.0,Mobile Phone,1,14.0,Debit Card,Female,2.0,3,Laptop & Accessory,2,Divorced,3,1,18.0,1.0,2.0,4.0,153.37,816.81,0.5
51009,0,6.0,Mobile Phone,2,19.0,E wallet,Male,3.0,5,Laptop & Accessory,5,Single,6,0,16.0,0.0,1.0,0.0,154.92,761.7,0.0
51010,0,11.0,Mobile Phone,1,21.0,E wallet,Male,2.0,3,Grocery,5,Married,5,0,21.0,0.0,1.0,9.0,146.81,770.88,0.0
51011,1,11.0,Computer,2,10.0,Credit Card,Male,4.0,6,Mobile Phone,3,Married,4,0,,2.0,2.0,7.0,205.9,1032.42,1.0
51012,0,6.0,Phone,1,,Debit Card,Male,1.0,4,Fashion,5,Single,3,1,13.0,0.0,1.0,4.0,239.19,1057.92,0.0
51013,1,19.0,Mobile Phone,1,34.0,Debit Card,Female,2.0,5,Laptop & Accessory,1,Single,5,0,11.0,0.0,2.0,5.0,205.52,958.98,0.0
51014,0,10.0,Computer,1,50.0,Credit Card,Female,2.0,3,Mobile Phone,3,Married,4,0,12.0,2.0,4.0,1.0,154.65,863.67,0.5
51015,0,6.0,Mobile Phone,1,8.0,Debit Card,Male,4.0,3,Laptop & Accessory,4,Married,7,0,,,2.0,12.0,118.81,709.48,0.5
51016,1,3.0,Computer,1,8.0,Credit Card,Female,3.0,2,Mobile Phone,5,Married,3,1,19.0,1.0,2.0,1.0,198.02,994.48,0.5
51017,1,12.0,Phone,1,19.0,Credit Card,Female,4.0,2,Laptop & Accessory,3,Single,5,0,11.0,0.0,1.0,5.0,162.17,749.25,0.0
51018,0,14.0,Mobile Phone,3,11.0,Credit Card,Male,3.0,3,Mobile Phone,5,Married,3,0,15.0,0.0,1.0,3.0,96.5,531.7,0.0
51019,0,7.0,Phone,1,5.0,Debit Card,Male,4.0,5,Fashion,5,Married,4,1,20.0,0.0,2.0,4.0,168.93,891.93,0.0
51020,1,11.0,Phone,2,10.0,COD,Male,4.0,4,Grocery,1,Divorced,3,0,12.0,1.0,1.0,1.0,138.4,666.92,1.0
51021,0,25.0,Mobile Phone,1,25.0,Credit Card,Male,3.0,3,Laptop & Accessory,3,Single,8,0,16.0,1.0,2.0,1.0,154.36,804.57,0.5
51022,1,17.0,Computer,1,24.0,Credit Card,Male,5.0,5,Fashion,1,Divorced,2,1,19.0,0.0,2.0,2.0,240.53,1156.01,0.0
51023,0,1.0,Mobile Phone,1,13.0,COD,Male,4.0,4,Grocery,4,Married,3,0,18.0,1.0,1.0,0.0,203.92,963.9,1.0
51024,0,6.0,Mobile Phone,3,13.0,Credit Card,Male,4.0,5,Laptop & Accessory,3,Married,2,0,11.0,,1.0,1.0,238.74,1040.21,0.0
51025,0,9.0,Mobile Phone,3,15.0,COD,Male,4.0,5,Mobile Phone,1,Single,6,0,18.0,3.0,5.0,2.0,220.76,1207.89,0.6
51026,1,10.0,Mobile Phone,1,8.0,Debit Card,Male,3.0,4,Mobile Phone,3,Married,5,1,16.0,1.0,3.0,4.0,166.36,895.17,0.333
51027,0,11.0,Mobile Phone,3,14.0,E wallet,Male,4.0,3,Laptop & Accessory,3,Married,6,0,19.0,3.0,4.0,2.0,258.0,1312.4,0.75
51028,0,13.0,Computer,1,5.0,Debit Card,Male,3.0,6,Laptop & Accessory,4,Married,3,0,13.0,2.0,2.0,0.0,156.82,789.92,1.0
51029,0,9.0,Mobile Phone,1,13.0,E wallet,Male,3.0,3,Laptop & Accessory,4,Married,9,1,19.0,0.0,3.0,7.0,134.35,797.53,0.0
51030,1,10.0,Mobile Phone,1,10.0,E wallet,Male,2.0,4,Mobile Phone,1,Single,3,0,17.0,0.0,2.0,1.0,145.26,777.99,0.0
51031,0,18.0,Mobile Phone,1,18.0,Debit Card,Female,3.0,4,Laptop & Accessory,3,Married,4,0,21.0,1.0,,0.0,228.15,1079.97,1.0
51032,0,12.0,Computer,1,17.0,Credit Card,Female,3.0,2,Laptop & Accessory,2,Divorced,4,0,15.0,0.0,2.0,2.0,169.93,855.73,0.0
51033,0,,Computer,2,11.0,E wallet,Male,3.0,4,Mobile Phone,4,Married,2,0,13.0,1.0,3.0,3.0,118.03,687.51,0.333
51034,0,10.0,Phone,1,5.0,Debit Card,Male,4.0,3,Mobile Phone,4,Divorced,5,0,11.0,0.0,1.0,10.0,132.64,637.03,0.0
51035,0,9.0,Computer,3,8.0,E wallet,Female,3.0,3,Laptop & Accessory,4,Single,7,0,20.0,1.0,3.0,1.0,219.03,1127.31,0.333
51036,1,2.0,Phone,1,17.0,Debit Card,Female,3.0,1,Mobile Phone,1,Married,3,0,11.0,0.0,1.0,4.0,202.11,901.02,0.0
51037,1,11.0,Computer,1,6.0,UPI,Male,1.0,4,Others,3,Married,6,1,11.0,0.0,1.0,1.0,225.74,990.81,0.0
51038,0,4.0,Phone,2,6.0,Debit Card,Female,2.0,2,Laptop & Accessory,5,Married,2,0,16.0,1.0,4.0,1.0,176.48,978.62,0.25
51039,0,18.0,Mobile Phone,3,17.0,Credit Card,Male,3.0,4,Laptop & Accessory,4,Married,1,0,13.0,0.0,1.0,5.0,183.21,845.2,0.0
51040,0,13.0,Mobile Phone,3,22.0,Debit Card,Male,3.0,4,Laptop & Accessory,5,Married,4,0,11.0,1.0,3.0,6.0,136.21,740.6,0.333
51041,1,4.0,Phone,1,10.0,Debit Card,Female,2.0,4,Laptop & Accessory,2,Married,3,0,18.0,0.0,3.0,4.0,223.68,1128.98,0.0
51042,0,17.0,Mobile Phone,3,13.0,Credit Card,Male,2.0,4,Mobile Phone,3,Divorced,3,0,18.0,1.0,1.0,2.0,174.28,851.26,1.0
51043,0,22.0,Mobile Phone,3,40.0,Credit Card,Female,3.0,3,Others,3,Married,7,0,16.0,1.0,2.0,20.0,116.23,659.67,0.5
51044,0,8.0,Phone,1,40.0,Debit Card,Male,3.0,3,Mobile Phone,3,Divorced,5,0,19.0,2.0,7.0,0.0,102.35,855.93,0.286
51045,1,9.0,Computer,1,9.0,UPI,Male,3.0,2,Mobile Phone,2,Single,2,1,17.0,1.0,3.0,4.0,207.03,1057.71,0.333
51046,1,16.0,Mobile Phone,1,25.0,Debit Card,Male,2.0,3,Mobile Phone,3,Single,5,1,11.0,0.0,1.0,5.0,138.98,661.12,0.0
51047,0,21.0,Phone,1,16.0,E wallet,Female,3.0,3,Laptop & Accessory,4,Married,4,1,14.0,0.0,1.0,2.0,189.5,877.1,0.0
51048,0,,Phone,1,50.0,Credit Card,Male,2.0,3,Laptop & Accessory,4,Married,3,0,16.0,2.0,4.0,1.0,188.82,1025.52,0.5
51049,1,4.0,Computer,3,13.0,Credit Card,Female,3.0,4,Fashion,1,Single,5,0,18.0,2.0,2.0,1.0,178.32,911.62,1.0
51050,0,7.0,Computer,1,23.0,Debit Card,Female,2.0,3,Mobile Phone,5,Married,5,0,17.0,1.0,1.0,,187.4,893.12,1.0
51051,0,8.0,Phone,2,23.0,Credit Card,Male,5.0,4,Laptop & Accessory,3,Married,1,0,18.0,1.0,2.0,11.0,200.16,994.61,0.5
51052,1,16.0,Mobile Phone,2,13.0,Credit Card,Male,,3,Laptop & Accessory,3,Single,6,1,13.0,0.0,3.0,1.0,111.63,663.19,0.0
51053,0,21.0,Mobile Phone,1,24.0,Debit Card,Male,3.0,5,Laptop & Accessory,5,Single,8,0,16.0,2.0,4.0,0.0,107.73,717.37,0.5
51054,0,22.0,Mobile Phone,1,9.0,Debit Card,Female,3.0,3,Fashion,2,Single,4,0,18.0,,3.0,1.0,119.74,734.01,0.333
51055,1,2.0,Phone,1,7.0,Debit Card,Female,2.0,4,Mobile Phone,3,Married,4,1,24.0,3.0,4.0,9.0,130.09,866.34,0.75
51056,0,5.0,Computer,2,12.0,Debit Card,Male,1.0,3,Fashion,5,Married,8,0,12.0,1.0,,,208.66,978.91,0.5
51057,1,6.0,Phone,3,40.0,Debit Card,Male,3.0,3,Mobile Phone,3,Single,4,1,18.0,1.0,2.0,1.0,121.67,696.35,0.5
51058,0,5.0,Mobile Phone,1,13.0,Debit Card,Male,4.0,3,Laptop & Accessory,4,Divorced,6,1,11.0,0.0,2.0,6.0,183.93,876.93,0.0
51059,0,13.0,Phone,3,17.0,Credit Card,Male,1.0,3,Others,5,Married,4,0,13.0,1.0,1.0,8.0,162.97,768.29,1.0
51060,0,14.0,Mobile Phone,1,17.0,Debit Card,Male,3.0,5,Laptop & Accessory,2,Married,3,0,19.0,1.0,3.0,4.0,167.89,924.98,0.333
51061,0,,Mobile Phone,2,7.0,Debit Card,Female,3.0,3,Laptop & Accessory,2,Married,5,0,17.0,1.0,,1.0,187.83,984.75,0.333
51062,1,9.0,Mobile Phone,1,,Debit Card,Female,2.0,2,Fashion,3,Single,3,1,,3.0,5.0,7.0,196.54,1091.85,0.6
51063,0,7.0,Mobile Phone,1,20.0,Credit Card,Female,2.0,4,Laptop & Accessory,3,Married,4,0,24.0,0.0,1.0,2.0,204.72,1014.94,0.0
51064,0,8.0,Computer,1,48.0,Debit Card,Male,4.0,3,Mobile Phone,1,Divorced,3,0,13.0,1.0,3.0,5.0,187.0,949.6,0.333
51065,0,25.0,Mobile Phone,1,7.0,Credit Card,Male,2.0,3,Fashion,2,Divorced,5,0,17.0,0.0,1.0,1.0,135.55,696.09,0.0
51066,0,15.0,Mobile Phone,1,11.0,E wallet,Male,2.0,3,Mobile Phone,5,Single,3,0,18.0,3.0,6.0,4.0,248.1,1356.78,0.5
51067,1,8.0,Computer,2,6.0,Credit Card,Male,3.0,3,Laptop & Accessory,3,Single,4,0,11.0,1.0,1.0,2.0,180.01,817.04,1.0
51068,0,9.0,Mobile Phone,1,8.0,Debit Card,Male,2.0,3,Mobile Phone,2,Divorced,3,0,,1.0,4.0,1.0,297.62,1430.96,0.25
51069,0,13.0,Mobile Phone,1,11.0,Credit Card,Male,3.0,4,Fashion,5,Single,6,0,,1.0,5.0,6.0,200.75,1075.85,0.2
51070,0,4.0,Mobile Phone,1,14.0,Debit Card,Female,2.0,3,Mobile Phone,4,Married,4,0,11.0,2.0,2.0,,181.09,866.14,1.0
51071,0,11.0,Mobile Phone,3,,UPI,Male,5.0,4,Mobile Phone,3,Single,4,0,17.0,1.0,1.0,9.0,164.09,804.54,1.0
51072,0,15.0,Mobile Phone,3,8.0,E wallet,Female,3.0,4,Others,4,Married,4,0,17.0,0.0,1.0,3.0,213.41,991.96,0.0
51073,0,13.0,Mobile Phone,3,23.0,Credit Card,Male,,4,Others,4,Single,4,0,13.0,4.0,6.0,11.0,120.25,830.95,0.667
51074,1,5.0,Phone,1,44.0,COD,Male,3.0,3,Mobile Phone,4,Married,3,1,12.0,1.0,3.0,3.0,129.29,722.3,0.333
51075,0,6.0,Mobile Phone,1,10.0,Credit Card,Male,3.0,3,Laptop & Accessory,3,Single,6,0,21.0,2.0,4.0,2.0,71.15,618.37,0.5
51076,1,2.0,Mobile Phone,3,19.0,Debit Card,Male,4.0,3,Mobile Phone,2,Single,3,0,23.0,1.0,3.0,,154.97,907.89,0.333
51077,0,16.0,Computer,1,9.0,Debit Card,Female,3.0,4,Laptop & Accessory,2,Married,5,0,18.0,,1.0,1.0,145.13,740.49,0.0
51078,1,31.0,Mobile Phone,1,37.0,Credit Card,Male,3.0,4,Mobile Phone,1,Single,5,0,16.0,1.0,1.0,2.0,163.01,792.44,1.0
51079,0,5.0,Computer,1,18.0,UPI,Female,2.0,3,Laptop & Accessory,3,Single,3,0,13.0,,1.0,7.0,152.8,729.64,0.0
51080,1,19.0,Mobile Phone,2,24.0,UPI,Male,4.0,6,Mobile Phone,3,Single,4,0,17.0,0.0,2.0,3.0,217.6,1052.88,0.0
51081,1,29.0,Mobile Phone,2,6.0,Credit Card,Male,2.0,3,Laptop & Accessory,1,Single,3,0,15.0,1.0,1.0,1.0,234.05,1054.39,1.0
51082,1,7.0,Phone,2,16.0,Credit Card,Male,3.0,4,Grocery,5,Divorced,1,1,18.0,2.0,3.0,14.0,96.89,647.18,0.667
51083,0,9.0,Mobile Phone,1,14.0,Credit Card,Female,3.0,4,Laptop & Accessory,4,Married,7,0,20.0,1.0,1.0,0.0,185.86,911.27,1.0
51084,0,12.0,Mobile Phone,1,9.0,E wallet,Male,2.0,5,Laptop & Accessory,3,Divorced,6,0,17.0,1.0,2.0,1.0,193.84,962.59,0.5
51085,0,13.0,Phone,3,9.0,Credit Card,Female,1.0,6,Fashion,5,Married,3,0,16.0,0.0,1.0,7.0,140.79,708.0,0.0
51086,0,12.0,Mobile Phone,1,15.0,Credit Card,Male,4.0,3,Mobile Phone,5,Single,7,0,11.0,0.0,3.0,8.0,189.8,944.24,0.0
51087,1,7.0,Phone,1,20.0,Credit Card,Male,3.0,2,Mobile Phone,1,Married,11,0,17.0,1.0,2.0,5.0,107.86,635.87,0.5
51088,0,14.0,Computer,1,5.0,UPI,Female,3.0,3,Grocery,4,Single,4,1,18.0,1.0,6.0,4.0,213.58,1225.6,0.167
51089,0,8.0,Mobile Phone,1,15.0,E wallet,Male,3.0,4,Mobile Phone,5,Married,8,0,20.0,0.0,,8.0,108.29,616.5,0.0
51090,0,12.0,Phone,1,7.0,Debit Card,Male,2.0,4,Mobile Phone,2,Single,6,0,11.0,3.0,8.0,6.0,232.51,1331.54,0.375
51091,1,10.0,Mobile Phone,1,,Debit Card,Female,3.0,3,Laptop & Accessory,2,Married,6,1,17.0,2.0,6.0,18.0,92.18,756.28,0.333
51092,1,2.0,Computer,1,17.0,E wallet,Male,3.0,1,Mobile Phone,2,Divorced,5,0,13.0,1.0,1.0,3.0,198.21,902.2,1.0
51093,0,21.0,Computer,1,9.0,E wallet,Male,3.0,3,Mobile Phone,3,Divorced,4,0,18.0,2.0,6.0,1.0,239.23,1323.07,0.333
51094,0,6.0,Computer,3,12.0,Credit Card,Male,3.0,3,Mobile Phone,5,Married,4,0,16.0,0.0,1.0,0.0,101.7,559.46,0.0
51095,0,22.0,Mobile Phone,1,10.0,Credit Card,Male,5.0,2,Fashion,4,Married,4,0,13.0,0.0,1.0,2.0,169.74,794.01,0.0
51096,0,19.0,Phone,1,18.0,UPI,Male,2.0,4,Mobile Phone,1,Single,7,0,22.0,3.0,6.0,8.0,275.8,1494.04,0.5
51097,0,11.0,Mobile Phone,2,13.0,UPI,Male,2.0,3,Others,4,Married,7,0,14.0,2.0,4.0,0.0,129.33,783.45,0.5
51098,0,14.0,Mobile Phone,3,45.0,E wallet,Female,4.0,4,Fashion,2,Divorced,4,0,13.0,1.0,2.0,5.0,180.13,878.49,0.5
51099,0,15.0,Computer,1,10.0,Debit Card,Male,3.0,2,Fashion,3,Married,1,0,14.0,1.0,1.0,0.0,158.31,758.58,1.0
51100,0,9.0,Mobile Phone,3,21.0,E wallet,Female,3.0,4,Mobile Phone,3,Married,6,0,11.0,0.0,2.0,3.0,154.24,764.11,0.0
51101,1,9.0,Computer,1,9.0,Debit Card,Male,3.0,4,Mobile Phone,3,Married,4,1,11.0,3.0,5.0,2.0,55.27,523.03,0.6
51102,1,14.0,Mobile Phone,1,14.0,UPI,Male,3.0,3,Laptop & Accessory,3,Married,6,1,20.0,1.0,3.0,12.0,223.04,1142.55,0.333
51103,0,10.0,Computer,1,15.0,Debit Card,Male,1.0,4,Laptop & Accessory,4,Married,1,0,16.0,0.0,,2.0,116.34,615.09,0.0
51104,1,7.0,Mobile Phone,1,10.0,Credit Card,Female,3.0,2,Laptop & Accessory,2,Single,3,1,17.0,1.0,2.0,3.0,190.15,948.57,0.5
51105,0,5.0,Mobile Phone,2,13.0,Credit Card,Female,2.0,6,Grocery,5,Married,3,0,16.0,2.0,3.0,4.0,181.49,952.66,0.667
51106,0,13.0,Mobile Phone,1,9.0,E wallet,Male,2.0,4,Laptop & Accessory,1,Single,3,0,17.0,1.0,5.0,2.0,195.23,1102.87,0.2
51107,0,6.0,Phone,1,5.0,Credit Card,Male,2.0,4,Mobile Phone,4,Married,2,1,15.0,5.0,9.0,1.0,161.24,1137.71,0.556
51108,0,17.0,Mobile Phone,2,8.0,Debit Card,Female,3.0,2,Mobile Phone,5,Single,1,0,13.0,1.0,5.0,2.0,131.81,829.88,0.2
51109,0,18.0,Phone,1,19.0,E wallet,Female,1.0,1,Mobile Phone,1,Divorced,9,0,18.0,2.0,5.0,1.0,122.67,835.15,0.4
51110,0,14.0,Mobile Phone,3,23.0,Credit Card,Female,4.0,3,Mobile Phone,4,Married,8,0,16.0,,1.0,1.0,201.49,938.66,0.0
51111,1,15.0,Mobile Phone,3,9.0,Debit Card,Male,3.0,2,Laptop & Accessory,3,Married,5,1,11.0,3.0,5.0,4.0,198.59,1067.64,0.6
51112,1,14.0,Mobile Phone,1,11.0,COD,Male,2.0,4,Grocery,3,Single,2,1,18.0,4.0,7.0,0.0,228.51,1327.34,0.571
51113,0,16.0,Mobile Phone,3,5.0,Credit Card,Female,3.0,3,Grocery,1,Married,7,0,21.0,2.0,3.0,,134.83,815.35,0.667
51114,0,16.0,Computer,1,8.0,E wallet,Male,4.0,3,Mobile Phone,4,Divorced,5,1,17.0,1.0,2.0,1.0,132.1,727.98,0.5
51115,0,12.0,Computer,1,23.0,Credit Card,Male,3.0,2,Fashion,3,Married,2,0,,1.0,4.0,1.0,101.54,669.85,0.25
51116,1,19.0,Mobile Phone,1,16.0,E wallet,Male,2.0,6,Laptop & Accessory,3,Divorced,3,0,16.0,2.0,3.0,1.0,165.64,892.43,0.667
51117,0,9.0,Phone,1,8.0,E wallet,Male,2.0,5,Laptop & Accessory,4,Single,6,1,18.0,4.0,5.0,7.0,203.29,1141.5,0.8
51118,0,6.0,Phone,1,9.0,Credit Card,Female,4.0,2,Mobile Phone,5,Married,4,0,11.0,2.0,2.0,1.0,219.68,1012.78,1.0
51119,0,5.0,Mobile Phone,1,,COD,Female,2.0,3,Fashion,3,Married,3,0,14.0,0.0,1.0,1.0,176.58,828.0,0.0
51120,0,,Mobile Phone,1,8.0,Credit Card,Male,1.0,3,Laptop & Accessory,4,Single,2,0,16.0,3.0,6.0,1.0,208.35,1189.73,0.5
51121,0,2.0,Mobile Phone,1,,E wallet,Male,,3,Mobile Phone,5,Married,4,0,14.0,7.0,9.0,5.0,183.95,1216.01,0.778
51122,1,11.0,Mobile Phone,3,,E wallet,Female,2.0,5,Laptop & Accessory,1,Married,4,1,16.0,2.0,9.0,1.0,171.19,1183.52,0.222
51123,0,15.0,Mobile Phone,3,15.0,Debit Card,Male,5.0,4,Others,3,Single,4,0,21.0,4.0,8.0,0.0,135.66,1043.51,0.5
51124,1,17.0,Mobile Phone,2,12.0,Credit Card,Male,4.0,5,Fashion,1,Married,2,1,11.0,0.0,2.0,26.0,268.53,1198.41,0.0
51125,0,3.0,Phone,2,33.0,COD,Male,3.0,4,Laptop & Accessory,5,Single,2,0,11.0,0.0,3.0,4.0,98.01,595.44,0.0
51126,0,6.0,Mobile Phone,1,,Debit Card,Male,4.0,4,Others,3,Married,3,1,14.0,2.0,5.0,5.0,145.15,888.57,0.4
51127,0,16.0,Mobile Phone,1,21.0,Debit Card,Male,3.0,4,Laptop & Accessory,3,Married,5,0,16.0,,1.0,10.0,162.55,790.69,0.0
51128,0,9.0,Mobile Phone,1,7.0,Credit Card,Male,,4,Mobile Phone,4,Single,5,0,11.0,0.0,1.0,0.0,118.0,581.4,0.0
51129,0,15.0,Mobile Phone,2,16.0,Debit Card,Male,3.0,4,Laptop & Accessory,4,Married,1,0,22.0,1.0,1.0,7.0,129.37,712.61,1.0
51130,0,4.0,Mobile Phone,1,30.0,UPI,Female,1.0,2,Laptop & Accessory,3,Married,6,0,19.0,1.0,1.0,5.0,113.86,629.67,1.0
51131,0,22.0,Computer,1,12.0,Debit Card,Female,4.0,4,Laptop & Accessory,4,Married,3,0,11.0,1.0,2.0,2.0,201.62,944.16,0.5
51132,0,3.0,Mobile Phone,3,20.0,Debit Card,Female,4.0,3,Laptop & Accessory,5,Married,4,0,16.0,1.0,2.0,0.0,166.86,852.07,0.5
51133,0,11.0,Phone,3,26.0,E wallet,Male,4.0,6,Grocery,5,Single,1,0,17.0,0.0,2.0,4.0,277.49,1280.46,0.0
51134,1,11.0,Mobile Phone,1,7.0,Debit Card,Male,3.0,3,Mobile Phone,4,Single,6,0,12.0,2.0,5.0,2.0,199.36,1078.57,0.4
51135,0,7.0,Phone,1,20.0,Credit Card,Female,3.0,1,Laptop & Accessory,5,Divorced,5,0,11.0,1.0,1.0,0.0,184.78,835.16,1.0
51136,0,13.0,Phone,3,35.0,E wallet,Female,2.0,3,Mobile Phone,5,Single,4,0,12.0,3.0,4.0,12.0,163.1,895.78,0.75
51137,0,13.0,Mobile Phone,1,15.0,E wallet,Male,2.0,5,Mobile Phone,4,Single,6,1,19.0,5.0,9.0,0.0,223.28,1405.46,0.556
51138,0,13.0,Computer,1,7.0,E wallet,Male,2.0,5,Others,5,Single,2,0,11.0,0.0,3.0,3.0,79.73,525.97,0.0
51139,0,7.0,Mobile Phone,1,7.0,Debit Card,Male,2.0,4,Mobile Phone,5,Single,7,0,21.0,0.0,1.0,6.0,224.62,1066.56,0.0
51140,0,6.0,Computer,1,9.0,Debit Card,Male,3.0,2,Fashion,3,Single,3,0,12.0,0.0,1.0,3.0,149.28,708.26,0.0
51141,1,7.0,Mobile Phone,3,6.0,Debit Card,Male,,1,Mobile Phone,3,Single,4,1,11.0,3.0,5.0,19.0,74.9,597.62,0.6
51142,1,5.0,Computer,1,14.0,Debit Card,Female,2.0,3,Laptop & Accessory,1,Single,5,0,20.0,1.0,2.0,4.0,114.82,686.32,0.5
51143,1,19.0,Phone,1,6.0,Credit Card,Male,3.0,6,Mobile Phone,1,Single,7,0,14.0,1.0,2.0,4.0,236.85,1102.03,0.5
51144,0,8.0,Computer,1,8.0,Credit Card,Male,3.0,4,Mobile Phone,4,Single,7,0,15.0,1.0,6.0,4.0,183.71,1088.1,0.167
51145,0,11.0,Mobile Phone,1,12.0,Credit Card,Female,3.0,5,Mobile Phone,3,Single,5,0,17.0,2.0,3.0,16.0,285.18,1354.68,0.667
51146,0,16.0,Mobile Phone,1,13.0,Debit Card,Male,5.0,4,Mobile Phone,4,Married,5,0,11.0,2.0,3.0,2.0,138.71,750.1,0.667
51147,1,5.0,Phone,2,15.0,Credit Card,Female,3.0,4,Mobile Phone,5,Married,5,1,11.0,1.0,3.0,8.0,171.59,875.04,0.333
51148,0,3.0,Computer,1,20.0,Debit Card,Male,2.0,3,Grocery,3,Married,4,0,14.0,1.0,3.0,0.0,166.59,880.04,0.333
51149,1,5.0,Computer,1,6.0,Debit Card,Female,3.0,1,Others,1,Married,5,0,19.0,1.0,4.0,5.0,96.05,696.99,0.25
51150,0,12.0,Mobile Phone,2,6.0,Credit Card,Male,3.0,5,Mobile Phone,4,Married,2,0,17.0,2.0,3.0,4.0,167.06,905.83,0.667
51151,1,11.0,Phone,1,6.0,Credit Card,Female,3.0,3,Mobile Phone,1,Married,2,1,17.0,,1.0,4.0,183.88,879.74,0.0
51152,0,13.0,Mobile Phone,1,12.0,E wallet,Male,4.0,4,Mobile Phone,4,Divorced,7,0,,0.0,1.0,3.0,162.17,813.25,0.0
51153,0,9.0,Mobile Phone,2,6.0,UPI,Male,,4,Laptop & Accessory,3,Married,6,0,19.0,0.0,1.0,5.0,249.2,1143.96,0.0
51154,0,1.0,Mobile Phone,1,21.0,E wallet,Male,2.0,2,Others,4,Single,7,1,12.0,0.0,4.0,5.0,145.37,828.41,0.0
51155,0,9.0,Mobile Phone,1,8.0,Credit Card,Male,2.0,2,Laptop & Accessory,3,Married,5,0,13.0,0.0,3.0,9.0,168.86,880.67,0.0
51156,1,18.0,Computer,1,39.0,Debit Card,Male,3.0,3,Mobile Phone,2,Married,4,1,17.0,2.0,8.0,11.0,98.71,871.1,0.25
51157,0,20.0,Mobile Phone,3,13.0,Debit Card,Female,3.0,4,Laptop & Accessory,2,Married,6,0,15.0,2.0,3.0,1.0,134.29,765.3,0.667
51158,0,10.0,Phone,1,12.0,E wallet,Male,2.0,1,Fashion,4,Married,3,1,15.0,2.0,2.0,6.0,81.24,518.71,1.0
51159,0,11.0,Phone,1,23.0,Debit Card,Female,2.0,3,Laptop & Accessory,3,Married,6,0,11.0,3.0,7.0,4.0,173.26,1061.39,0.429
51160,1,14.0,Mobile Phone,1,20.0,Debit Card,Male,3.0,4,Grocery,3,Single,4,1,15.0,4.0,8.0,2.0,194.57,1219.37,0.5
51161,0,20.0,Mobile Phone,1,16.0,Debit Card,Female,5.0,2,Mobile Phone,3,Married,4,0,18.0,0.0,3.0,1.0,205.35,1059.33,0.0
51162,0,10.0,Phone,1,38.0,Debit Card,Male,3.0,2,Grocery,5,Married,3,0,14.0,2.0,3.0,1.0,177.92,923.1,0.667
51163,0,14.0,Mobile Phone,1,12.0,E wallet,Female,2.0,3,Others,5,Married,2,1,15.0,1.0,3.0,2.0,170.77,903.93,0.333
51164,1,7.0,Computer,1,,Debit Card,Male,3.0,3,Fashion,3,Single,3,1,21.0,0.0,1.0,3.0,161.53,826.81,0.0
51165,0,4.0,Computer,1,11.0,Credit Card,Male,2.0,4,Mobile Phone,4,Married,4,0,13.0,3.0,4.0,2.0,165.79,914.0,0.75
51166,0,7.0,Mobile Phone,1,27.0,Debit Card,Male,3.0,5,Laptop & Accessory,2,Divorced,1,0,,1.0,5.0,2.0,107.83,810.75,0.2
51167,0,23.0,Mobile Phone,1,9.0,Credit Card,Female,3.0,1,Grocery,4,Divorced,4,0,11.0,1.0,2.0,11.0,171.78,830.76,0.5
51168,1,14.0,Mobile Phone,1,9.0,E wallet,Female,3.0,5,Fashion,3,Married,1,1,17.0,0.0,1.0,1.0,126.72,662.54,0.0
51169,0,4.0,Phone,1,19.0,Debit Card,Female,4.0,3,Laptop & Accessory,4,Married,8,1,11.0,2.0,4.0,0.0,170.73,916.77,0.5
51170,0,15.0,Mobile Phone,3,8.0,E wallet,Male,2.0,4,Mobile Phone,2,Married,2,0,18.0,3.0,6.0,6.0,116.92,858.3,0.5
51171,0,4.0,Mobile Phone,3,8.0,Debit Card,Male,4.0,4,Laptop & Accessory,5,Married,8,0,12.0,2.0,4.0,2.0,220.98,1115.72,0.5
51172,0,12.0,Mobile Phone,1,9.0,Credit Card,Female,4.0,3,Mobile Phone,2,Married,6,1,11.0,1.0,1.0,1.0,256.29,1106.9,1.0
51173,0,5.0,Computer,1,19.0,E wallet,Male,3.0,2,Laptop & Accessory,5,Single,4,0,13.0,1.0,1.0,13.0,118.02,597.48,1.0
51174,1,4.0,Mobile Phone,1,31.0,COD,Male,2.0,2,Mobile Phone,1,Married,3,1,13.0,0.0,2.0,2.0,134.33,704.45,0.0
51175,1,25.0,Mobile Phone,1,18.0,Debit Card,Female,4.0,4,Mobile Phone,3,Married,6,0,15.0,0.0,1.0,2.0,142.48,706.42,0.0
51176,0,8.0,Computer,1,26.0,Debit Card,Male,3.0,3,Laptop & Accessory,3,Married,5,0,18.0,1.0,3.0,4.0,169.8,924.24,0.333
51177,0,14.0,Phone,1,14.0,Debit Card,Female,2.0,3,Grocery,5,Single,4,0,20.0,2.0,3.0,2.0,228.04,1161.55,0.667
51178,0,10.0,Phone,2,6.0,Debit Card,Male,3.0,3,Fashion,4,Married,4,0,23.0,4.0,10.0,8.0,94.02,991.28,0.4
51179,0,5.0,Phone,1,6.0,Debit Card,Female,3.0,3,Mobile Phone,2,Married,3,0,15.0,0.0,2.0,3.0,167.1,844.98,0.0
51180,0,8.0,Computer,1,15.0,Debit Card,Female,2.0,4,Grocery,5,Married,4,0,,0.0,4.0,2.0,252.01,1257.64,0.0
51181,1,5.0,Phone,3,10.0,Credit Card,Female,,4,Fashion,4,Single,3,1,16.0,2.0,2.0,4.0,101.88,605.14,1.0
51182,0,36.0,Computer,2,8.0,UPI,Male,3.0,4,Mobile Phone,2,Single,4,0,14.0,1.0,1.0,12.0,239.69,1067.82,1.0
51183,1,16.0,Phone,1,13.0,Debit Card,Male,4.0,3,Laptop & Accessory,3,Divorced,7,1,11.0,2.0,6.0,3.0,129.81,851.28,0.333
51184,0,10.0,Phone,1,18.0,COD,Female,3.0,3,Mobile Phone,4,Married,4,0,16.0,,1.0,2.0,111.58,597.0,1.0
51185,0,14.0,Mobile Phone,1,11.0,E wallet,Male,3.0,3,Fashion,4,Single,2,0,11.0,1.0,1.0,2.0,258.66,1115.91,1.0
51186,0,15.0,Mobile Phone,1,24.0,UPI,Female,3.0,4,Mobile Phone,4,Married,6,0,15.0,,1.0,1.0,245.4,1097.52,1.0
51187,1,15.0,Phone,1,21.0,UPI,Male,2.0,3,Mobile Phone,5,Married,5,1,14.0,6.0,16.0,,70.71,1100.7,0.375
51188,0,15.0,Mobile Phone,1,21.0,E wallet,Male,3.0,5,Grocery,5,Single,3,1,11.0,0.0,1.0,0.0,236.54,1031.85,0.0
51189,0,14.0,Phone,1,56.0,E wallet,Male,3.0,1,Laptop & Accessory,4,Divorced,9,1,13.0,0.0,2.0,5.0,208.57,986.57,0.0
51190,1,10.0,Mobile Phone,2,9.0,Credit Card,Male,4.0,6,Laptop & Accessory,1,Married,2,0,12.0,0.0,2.0,10.0,207.1,972.98,0.0
51191,0,,Computer,2,17.0,Credit Card,Female,3.0,4,Grocery,4,Divorced,4,0,16.0,1.0,1.0,5.0,137.69,696.22,1.0
51192,0,11.0,Mobile Phone,1,28.0,UPI,Female,3.0,4,Laptop & Accessory,5,Single,4,0,14.0,1.0,3.0,8.0,203.61,1020.72,0.333
51193,0,10.0,Computer,1,15.0,Debit Card,Male,2.0,3,Laptop & Accessory,3,Married,5,0,16.0,1.0,2.0,0.0,213.03,1027.51,0.5
51194,0,,Phone,1,24.0,Debit Card,Female,4.0,3,Grocery,4,Married,7,0,11.0,2.0,3.0,6.0,165.47,851.79,0.667
51195,0,11.0,Mobile Phone,1,11.0,E wallet,Female,3.0,4,Mobile Phone,4,Divorced,3,1,17.0,0.0,1.0,6.0,263.4,1181.92,0.0
51196,0,3.0,Mobile Phone,1,16.0,Credit Card,Female,4.0,4,Mobile Phone,4,Married,3,0,22.0,0.0,1.0,,47.39,401.08,0.0
51197,1,5.0,Mobile Phone,3,6.0,E wallet,Male,3.0,3,Mobile Phone,5,Single,5,0,17.0,,2.0,5.0,178.74,905.21,0.5
51198,0,9.0,Mobile Phone,2,56.0,Debit Card,Male,2.0,3,Laptop & Accessory,3,Married,3,0,19.0,0.0,2.0,3.0,138.28,767.46,0.0
51199,1,2.0,Mobile Phone,3,24.0,Credit Card,Female,4.0,4,Mobile Phone,3,Single,3,0,14.0,1.0,1.0,6.0,227.35,1020.93,1.0
51200,1,10.0,Mobile Phone,2,29.0,Debit Card,Male,3.0,5,Mobile Phone,1,Divorced,2,0,14.0,2.0,2.0,5.0,214.03,1015.31,1.0
51201,0,11.0,Computer,3,19.0,UPI,Female,3.0,3,Laptop & Accessory,5,Single,4,0,18.0,2.0,,2.0,145.52,786.98,1.0
51202,1,4.0,Mobile Phone,1,7.0,Debit Card,Female,2.0,3,Fashion,2,Married,6,0,15.0,2.0,2.0,0.0,189.7,930.86,1.0
51203,0,6.0,Phone,3,5.0,E wallet,Female,4.0,4,Laptop & Accessory,5,Married,4,1,20.0,2.0,3.0,7.0,95.2,656.76,0.667
51204,1,21.0,Mobile Phone,1,29.0,Debit Card,Female,3.0,4,Laptop & Accessory,2,Married,5,1,15.0,0.0,1.0,2.0,229.87,1038.51,0.0
51205,0,14.0,Phone,1,11.0,Debit Card,Female,3.0,3,Laptop & Accessory,2,Married,5,0,16.0,0.0,1.0,4.0,87.53,505.61,0.0
51206,0,13.0,Mobile Phone,1,9.0,Debit Card,Male,4.0,2,Mobile Phone,3,Married,7,0,14.0,0.0,2.0,4.0,160.4,811.52,0.0
51207,0,19.0,Phone,3,15.0,Debit Card,Male,3.0,4,Grocery,4,Married,4,0,11.0,1.0,2.0,10.0,135.61,693.32,0.5
51208,1,,Phone,1,12.0,Credit Card,Male,2.0,3,Mobile Phone,3,Single,4,0,15.0,1.0,1.0,0.0,235.6,1060.28,1.0
51209,0,4.0,Phone,1,18.0,Debit Card,Male,3.0,2,Laptop & Accessory,3,Single,4,0,15.0,2.0,3.0,3.0,137.67,778.15,0.667
51210,0,18.0,Mobile Phone,1,13.0,Credit Card,Male,3.0,4,Laptop & Accessory,3,Married,2,0,13.0,6.0,,5.0,249.81,1413.28,0.75
51211,0,,Phone,1,19.0,Debit Card,Male,4.0,3,Mobile Phone,5,Married,8,1,17.0,3.0,3.0,4.0,231.77,1151.73,1.0
51212,0,5.0,Mobile Phone,1,28.0,E wallet,Male,2.0,3,Laptop & Accessory,5,Single,6,0,20.0,1.0,1.0,6.0,66.33,457.05,1.0
51213,0,3.0,Mobile Phone,2,8.0,Debit Card,Male,,3,Laptop & Accessory,3,Divorced,5,0,20.0,1.0,1.0,0.0,274.67,1248.75,1.0
51214,0,11.0,Mobile Phone,3,10.0,Debit Card,Female,3.0,4,Mobile Phone,4,Single,4,1,15.0,1.0,2.0,1.0,107.39,618.08,0.5
51215,0,9.0,Mobile Phone,3,12.0,Credit Card,Female,2.0,3,Fashion,4,Divorced,4,0,13.0,0.0,1.0,,166.01,779.84,0.0
51216,1,8.0,Mobile Phone,1,44.0,UPI,Female,1.0,2,Fashion,4,Divorced,5,1,12.0,2.0,2.0,2.0,210.23,984.87,1.0
51217,1,1.0,Phone,1,10.0,UPI,Male,3.0,3,Fashion,1,Married,4,0,24.0,2.0,3.0,1.0,210.56,1127.13,0.667
51218,0,24.0,Mobile Phone,1,11.0,UPI,Male,3.0,2,Mobile Phone,3,Single,5,0,20.0,3.0,3.0,2.0,195.88,1039.34,1.0
51219,0,3.0,Mobile Phone,1,18.0,Debit Card,Male,3.0,4,Fashion,4,Divorced,5,1,16.0,0.0,1.0,9.0,182.55,866.69,0.0
51220,0,8.0,Mobile Phone,1,12.0,E wallet,Male,4.0,5,Mobile Phone,2,Single,4,0,11.0,1.0,2.0,1.0,137.02,698.68,0.5
51221,0,7.0,Phone,3,,E wallet,Male,3.0,4,Laptop & Accessory,3,Married,6,0,15.0,0.0,2.0,7.0,189.61,930.52,0.0
51222,1,14.0,Phone,1,32.0,UPI,Male,3.0,3,Mobile Phone,2,Divorced,6,1,19.0,0.0,1.0,2.0,160.29,806.1,0.0
51223,0,3.0,Mobile Phone,3,14.0,Debit Card,Male,1.0,2,Laptop & Accessory,5,Married,6,0,13.0,1.0,3.0,5.0,187.19,950.32,0.333
51224,0,13.0,Phone,3,17.0,UPI,Female,2.0,3,Laptop & Accessory,5,Married,3,0,11.0,0.0,4.0,1.0,63.57,509.57,0.0
51225,0,11.0,Mobile Phone,1,6.0,Credit Card,Female,3.0,3,Laptop & Accessory,2,Single,7,0,18.0,3.0,5.0,1.0,296.78,1496.76,0.6
51226,0,6.0,Mobile Phone,3,19.0,Credit Card,Male,3.0,3,Others,4,Married,5,0,16.0,0.0,1.0,1.0,223.61,1022.72,0.0
51227,1,,Mobile Phone,2,20.0,Credit Card,Male,3.0,2,Fashion,3,Married,5,1,16.0,2.0,2.0,8.0,177.49,892.46,1.0
51228,0,10.0,Phone,1,10.0,Credit Card,Male,3.0,4,Mobile Phone,4,Divorced,3,1,16.0,5.0,11.0,5.0,196.93,1371.33,0.455
51229,0,27.0,Phone,1,8.0,Credit Card,Male,3.0,4,Laptop & Accessory,3,Single,4,0,11.0,1.0,4.0,10.0,207.92,1058.1,0.25
51230,0,9.0,Mobile Phone,1,35.0,Debit Card,Female,2.0,4,Laptop & Accessory,3,Single,7,0,13.0,2.0,3.0,,201.42,1004.4,0.667
51231,0,5.0,Mobile Phone,1,12.0,E wallet,Female,3.0,2,Mobile Phone,5,Single,6,0,15.0,1.0,1.0,5.0,209.06,959.43,1.0
51232,0,13.0,Mobile Phone,1,18.0,Credit Card,Male,3.0,4,Mobile Phone,4,Single,3,0,11.0,1.0,1.0,3.0,191.27,859.83,1.0
51233,0,8.0,Phone,1,5.0,Credit Card,Male,3.0,2,Fashion,2,Single,2,0,12.0,0.0,1.0,0.0,165.72,770.74,0.0
51234,0,10.0,Computer,1,11.0,Debit Card,Male,3.0,2,Laptop & Accessory,1,Single,4,0,21.0,1.0,4.0,0.0,112.13,774.09,0.25
51235,0,4.0,Mobile Phone,1,25.0,COD,Male,3.0,3,Mobile Phone,5,Married,3,1,16.0,0.0,2.0,3.0,161.86,833.07,0.0
51236,0,14.0,Mobile Phone,1,,Credit Card,Female,2.0,3,Others,2,Single,6,0,16.0,1.0,1.0,3.0,192.86,905.87,1.0
51237,0,7.0,Phone,1,,Debit Card,Female,3.0,3,Laptop & Accessory,4,Married,6,1,18.0,1.0,5.0,1.0,226.9,1231.22,0.2
51238,0,12.0,Computer,1,8.0,E wallet,Male,3.0,2,Mobile Phone,3,Single,5,0,18.0,2.0,4.0,4.0,200.52,1085.98,0.5
51239,0,31.0,Computer,1,11.0,Debit Card,Male,3.0,2,Laptop & Accessory,2,Divorced,3,0,16.0,1.0,4.0,10.0,162.74,926.41,0.25
51240,0,8.0,Phone,1,37.0,Debit Card,Female,3.0,4,Laptop & Accessory,4,Single,4,0,13.0,3.0,4.0,7.0,180.83,971.15,0.75
51241,1,16.0,Computer,3,15.0,Credit Card,Male,2.0,3,Fashion,5,Single,4,0,12.0,0.0,1.0,4.0,125.08,616.3,0.0
51242,0,9.0,Mobile Phone,1,,Credit Card,Female,5.0,3,Mobile Phone,2,Married,5,0,17.0,3.0,5.0,1.0,202.4,1130.12,0.6
51243,1,6.0,Mobile Phone,1,33.0,Debit Card,Male,3.0,3,Mobile Phone,1,Married,7,0,21.0,0.0,1.0,1.0,157.3,810.74,0.0
51244,1,21.0,Mobile Phone,1,40.0,Debit Card,Male,2.0,1,Laptop & Accessory,5,Married,5,1,11.0,1.0,5.0,8.0,118.93,764.93,0.2
51245,0,2.0,Phone,1,32.0,COD,Female,3.0,4,Fashion,3,Single,7,0,19.0,3.0,6.0,2.0,163.44,1043.07,0.5
51246,0,,Mobile Phone,1,5.0,Debit Card,Male,3.0,3,Laptop & Accessory,4,Married,3,0,11.0,1.0,3.0,4.0,186.18,930.48,0.333
51247,0,2.0,Mobile Phone,1,38.0,Debit Card,Male,3.0,3,Laptop & Accessory,3,Married,4,0,17.0,0.0,3.0,10.0,225.97,1129.69,0.0
51248,0,17.0,Mobile Phone,3,7.0,COD,Male,3.0,4,Grocery,3,Married,3,0,15.0,1.0,1.0,2.0,175.32,831.22,1.0
51249,0,10.0,Mobile Phone,2,5.0,Debit Card,Male,2.0,4,Fashion,3,Married,3,0,14.0,1.0,,5.0,80.84,464.19,1.0
51250,0,5.0,Computer,1,6.0,Credit Card,Female,3.0,3,Fashion,3,Married,5,0,16.0,0.0,2.0,7.0,168.03,856.51,0.0
51251,0,7.0,Mobile Phone,3,10.0,Debit Card,Male,2.0,3,Mobile Phone,2,Married,5,0,18.0,,2.0,1.0,166.95,868.41,1.0
51252,0,15.0,Mobile Phone,1,17.0,Credit Card,Female,3.0,5,Laptop & Accessory,4,Married,1,0,20.0,0.0,1.0,0.0,132.34,707.89,0.0
51253,1,30.0,Phone,3,11.0,Credit Card,Male,3.0,4,Grocery,3,Married,5,1,13.0,3.0,6.0,8.0,136.32,892.02,0.5
51254,1,3.0,Mobile Phone,1,5.0,COD,Male,3.0,5,Mobile Phone,5,Married,5,1,17.0,0.0,1.0,10.0,229.63,1053.59,0.0
51255,1,5.0,Phone,1,13.0,Credit Card,Female,3.0,5,Laptop & Accessory,5,Married,5,0,17.0,1.0,2.0,2.0,194.65,965.67,0.5
51256,0,3.0,Computer,1,12.0,Credit Card,Female,3.0,4,Laptop & Accessory,5,Married,5,0,17.0,0.0,1.0,3.0,229.51,1053.14,0.0
51257,0,9.0,Computer,1,22.0,COD,Male,2.0,3,Laptop & Accessory,4,Single,4,0,15.0,3.0,7.0,6.0,215.81,1255.08,0.429
51258,0,17.0,Computer,3,9.0,COD,Male,2.0,4,Laptop & Accessory,3,Married,3,0,17.0,0.0,1.0,1.0,173.43,840.03,0.0
51259,1,3.0,Mobile Phone,1,8.0,Debit Card,Male,2.0,4,Laptop & Accessory,3,Divorced,7,1,23.0,1.0,2.0,0.0,194.98,1014.92,0.5
51260,0,10.0,Phone,1,9.0,E wallet,Female,2.0,3,Laptop & Accessory,4,Married,4,0,16.0,0.0,1.0,,172.16,827.21,0.0
51261,0,17.0,Mobile Phone,1,9.0,Credit Card,Male,3.0,4,Laptop & Accessory,4,Married,3,1,15.0,3.0,,,152.88,880.94,0.75
51262,0,7.0,Mobile Phone,1,16.0,Credit Card,Male,4.0,4,Laptop & Accessory,2,Married,9,0,15.0,2.0,,5.0,107.22,662.44,0.667
51263,0,11.0,Mobile Phone,1,13.0,Debit Card,Male,3.0,3,Laptop & Accessory,5,Married,5,0,16.0,0.0,5.0,4.0,156.06,946.03,0.0
51264,1,20.0,Mobile Phone,3,10.0,Credit Card,Male,3.0,3,Laptop & Accessory,1,Divorced,7,0,15.0,1.0,1.0,4.0,236.59,1064.04,1.0
51265,1,4.0,Computer,3,11.0,Debit Card,Female,2.0,1,Laptop & Accessory,4,Single,3,0,22.0,2.0,2.0,17.0,102.88,656.94,1.0
51266,0,2.0,Mobile Phone,1,11.0,Credit Card,Male,3.0,4,Laptop & Accessory,3,Single,6,0,11.0,4.0,8.0,,192.91,1181.06,0.5
51267,1,12.0,Phone,1,48.0,Credit Card,Male,3.0,4,Mobile Phone,4,Divorced,5,1,21.0,0.0,1.0,1.0,113.95,646.01,0.0
51268,1,12.0,Mobile Phone,1,8.0,Debit Card,Male,1.0,3,Mobile Phone,3,Married,3,1,14.0,4.0,6.0,1.0,143.03,925.51,0.667
51269,1,7.0,Mobile Phone,3,25.0,Credit Card,Male,4.0,3,Laptop & Accessory,1,Married,5,1,15.0,5.0,7.0,1.0,195.18,1176.68,0.714
51270,0,6.0,Computer,3,20.0,COD,Male,2.0,1,Laptop & Accessory,5,Married,6,0,18.0,1.0,2.0,1.0,173.37,892.81,0.5
51271,1,,Mobile Phone,1,5.0,E wallet,Male,3.0,1,Grocery,5,Married,4,1,13.0,1.0,1.0,9.0,204.79,927.2,1.0
51272,0,4.0,Phone,3,65.0,Credit Card,Male,3.0,2,Mobile Phone,3,Married,6,0,13.0,1.0,1.0,3.0,156.31,742.98,1.0
51273,1,4.0,Mobile Phone,1,22.0,UPI,Female,4.0,3,Fashion,2,Married,6,0,12.0,3.0,5.0,3.0,177.43,995.23,0.6
51274,0,15.0,Mobile Phone,1,19.0,Credit Card,Female,4.0,2,Mobile Phone,2,Married,6,0,13.0,3.0,3.0,20.0,162.76,857.49,1.0
51275,1,4.0,Mobile Phone,3,11.0,Debit Card,Male,4.0,3,Laptop & Accessory,1,Married,4,0,16.0,1.0,1.0,0.0,166.47,805.59,1.0
51276,0,2.0,Computer,1,15.0,Credit Card,Male,3.0,4,Mobile Phone,4,Divorced,5,0,23.0,2.0,5.0,3.0,225.82,1267.12,0.4
51277,0,6.0,Mobile Phone,1,9.0,Debit Card,Male,3.0,5,Mobile Phone,3,Single,2,0,18.0,1.0,,1.0,209.66,985.71,1.0
51278,0,7.0,Mobile Phone,2,5.0,E wallet,Male,2.0,3,Laptop & Accessory,3,Single,8,1,19.0,0.0,,3.0,111.01,663.84,0.0
51279,0,13.0,Mobile Phone,1,27.0,COD,Female,3.0,3,Mobile Phone,3,Married,1,0,11.0,0.0,1.0,1.0,203.31,905.58,0.0
51280,0,6.0,Phone,1,,Debit Card,Female,,6,Fashion,5,Married,7,0,11.0,1.0,,1.0,226.48,1083.62,0.333
51281,1,23.0,Phone,3,7.0,Credit Card,Female,3.0,5,Laptop & Accessory,1,Married,5,1,19.0,1.0,3.0,1.0,150.13,857.49,0.333
51282,1,10.0,Phone,2,24.0,Credit Card,Male,2.0,3,Laptop & Accessory,3,Single,2,1,11.0,1.0,,1.0,159.26,783.19,0.5
51283,1,5.0,Mobile Phone,3,21.0,Debit Card,Female,2.0,3,Laptop & Accessory,4,Single,6,0,15.0,0.0,1.0,13.0,142.98,708.32,0.0
51284,0,13.0,Computer,1,7.0,E wallet,Male,3.0,3,Laptop & Accessory,5,Married,6,0,20.0,1.0,2.0,1.0,155.42,840.6,0.5
51285,0,22.0,Phone,1,12.0,Credit Card,Female,2.0,2,Laptop & Accessory,4,Married,7,1,15.0,3.0,6.0,3.0,171.13,1040.29,0.5
51286,0,15.0,Computer,3,12.0,Debit Card,Male,3.0,3,Laptop & Accessory,3,Single,6,0,15.0,1.0,4.0,7.0,197.4,1050.12,0.25
51287,1,3.0,Computer,1,22.0,E wallet,Male,3.0,3,Laptop & Accessory,4,Married,8,1,18.0,0.0,2.0,8.0,180.67,920.55,0.0
51288,0,7.0,Phone,1,,Debit Card,Male,2.0,4,Grocery,5,Single,2,0,15.0,0.0,1.0,15.0,199.47,922.99,0.0
51289,0,12.0,Mobile Phone,1,6.0,COD,Male,2.0,3,Mobile Phone,5,Married,7,0,19.0,,3.0,,205.26,1066.99,0.667
51290,1,14.0,Computer,1,,Debit Card,Female,4.0,4,Mobile Phone,1,Married,4,0,13.0,1.0,1.0,2.0,190.14,871.53,1.0
51291,0,9.0,Computer,1,22.0,Credit Card,Female,3.0,3,Laptop & Accessory,4,Married,6,1,20.0,2.0,4.0,5.0,267.57,1356.77,0.5
51292,0,8.0,Mobile Phone,3,24.0,Debit Card,Female,3.0,3,Laptop & Accessory,4,Married,4,0,15.0,0.0,1.0,4.0,152.35,743.93,0.0
51293,0,27.0,Mobile Phone,3,7.0,Debit Card,Female,3.0,4,Fashion,4,Married,3,0,11.0,0.0,2.0,4.0,253.98,1143.12,0.0
51294,1,15.0,Computer,1,,E wallet,Male,3.0,4,Mobile Phone,3,Married,5,1,17.0,2.0,2.0,2.0,111.06,648.03,1.0
51295,0,13.0,Mobile Phone,3,,Credit Card,Male,4.0,2,Laptop & Accessory,3,Married,4,0,11.0,1.0,1.0,9.0,158.22,734.24,1.0
51296,1,6.0,Computer,3,10.0,UPI,Male,4.0,3,Fashion,4,Single,3,0,16.0,1.0,,4.0,177.87,893.91,0.5
51297,0,4.0,Mobile Phone,2,,Credit Card,Female,1.0,3,Laptop & Accessory,3,Married,4,0,12.0,1.0,1.0,4.0,159.45,746.91,1.0
51298,0,13.0,Mobile Phone,1,25.0,UPI,Male,2.0,3,Mobile Phone,3,Divorced,4,0,,0.0,1.0,3.0,221.76,975.69,0.0
51299,0,16.0,Mobile Phone,1,6.0,COD,Male,3.0,2,Others,5,Single,7,0,11.0,1.0,3.0,1.0,78.5,521.3,0.333
51300,0,10.0,Mobile Phone,1,29.0,Credit Card,Male,2.0,3,Laptop & Accessory,3,Single,3,0,19.0,6.0,11.0,1.0,144.73,1196.97,0.545
51301,0,15.0,Mobile Phone,1,9.0,Credit Card,Female,4.0,2,Fashion,4,Married,5,0,11.0,1.0,3.0,4.0,139.02,751.28,0.333
51302,0,15.0,Mobile Phone,1,5.0,E wallet,Female,3.0,3,Grocery,5,Single,1,1,17.0,4.0,5.0,0.0,1.07,365.07,0.8
51303,0,17.0,Phone,1,8.0,Debit Card,Male,3.0,4,Laptop & Accessory,4,Divorced,2,0,17.0,0.0,1.0,12.0,109.51,597.14,0.0
51304,0,3.0,Computer,1,6.0,UPI,Female,3.0,3,Fashion,3,Single,10,0,21.0,1.0,1.0,3.0,248.92,1158.9,1.0
51305,0,8.0,Mobile Phone,1,6.0,Credit Card,Male,3.0,3,Mobile Phone,1,Single,5,0,,3.0,4.0,9.0,151.41,891.36,0.75
51306,0,13.0,Mobile Phone,1,19.0,E wallet,Male,2.0,4,Grocery,4,Divorced,6,0,11.0,0.0,1.0,3.0,109.54,549.25,0.0
51307,0,10.0,Mobile Phone,1,8.0,Debit Card,Female,4.0,4,Laptop & Accessory,5,Single,4,1,19.0,2.0,3.0,1.0,211.31,1089.98,0.667
51308,1,15.0,Mobile Phone,3,,E wallet,Male,1.0,3,Others,5,Divorced,4,1,15.0,1.0,2.0,1.0,87.21,541.4,0.5
51309,0,13.0,Mobile Phone,1,14.0,Debit Card,Male,4.0,3,Mobile Phone,4,Single,2,0,21.0,,3.0,0.0,223.31,1151.58,0.667
51310,0,1.0,Mobile Phone,3,12.0,E wallet,Female,2.0,4,Mobile Phone,3,Divorced,9,0,16.0,2.0,8.0,2.0,225.34,1344.29,0.25
51311,0,19.0,Mobile Phone,3,12.0,Credit Card,Female,3.0,5,Fashion,2,Single,1,0,18.0,2.0,4.0,3.0,168.64,964.83,0.5
51312,0,7.0,Mobile Phone,2,19.0,Debit Card,Female,1.0,3,Mobile Phone,4,Single,4,1,19.0,5.0,11.0,,188.11,1361.82,0.455
51313,0,5.0,Mobile Phone,2,12.0,COD,Male,3.0,4,Laptop & Accessory,2,Married,7,0,,0.0,1.0,3.0,292.56,1252.73,0.0
51314,0,19.0,Phone,3,7.0,E wallet,Male,3.0,5,Laptop & Accessory,5,Married,3,0,18.0,2.0,2.0,1.0,180.07,918.27,1.0
51315,0,14.0,Mobile Phone,1,30.0,COD,Male,2.0,3,Laptop & Accessory,3,Single,4,0,17.0,1.0,1.0,3.0,286.44,1269.47,1.0
51316,0,20.0,Computer,3,12.0,Debit Card,Female,3.0,3,Mobile Phone,3,Married,3,0,18.0,0.0,3.0,4.0,189.05,997.39,0.0
51317,1,12.0,Computer,3,6.0,Credit Card,Male,2.0,4,Fashion,2,Married,10,1,16.0,1.0,1.0,3.0,181.83,863.95,1.0
51318,0,8.0,Computer,2,14.0,Credit Card,Male,3.0,1,Mobile Phone,3,Married,5,0,,3.0,6.0,3.0,62.49,619.46,0.5
51319,0,11.0,Computer,1,18.0,Credit Card,Male,3.0,3,Mobile Phone,4,Married,2,1,11.0,0.0,3.0,1.0,161.94,838.37,0.0
51320,0,4.0,Mobile Phone,1,,Debit Card,Female,3.0,3,Fashion,3,Married,6,0,15.0,1.0,3.0,4.0,177.72,930.34,0.333
51321,1,3.0,Mobile Phone,2,24.0,Debit Card,Male,2.0,3,Laptop & Accessory,4,Single,5,1,19.0,2.0,4.0,17.0,261.85,1327.03,0.5
51322,1,6.0,Mobile Phone,1,18.0,UPI,Male,2.0,2,Mobile Phone,4,Married,3,1,15.0,,,17.0,210.34,1099.29,0.25
51323,1,24.0,Computer,2,18.0,Credit Card,Male,3.0,4,Laptop & Accessory,3,Single,5,1,17.0,,3.0,2.0,214.39,1085.68,0.333
51324,0,7.0,Computer,1,12.0,COD,Male,4.0,5,Laptop & Accessory,3,Single,4,0,11.0,3.0,7.0,6.0,167.02,1037.68,0.429
51325,0,2.0,Computer,1,44.0,Debit Card,Male,4.0,3,Mobile Phone,5,Married,3,0,20.0,0.0,1.0,3.0,228.62,1073.76,0.0
51326,1,9.0,Mobile Phone,1,9.0,COD,Male,3.0,1,Laptop & Accessory,1,Married,5,0,18.0,0.0,1.0,,248.49,1133.26,0.0
51327,0,7.0,Phone,1,15.0,Credit Card,Female,4.0,4,Laptop & Accessory,4,Married,4,0,17.0,,3.0,6.0,151.15,845.37,0.667
51328,0,19.0,Mobile Phone,1,9.0,E wallet,Male,4.0,3,Mobile Phone,3,Divorced,5,0,20.0,,1.0,2.0,175.06,870.23,0.0
51329,0,23.0,Mobile Phone,1,21.0,Credit Card,Male,2.0,4,Mobile Phone,4,Married,4,1,16.0,0.0,2.0,6.0,166.36,850.17,0.0
51330,0,7.0,Phone,1,6.0,UPI,Male,2.0,4,Mobile Phone,3,Divorced,3,0,19.0,1.0,3.0,2.0,149.38,854.64,0.333
51331,0,12.0,Mobile Phone,1,6.0,Credit Card,Female,2.0,5,Others,1,Married,8,0,15.0,2.0,3.0,1.0,120.96,714.65,0.667
51332,0,12.0,Computer,1,25.0,Credit Card,Male,2.0,2,Mobile Phone,5,Divorced,4,0,14.0,1.0,1.0,9.0,240.32,1070.22,1.0
51333,1,9.0,Mobile Phone,3,12.0,Debit Card,Female,,2,Mobile Phone,1,Single,1,1,16.0,2.0,3.0,0.0,204.33,1039.45,0.667
51334,0,8.0,Computer,3,10.0,Credit Card,Female,3.0,3,Mobile Phone,2,Single,6,0,11.0,1.0,1.0,2.0,171.68,785.38,1.0
51335,0,5.0,Mobile Phone,2,16.0,UPI,Male,3.0,3,Mobile Phone,3,Married,3,0,20.0,1.0,,5.0,110.92,761.5,0.25
51336,1,2.0,Computer,1,20.0,Debit Card,Male,2.0,5,Laptop & Accessory,5,Single,3,0,20.0,2.0,5.0,10.0,223.22,1233.24,0.4
51337,0,5.0,Computer,1,8.0,E wallet,Female,3.0,5,Mobile Phone,3,Single,7,0,22.0,1.0,3.0,1.0,198.7,1066.06,0.333
51338,0,9.0,Computer,1,,Debit Card,Female,3.0,4,Laptop & Accessory,3,Single,4,0,15.0,1.0,3.0,0.0,169.25,898.15,0.333
51339,0,3.0,Mobile Phone,3,,UPI,Female,3.0,3,Laptop & Accessory,3,Married,3,0,16.0,0.0,1.0,,77.5,467.5,0.0
51340,0,11.0,Computer,2,16.0,COD,Female,5.0,4,Mobile Phone,3,Divorced,7,0,16.0,2.0,2.0,1.0,91.14,564.33,1.0
51341,0,10.0,Mobile Phone,1,11.0,Debit Card,Male,2.0,3,Mobile Phone,4,Married,5,0,14.0,0.0,1.0,5.0,131.64,657.23,0.0
51342,0,7.0,Mobile Phone,3,24.0,Debit Card,Female,3.0,5,Mobile Phone,3,Divorced,2,0,16.0,1.0,3.0,1.0,120.02,719.08,0.333
51343,0,8.0,Mobile Phone,1,14.0,Credit Card,Male,3.0,3,Mobile Phone,4,Married,8,1,17.0,1.0,3.0,4.0,211.55,1074.89,0.333
51344,1,3.0,Computer,1,8.0,Debit Card,Male,4.0,2,Mobile Phone,2,Single,4,1,11.0,0.0,1.0,5.0,205.53,914.01,0.0
51345,0,16.0,Mobile Phone,2,8.0,Credit Card,Female,2.0,4,Fashion,5,Married,4,0,12.0,,6.0,,233.73,1254.17,0.5
51346,1,16.0,Computer,1,11.0,Debit Card,Male,3.0,4,Laptop & Accessory,1,Divorced,4,0,19.0,9.0,11.0,4.0,127.82,1132.72,0.818
51347,1,4.0,Phone,1,29.0,Credit Card,Male,4.0,4,Mobile Phone,4,Married,3,1,17.0,1.0,1.0,11.0,160.45,790.71,1.0
51348,0,4.0,Mobile Phone,2,6.0,Debit Card,Male,3.0,2,Laptop & Accessory,5,Married,4,0,11.0,1.0,1.0,5.0,181.18,821.48,1.0
51349,0,,Computer,1,8.0,Debit Card,Male,2.0,4,Laptop & Accessory,1,Single,5,0,12.0,2.0,4.0,1.0,194.15,1013.77,0.5
51350,1,14.0,Mobile Phone,1,32.0,Debit Card,Female,3.0,4,Mobile Phone,1,Married,8,1,16.0,0.0,2.0,13.0,224.22,1070.04,0.0
51351,1,12.0,Computer,3,7.0,Credit Card,Male,2.0,4,Laptop & Accessory,3,Married,5,1,12.0,0.0,1.0,1.0,246.39,1077.28,0.0
51352,0,18.0,Mobile Phone,1,17.0,Credit Card,Female,,3,Mobile Phone,4,Single,3,0,18.0,1.0,6.0,1.0,282.54,1487.65,0.167
51353,0,20.0,Mobile Phone,1,8.0,Debit Card,Male,4.0,4,Grocery,4,Single,4,0,17.0,1.0,,6.0,147.11,785.02,0.5
51354,0,3.0,Mobile Phone,1,16.0,Credit Card,Male,3.0,3,Mobile Phone,5,Married,6,1,18.0,0.0,1.0,3.0,188.82,906.52,0.0
51355,0,14.0,Mobile Phone,1,11.0,UPI,Male,2.0,2,Fashion,3,Single,5,0,16.0,1.0,2.0,1.0,137.91,742.06,0.5
51356,0,19.0,Mobile Phone,1,6.0,Debit Card,Male,3.0,3,Mobile Phone,5,Married,1,0,15.0,2.0,5.0,1.0,228.73,1214.17,0.4
51357,0,8.0,Mobile Phone,1,15.0,E wallet,Male,3.0,4,Grocery,3,Married,4,0,22.0,2.0,2.0,1.0,151.11,840.22,1.0
51358,1,10.0,Mobile Phone,1,19.0,Credit Card,Female,3.0,2,Laptop & Accessory,5,Single,5,1,12.0,1.0,1.0,12.0,172.58,796.8,1.0
51359,0,9.0,Mobile Phone,1,19.0,Debit Card,Male,3.0,3,Mobile Phone,3,Married,5,0,11.0,1.0,1.0,4.0,191.38,860.24,1.0
51360,0,9.0,Mobile Phone,2,17.0,Debit Card,Male,,4,Mobile Phone,2,Divorced,5,0,11.0,1.0,4.0,6.0,160.03,876.11,0.25
51361,1,16.0,Phone,3,13.0,Credit Card,Male,3.0,3,Grocery,3,Married,3,1,12.0,1.0,2.0,1.0,244.63,1115.59,0.5
51362,0,27.0,Phone,3,14.0,E wallet,Male,5.0,2,Laptop & Accessory,2,Married,2,0,23.0,0.0,1.0,2.0,137.32,750.82,0.0
51363,0,22.0,Computer,1,17.0,Debit Card,Male,4.0,4,Laptop & Accessory,2,Married,3,0,19.0,2.0,5.0,4.0,223.3,1225.54,0.4
51364,0,7.0,Phone,1,19.0,COD,Female,2.0,2,Others,3,Single,4,0,11.0,0.0,1.0,3.0,161.05,744.99,0.0
51365,0,12.0,Phone,2,18.0,Credit Card,Male,2.0,3,Laptop & Accessory,2,Married,2,0,12.0,1.0,1.0,2.0,77.61,435.92,1.0
51366,0,5.0,Phone,1,16.0,Debit Card,Male,2.0,3,Laptop & Accessory,3,Married,2,0,17.0,1.0,2.0,0.0,171.6,878.08,0.5
51367,1,6.0,Mobile Phone,1,7.0,Debit Card,Male,2.0,3,Mobile Phone,1,Single,5,0,15.0,0.0,1.0,5.0,193.36,899.77,0.0
51368,0,9.0,Phone,3,8.0,Debit Card,Male,2.0,3,Mobile Phone,3,Single,3,0,11.0,2.0,5.0,4.0,245.74,1246.81,0.4
51369,0,6.0,Mobile Phone,1,9.0,Credit Card,Male,3.0,5,Fashion,5,Married,4,1,11.0,0.0,2.0,2.0,259.65,1164.67,0.0
51370,0,6.0,Computer,1,35.0,Credit Card,Female,2.0,4,Mobile Phone,3,Married,9,0,12.0,1.0,3.0,12.0,200.71,993.7,0.333
51371,0,11.0,Phone,3,22.0,E wallet,Female,,3,Mobile Phone,2,Divorced,5,0,,1.0,1.0,6.0,86.06,460.03,1.0
51372,0,13.0,Mobile Phone,3,15.0,E wallet,Male,2.0,3,Laptop & Accessory,3,Single,7,1,12.0,1.0,5.0,2.0,191.87,1050.11,0.2
51373,0,13.0,Phone,1,8.0,Debit Card,Female,1.0,3,Mobile Phone,5,Single,1,0,16.0,7.0,9.0,0.0,146.77,1090.73,0.778
51374,1,13.0,Mobile Phone,1,6.0,Credit Card,Male,3.0,1,Laptop & Accessory,3,Married,5,1,16.0,2.0,6.0,7.0,169.26,1041.19,0.333
51375,0,4.0,Mobile Phone,1,32.0,Debit Card,Female,3.0,5,Laptop & Accessory,3,Married,4,0,11.0,1.0,3.0,3.0,115.16,660.61,0.333
51376,1,6.0,Mobile Phone,2,32.0,Credit Card,Female,4.0,3,Grocery,4,Married,4,1,15.0,2.0,4.0,3.0,156.45,894.51,0.5
51377,1,10.0,Phone,1,6.0,E wallet,Male,2.0,4,Laptop & Accessory,2,Married,4,1,13.0,4.0,5.0,4.0,153.2,911.16,0.8
51378,1,19.0,Phone,1,24.0,Credit Card,Male,4.0,4,Mobile Phone,3,Single,6,0,17.0,0.0,,5.0,182.66,875.11,0.0
51379,1,35.0,Computer,3,12.0,E wallet,Male,2.0,4,Grocery,1,Divorced,3,0,19.0,0.0,1.0,4.0,182.31,889.78,0.0
51380,0,12.0,Mobile Phone,1,10.0,COD,Male,3.0,2,Laptop & Accessory,2,Single,3,0,18.0,0.0,1.0,1.0,124.22,661.04,0.0
51381,1,15.0,Mobile Phone,3,21.0,Credit Card,Male,2.0,3,Laptop & Accessory,2,Single,4,1,11.0,3.0,6.0,1.0,95.92,722.5,0.5
51382,0,3.0,Phone,3,16.0,Debit Card,Female,4.0,2,Mobile Phone,3,Married,7,0,16.0,1.0,1.0,0.0,96.54,539.85,1.0
51383,0,15.0,Mobile Phone,1,23.0,Debit Card,Male,2.0,4,Laptop & Accessory,5,Married,2,1,19.0,,1.0,0.0,101.39,582.28,0.0
51384,1,30.0,Phone,3,,Debit Card,Male,4.0,3,Fashion,3,Single,4,1,14.0,7.0,,10.0,188.66,1548.91,0.437
51385,0,6.0,Mobile Phone,1,10.0,Credit Card,Female,1.0,2,Laptop & Accessory,3,Single,9,0,11.0,0.0,1.0,23.0,191.66,861.31,0.0
51386,0,7.0,Mobile Phone,2,10.0,E wallet,Female,2.0,4,Others,3,Single,6,1,18.0,0.0,1.0,2.0,197.27,938.63,0.0
51387,1,17.0,Mobile Phone,3,10.0,Credit Card,Male,3.0,3,Fashion,3,Single,1,1,11.0,4.0,5.0,,107.97,723.29,0.8
51388,1,10.0,Phone,1,13.0,E wallet,Female,3.0,2,Grocery,3,Single,3,1,21.0,4.0,,2.0,137.51,915.54,0.8
51389,0,2.0,Mobile Phone,2,9.0,E wallet,Female,4.0,3,Laptop & Accessory,5,Married,2,0,14.0,2.0,2.0,0.0,134.91,714.66,1.0
51390,1,,Mobile Phone,3,12.0,E wallet,Male,3.0,3,Laptop & Accessory,1,Single,9,0,19.0,0.0,1.0,4.0,178.94,876.97,0.0
51391,0,23.0,Mobile Phone,1,11.0,Debit Card,Male,3.0,5,Laptop & Accessory,4,Married,3,0,12.0,1.0,1.0,1.0,184.13,840.69,1.0
51392,0,8.0,Mobile Phone,1,21.0,UPI,Female,3.0,3,Mobile Phone,5,Married,3,0,14.0,1.0,1.0,2.0,216.01,977.84,1.0
51393,0,8.0,Mobile Phone,1,16.0,Credit Card,Female,3.0,3,Laptop & Accessory,3,Married,4,0,17.0,2.0,5.0,9.0,169.1,1003.58,0.4
51394,0,16.0,Mobile Phone,1,18.0,Debit Card,Male,,5,Fashion,4,Single,4,1,20.0,0.0,1.0,4.0,324.99,1439.96,0.0
51395,0,12.0,Phone,3,8.0,COD,Male,1.0,3,Mobile Phone,4,Married,6,0,17.0,2.0,3.0,1.0,221.75,1113.65,0.667
51396,1,8.0,Mobile Phone,3,10.0,COD,Female,3.0,3,Mobile Phone,3,Married,4,0,17.0,4.0,8.0,0.0,149.31,1063.38,0.5
51397,1,6.0,Phone,1,5.0,Credit Card,Female,3.0,2,Mobile Phone,2,Divorced,6,1,17.0,2.0,4.0,5.0,147.68,877.18,0.5
51398,0,45.0,Phone,1,6.0,E wallet,Female,3.0,5,Mobile Phone,2,Married,9,0,11.0,1.0,2.0,,203.23,950.27,0.5
51399,1,21.0,Mobile Phone,1,,Debit Card,Female,4.0,4,Laptop & Accessory,1,Married,4,0,19.0,1.0,1.0,1.0,149.41,764.76,1.0
51400,0,13.0,Mobile Phone,1,6.0,Credit Card,Female,4.0,3,Laptop & Accessory,4,Married,5,0,11.0,1.0,1.0,4.0,139.65,663.67,1.0
51401,1,14.0,Computer,1,16.0,Debit Card,Female,4.0,3,Mobile Phone,3,Married,4,1,17.0,0.0,1.0,11.0,155.01,770.04,0.0
51402,0,9.0,Mobile Phone,1,80.0,Credit Card,Female,2.0,5,Mobile Phone,4,Single,4,0,11.0,1.0,3.0,4.0,186.81,932.88,0.333
51403,0,12.0,Mobile Phone,1,6.0,Credit Card,Female,2.0,3,Laptop & Accessory,3,Married,3,0,16.0,2.0,2.0,3.0,190.49,941.86,1.0
51404,0,8.0,Mobile Phone,3,,Debit Card,Male,1.0,3,Fashion,5,Divorced,2,0,14.0,1.0,3.0,9.0,79.39,548.68,0.333
51405,0,5.0,Phone,1,7.0,Credit Card,Female,,4,Fashion,3,Married,2,0,14.0,0.0,1.0,2.0,147.25,716.55,0.0
51406,0,12.0,Phone,1,18.0,Debit Card,Male,2.0,4,Laptop & Accessory,2,Single,4,0,17.0,4.0,5.0,0.0,230.04,1235.15,0.8
51407,0,8.0,Computer,1,17.0,Debit Card,Male,3.0,5,Mobile Phone,3,Divorced,4,0,15.0,0.0,3.0,4.0,290.97,1360.69,0.0
51408,0,13.0,Computer,3,33.0,Credit Card,Male,2.0,4,Laptop & Accessory,5,Married,7,0,17.0,2.0,3.0,1.0,175.3,937.14,0.667
51409,1,14.0,Mobile Phone,3,6.0,Credit Card,Male,1.0,5,Laptop & Accessory,3,Married,2,1,18.0,0.0,1.0,0.0,186.25,896.75,0.0
51410,0,13.0,Mobile Phone,3,10.0,Debit Card,Male,2.0,4,Fashion,3,Married,6,0,11.0,1.0,2.0,0.0,171.76,830.69,0.5
51411,0,5.0,Mobile Phone,1,6.0,Debit Card,Female,2.0,1,Others,3,Married,4,0,22.0,0.0,1.0,1.0,241.46,1138.55,0.0
51412,0,7.0,Mobile Phone,1,11.0,Debit Card,Female,3.0,2,Mobile Phone,3,Single,4,0,11.0,3.0,7.0,5.0,140.99,938.76,0.429
51413,0,8.0,Mobile Phone,1,,Debit Card,Female,4.0,4,Grocery,2,Married,6,0,17.0,2.0,2.0,4.0,234.56,1117.33,1.0
51414,0,18.0,Mobile Phone,1,,Credit Card,Female,3.0,1,Mobile Phone,3,Married,8,0,19.0,,1.0,2.0,244.88,1127.54,0.0
51415,0,,Mobile Phone,2,20.0,UPI,Male,3.0,4,Mobile Phone,3,Married,5,0,18.0,3.0,7.0,1.0,227.55,1323.69,0.429
51416,1,6.0,Mobile Phone,3,14.0,Debit Card,Male,3.0,4,Mobile Phone,4,Single,4,0,19.0,0.0,1.0,0.0,164.33,821.45,0.0
51417,1,4.0,Mobile Phone,1,31.0,Credit Card,Male,4.0,3,Laptop & Accessory,2,Married,4,0,11.0,2.0,2.0,1.0,192.84,910.79,1.0
51418,0,36.0,Computer,1,12.0,Debit Card,Male,4.0,3,Laptop & Accessory,4,Single,3,0,15.0,1.0,1.0,4.0,247.35,1104.93,1.0
51419,0,13.0,Phone,2,7.0,Debit Card,Female,4.0,2,Mobile Phone,4,Single,4,1,18.0,1.0,1.0,,205.58,970.2,1.0
51420,1,3.0,Computer,1,27.0,Debit Card,Male,2.0,1,Mobile Phone,3,Married,11,1,14.0,1.0,1.0,6.0,86.58,486.0,1.0
51421,0,6.0,Mobile Phone,1,9.0,UPI,Male,4.0,4,Mobile Phone,3,Divorced,5,0,19.0,0.0,1.0,0.0,181.24,885.71,0.0
51422,0,18.0,Mobile Phone,2,6.0,Credit Card,Male,2.0,2,Mobile Phone,4,Married,1,1,17.0,0.0,3.0,7.0,135.01,784.04,0.0
51423,1,31.0,Mobile Phone,1,7.0,Credit Card,Male,3.0,5,Laptop & Accessory,3,Married,4,1,16.0,2.0,2.0,4.0,200.5,979.9,1.0
51424,1,28.0,Mobile Phone,3,16.0,Credit Card,Male,3.0,3,Laptop & Accessory,3,Married,4,1,19.0,3.0,6.0,1.0,188.13,1136.89,0.5
51425,0,13.0,Mobile Phone,1,16.0,Debit Card,Female,3.0,4,Mobile Phone,5,Divorced,9,0,11.0,1.0,3.0,3.0,130.63,719.39,0.333
51426,0,10.0,Computer,3,9.0,UPI,Male,3.0,2,Laptop & Accessory,5,Single,5,1,,1.0,4.0,7.0,215.07,1085.27,0.25
51427,1,,Computer,3,21.0,Debit Card,Male,2.0,3,Grocery,2,Married,4,1,,,1.0,,173.71,849.1,1.0
51428,0,,Mobile Phone,3,23.0,Debit Card,Male,3.0,3,Mobile Phone,5,Married,7,0,15.0,1.0,1.0,6.0,170.12,811.46,1.0
51429,1,5.0,Mobile Phone,1,35.0,Debit Card,Female,3.0,1,Laptop & Accessory,3,Married,3,1,15.0,0.0,2.0,2.0,169.14,852.73,0.0
51430,0,7.0,Mobile Phone,1,16.0,Debit Card,Male,1.0,4,Mobile Phone,3,Divorced,4,0,15.0,1.0,5.0,4.0,175.33,1011.25,0.2
51431,0,17.0,Mobile Phone,1,23.0,Debit Card,Male,3.0,5,Mobile Phone,5,Married,4,0,20.0,1.0,2.0,8.0,182.72,944.34,0.5
51432,0,8.0,Mobile Phone,1,22.0,Credit Card,Male,3.0,1,Mobile Phone,5,Married,5,1,,2.0,2.0,3.0,206.86,988.07,1.0
51433,0,8.0,Mobile Phone,3,9.0,Debit Card,Female,,3,Others,3,Single,2,0,17.0,1.0,2.0,4.0,169.17,868.85,0.5
51434,0,9.0,Mobile Phone,1,9.0,Credit Card,Female,2.0,4,Mobile Phone,3,Single,5,0,17.0,2.0,3.0,2.0,199.86,1030.47,0.667
51435,0,39.0,Mobile Phone,3,13.0,Debit Card,Male,5.0,4,Grocery,5,Married,6,0,20.0,0.0,2.0,1.0,220.28,1087.06,0.0
51436,0,4.0,Mobile Phone,1,5.0,COD,Female,4.0,2,Grocery,3,Divorced,5,0,16.0,,2.0,16.0,243.45,1143.11,0.5
51437,0,12.0,Mobile Phone,1,9.0,Debit Card,Male,2.0,2,Laptop & Accessory,3,Married,4,0,17.0,1.0,2.0,0.0,136.86,746.07,0.5
51438,0,27.0,Mobile Phone,3,13.0,Credit Card,Male,3.0,1,Laptop & Accessory,5,Married,7,0,11.0,1.0,2.0,1.0,131.69,678.42,0.5
51439,0,9.0,Computer,1,6.0,E wallet,Male,3.0,3,Mobile Phone,2,Married,5,1,11.0,1.0,4.0,6.0,114.62,703.56,0.25
51440,0,20.0,Mobile Phone,3,7.0,Debit Card,Male,3.0,2,Fashion,4,Married,3,0,12.0,0.0,1.0,6.0,157.39,739.08,0.0
51441,0,3.0,Computer,1,,Debit Card,Female,3.0,3,Fashion,3,Single,1,0,15.0,2.0,2.0,1.0,214.69,1025.82,1.0
51442,0,8.0,Computer,3,21.0,Debit Card,Female,1.0,3,Fashion,3,Married,5,0,13.0,1.0,4.0,,86.74,613.61,0.25
51443,1,5.0,Computer,1,27.0,Debit Card,Male,2.0,3,Mobile Phone,1,Married,3,0,15.0,2.0,2.0,10.0,137.09,730.94,1.0
51444,0,9.0,Phone,3,14.0,Debit Card,Male,2.0,2,Fashion,2,Married,3,0,14.0,2.0,2.0,7.0,128.97,692.09,1.0
51445,1,9.0,Phone,1,13.0,Credit Card,Male,3.0,3,Mobile Phone,2,Married,3,0,11.0,1.0,2.0,0.0,173.65,837.87,0.5
51446,0,10.0,Computer,1,11.0,Credit Card,Male,4.0,1,Laptop & Accessory,4,Single,2,0,14.0,1.0,2.0,0.0,223.93,1052.93,0.5
51447,0,17.0,Mobile Phone,3,8.0,Credit Card,Female,5.0,3,Laptop & Accessory,4,Married,4,0,13.0,,2.0,3.0,126.86,676.07,0.5
51448,0,1.0,Mobile Phone,3,7.0,Debit Card,Female,,3,Mobile Phone,5,Married,6,0,19.0,1.0,1.0,2.0,222.32,1041.82,1.0
51449,0,6.0,Computer,1,,UPI,Female,5.0,2,Mobile Phone,4,Married,3,0,17.0,1.0,2.0,0.0,258.55,1208.49,0.5
51450,1,11.0,Phone,1,13.0,Debit Card,Male,1.0,4,Mobile Phone,2,Single,5,1,20.0,2.0,4.0,1.0,219.65,1174.67,0.5
51451,0,2.0,Computer,1,24.0,Debit Card,Female,3.0,3,Laptop & Accessory,5,Single,8,1,20.0,0.0,1.0,13.0,149.12,771.66,0.0
51452,0,14.0,Phone,1,20.0,Debit Card,Male,2.0,4,Laptop & Accessory,2,Married,4,0,25.0,,3.0,2.0,89.11,673.62,0.667
51453,0,6.0,Computer,2,8.0,Debit Card,Female,4.0,3,Mobile Phone,3,Married,5,0,13.0,4.0,10.0,1.0,200.82,1317.12,0.4
51454,0,9.0,Phone,1,14.0,Credit Card,Male,4.0,3,Others,4,Married,4,0,18.0,1.0,2.0,1.0,217.06,1058.83,0.5
51455,0,17.0,Phone,1,12.0,Credit Card,Male,3.0,4,Grocery,2,Married,9,0,14.0,0.0,2.0,4.0,178.64,880.83,0.0
51456,0,,Mobile Phone,2,12.0,Credit Card,Male,3.0,1,Mobile Phone,2,Divorced,4,0,14.0,1.0,1.0,3.0,256.95,1133.41,1.0
51457,0,15.0,Computer,1,14.0,Credit Card,Male,2.0,2,Grocery,5,Married,3,1,11.0,3.0,3.0,2.0,50.33,414.25,1.0
51458,0,4.0,Computer,2,53.0,COD,Female,2.0,3,Laptop & Accessory,3,Married,6,0,12.0,1.0,2.0,2.0,182.61,879.92,0.5
51459,0,14.0,Computer,3,25.0,Credit Card,Female,5.0,3,Fashion,4,Single,8,0,22.0,3.0,4.0,1.0,225.43,1212.63,0.75
51460,0,15.0,Phone,1,33.0,Credit Card,Female,4.0,3,Mobile Phone,5,Single,4,0,15.0,1.0,1.0,6.0,225.65,1022.47,1.0
51461,0,13.0,Mobile Phone,2,5.0,Debit Card,Male,2.0,4,Fashion,5,Married,6,1,11.0,,1.0,,143.8,679.44,1.0
51462,1,23.0,Mobile Phone,1,7.0,Debit Card,Male,2.0,1,Laptop & Accessory,2,Single,2,1,13.0,1.0,1.0,0.0,155.16,738.61,1.0
51463,0,10.0,Computer,1,6.0,Credit Card,Female,2.0,5,Fashion,2,Married,1,0,15.0,1.0,1.0,1.0,237.95,1069.21,1.0
51464,0,22.0,Phone,1,9.0,Debit Card,Female,5.0,2,Mobile Phone,4,Divorced,4,1,11.0,1.0,4.0,0.0,167.79,905.6,0.25
51465,0,22.0,Mobile Phone,1,12.0,Credit Card,Male,4.0,3,Laptop & Accessory,2,Married,5,0,18.0,3.0,4.0,0.0,199.17,1080.85,0.75
51466,0,15.0,Mobile Phone,1,17.0,Debit Card,Female,3.0,5,Laptop & Accessory,4,Married,6,0,15.0,6.0,8.0,14.0,149.54,1048.25,0.75
51467,1,12.0,Computer,1,13.0,E wallet,Female,3.0,1,Laptop & Accessory,3,Single,4,1,17.0,0.0,1.0,3.0,125.56,658.13,0.0
51468,0,13.0,Computer,3,33.0,COD,Female,3.0,6,Mobile Phone,3,Single,6,0,11.0,0.0,1.0,1.0,210.03,931.11,0.0
51469,0,26.0,Computer,2,39.0,Debit Card,Male,2.0,1,Laptop & Accessory,4,Single,5,0,11.0,1.0,9.0,15.0,155.17,1082.65,0.111
51470,0,19.0,Phone,3,7.0,E wallet,Female,4.0,2,Mobile Phone,5,Married,7,0,11.0,1.0,1.0,3.0,170.84,782.19,1.0
51471,1,4.0,Mobile Phone,1,28.0,UPI,Male,3.0,3,Fashion,3,Married,7,1,19.0,0.0,2.0,5.0,176.5,912.7,0.0
51472,0,13.0,Mobile Phone,1,13.0,COD,Female,2.0,3,Others,3,Single,2,0,,1.0,3.0,14.0,146.88,805.14,0.333
51473,1,5.0,Mobile Phone,1,12.0,Debit Card,Male,3.0,3,Laptop & Accessory,3,Married,5,1,17.0,1.0,1.0,12.0,103.57,574.57,1.0
51474,0,6.0,Computer,1,23.0,E wallet,Female,3.0,2,Laptop & Accessory,3,Married,3,0,23.0,2.0,4.0,15.0,171.52,1015.78,0.5
51475,0,7.0,Mobile Phone,1,6.0,Debit Card,Female,3.0,2,Mobile Phone,1,Married,6,0,13.0,3.0,5.0,8.0,168.73,970.17,0.6
51476,1,3.0,Phone,2,31.0,Credit Card,Male,3.0,1,Laptop & Accessory,4,Single,5,1,15.0,2.0,2.0,5.0,145.83,764.15,1.0
51477,0,5.0,Mobile Phone,1,18.0,E wallet,Female,4.0,3,Fashion,5,Single,2,0,15.0,1.0,,1.0,173.89,915.78,0.333
51478,0,24.0,Mobile Phone,1,30.0,E wallet,Male,3.0,5,Mobile Phone,4,Married,6,0,11.0,1.0,2.0,1.0,243.14,1101.93,0.5
51479,0,6.0,Computer,1,67.0,Debit Card,Male,3.0,3,Mobile Phone,2,Married,3,0,17.0,2.0,3.0,2.0,68.65,531.87,0.667
51480,0,,Mobile Phone,1,,E wallet,Male,3.0,4,Laptop & Accessory,4,Divorced,5,0,12.0,0.0,2.0,10.0,59.99,413.96,0.0
51481,0,11.0,Phone,1,6.0,Credit Card,Male,2.0,2,Fashion,3,Single,4,0,11.0,0.0,1.0,1.0,206.05,915.99,0.0
51482,1,14.0,Mobile Phone,1,7.0,Debit Card,Female,3.0,2,Others,4,Married,2,0,11.0,1.0,1.0,,150.08,703.3,1.0
51483,0,14.0,Mobile Phone,3,10.0,Credit Card,Male,2.0,3,Mobile Phone,5,Single,6,0,16.0,0.0,1.0,4.0,136.77,692.73,0.0
51484,0,5.0,Mobile Phone,1,6.0,UPI,Female,4.0,4,Others,3,Married,3,0,16.0,2.0,6.0,1.0,227.7,1263.26,0.333
51485,1,17.0,Mobile Phone,2,25.0,COD,Male,4.0,4,Laptop & Accessory,1,Single,2,0,18.0,2.0,2.0,4.0,203.0,1005.4,1.0
51486,1,4.0,Phone,1,9.0,E wallet,Female,2.0,3,Laptop & Accessory,3,Single,7,1,21.0,1.0,6.0,5.0,148.54,1002.45,0.167
51487,1,6.0,Mobile Phone,1,50.0,Debit Card,Male,4.0,3,Others,2,Married,6,1,15.0,0.0,1.0,2.0,191.85,894.03,0.0
51488,0,14.0,Mobile Phone,3,20.0,Debit Card,Male,3.0,2,Mobile Phone,4,Married,3,0,15.0,2.0,3.0,3.0,120.98,714.72,0.667
51489,0,4.0,Mobile Phone,1,7.0,Debit Card,Female,4.0,4,Laptop & Accessory,3,Married,4,0,11.0,0.0,2.0,3.0,118.18,627.08,0.0
51490,1,2.0,Phone,1,13.0,Debit Card,Male,3.0,3,Laptop & Accessory,1,Married,1,0,23.0,0.0,1.0,1.0,174.08,890.5,0.0
51491,0,12.0,Computer,3,13.0,Credit Card,Female,3.0,4,Mobile Phone,3,Married,6,0,11.0,0.0,2.0,,161.72,792.54,0.0
51492,0,3.0,Mobile Phone,1,13.0,Debit Card,Male,3.0,4,Mobile Phone,5,Married,3,0,15.0,1.0,2.0,1.0,180.2,894.76,0.5
51493,0,15.0,Phone,1,14.0,Debit Card,Male,2.0,4,Fashion,3,Single,2,0,21.0,0.0,1.0,6.0,126.69,694.42,0.0
51494,1,8.0,Phone,3,5.0,UPI,Female,1.0,3,Laptop & Accessory,3,Married,3,1,13.0,1.0,1.0,7.0,176.1,818.18,1.0
51495,0,12.0,Phone,2,19.0,Credit Card,Female,2.0,4,Mobile Phone,2,Married,5,0,11.0,1.0,4.0,3.0,183.4,964.92,0.25
51496,0,12.0,Mobile Phone,1,13.0,E wallet,Male,2.0,3,Mobile Phone,3,Married,6,0,18.0,1.0,3.0,0.0,175.41,945.56,0.333
51497,0,16.0,Phone,1,24.0,Debit Card,Female,2.0,3,Mobile Phone,3,Single,5,0,22.0,1.0,3.0,0.0,106.42,715.4,0.333
51498,0,14.0,Phone,3,25.0,Credit Card,Male,3.0,1,Mobile Phone,5,Single,6,0,25.0,1.0,6.0,14.0,115.32,908.22,0.167
51499,1,4.0,Phone,1,8.0,Debit Card,Male,3.0,4,Mobile Phone,1,Single,4,0,12.0,1.0,1.0,1.0,258.39,1122.88,1.0
51500,0,8.0,Phone,1,6.0,Credit Card,Male,4.0,3,Laptop & Accessory,2,Single,8,0,17.0,2.0,2.0,1.0,74.51,509.14,1.0
51501,0,12.0,Computer,1,20.0,Credit Card,Female,2.0,4,Mobile Phone,1,Divorced,5,0,20.0,3.0,8.0,,216.55,1342.89,0.375
51502,1,23.0,Mobile Phone,3,51.0,Credit Card,Male,4.0,4,Laptop & Accessory,5,Divorced,5,0,18.0,,2.0,5.0,153.88,818.74,0.0
51503,0,,Computer,1,12.0,E wallet,Male,3.0,4,Laptop & Accessory,3,Married,4,0,,1.0,2.0,6.0,166.65,859.27,0.5
51504,0,,Mobile Phone,3,9.0,UPI,Female,3.0,2,Mobile Phone,5,Single,10,0,13.0,1.0,1.0,14.0,123.26,617.39,1.0
51505,0,13.0,Phone,1,7.0,Credit Card,Male,3.0,5,Laptop & Accessory,4,Divorced,2,0,14.0,,3.0,8.0,77.83,542.75,0.333
51506,1,,Mobile Phone,1,9.0,Debit Card,Male,3.0,1,Mobile Phone,5,Married,7,0,13.0,,4.0,0.0,183.63,981.79,0.75
51507,1,11.0,Mobile Phone,2,10.0,COD,Male,2.0,4,Laptop & Accessory,1,Single,7,0,11.0,1.0,1.0,8.0,147.77,694.53,1.0
51508,1,18.0,Phone,3,12.0,E wallet,Male,3.0,3,Mobile Phone,2,Married,2,1,12.0,2.0,3.0,15.0,187.07,941.87,0.667
51509,0,,Phone,1,18.0,Credit Card,Male,3.0,4,Others,4,Married,8,1,12.0,0.0,2.0,3.0,202.49,955.46,0.0
51510,0,24.0,Mobile Phone,1,9.0,E wallet,Male,5.0,3,Laptop & Accessory,4,Single,8,0,19.0,1.0,2.0,1.0,233.57,1129.57,0.5
51511,0,13.0,Mobile Phone,3,6.0,Debit Card,Male,4.0,4,Laptop & Accessory,4,Single,4,0,18.0,1.0,3.0,1.0,195.13,1020.49,0.333
51512,0,3.0,Mobile Phone,2,11.0,Debit Card,Male,3.0,3,Mobile Phone,4,Married,3,0,15.0,1.0,1.0,8.0,202.64,935.03,1.0
51513,0,12.0,Computer,1,28.0,Debit Card,Female,3.0,4,Laptop & Accessory,4,Single,3,0,13.0,0.0,1.0,15.0,166.41,781.36,0.0
51514,0,15.0,Computer,1,13.0,Debit Card,Female,4.0,3,Mobile Phone,5,Single,4,0,11.0,4.0,5.0,14.0,56.55,527.89,0.8
51515,0,17.0,Mobile Phone,2,45.0,Credit Card,Female,4.0,4,Laptop & Accessory,5,Single,4,0,14.0,1.0,1.0,3.0,221.36,998.17,1.0
51516,0,29.0,Computer,3,13.0,Debit Card,Male,4.0,2,Laptop & Accessory,1,Divorced,4,0,16.0,1.0,3.0,4.0,146.6,820.08,0.333
51517,1,7.0,Computer,3,9.0,E wallet,Male,3.0,4,Grocery,3,Married,5,0,24.0,3.0,5.0,5.0,67.73,674.37,0.6
51518,0,29.0,Mobile Phone,1,8.0,Credit Card,Female,2.0,3,Laptop & Accessory,3,Married,3,0,19.0,0.0,3.0,2.0,156.95,883.41,0.0
51519,1,10.0,Phone,1,19.0,Debit Card,Female,4.0,3,Mobile Phone,3,Married,5,1,16.0,2.0,4.0,13.0,93.74,664.21,0.5
51520,1,6.0,Mobile Phone,1,14.0,Debit Card,Male,2.0,4,Laptop & Accessory,1,Married,4,0,15.0,1.0,2.0,8.0,170.7,858.66,0.5
51521,0,7.0,Phone,1,16.0,Credit Card,Male,3.0,4,Laptop & Accessory,3,Married,4,0,11.0,4.0,5.0,1.0,197.46,1063.35,0.8
51522,0,14.0,Mobile Phone,1,22.0,Debit Card,Female,3.0,4,Laptop & Accessory,5,Single,6,1,16.0,1.0,3.0,1.0,162.92,882.1,0.333
51523,1,5.0,Mobile Phone,1,21.0,E wallet,Male,3.0,5,Laptop & Accessory,1,Married,3,0,16.0,1.0,1.0,4.0,184.92,875.7,1.0
51524,0,8.0,Mobile Phone,1,,E wallet,Male,2.0,2,Mobile Phone,5,Single,9,0,16.0,1.0,2.0,3.0,179.03,898.31,0.5
51525,0,12.0,Mobile Phone,1,24.0,Credit Card,Male,4.0,3,Fashion,2,Married,5,0,12.0,,3.0,0.0,250.65,1183.47,0.333
51526,0,24.0,Computer,2,14.0,Debit Card,Female,3.0,3,Mobile Phone,4,Divorced,10,1,22.0,2.0,4.0,3.0,181.21,1044.6,0.5
51527,0,17.0,Mobile Phone,3,11.0,E wallet,Female,3.0,3,Mobile Phone,3,Single,2,0,23.0,1.0,1.0,13.0,140.89,764.38,1.0
51528,0,10.0,Mobile Phone,1,14.0,Debit Card,Female,3.0,3,Fashion,3,Married,5,0,15.0,6.0,,3.0,153.28,1197.46,0.545
51529,0,14.0,Computer,1,,Debit Card,Female,5.0,4,Others,5,Single,6,1,18.0,0.0,1.0,5.0,162.04,804.75,0.0
51530,0,11.0,Mobile Phone,1,7.0,Credit Card,Male,3.0,3,Mobile Phone,5,Divorced,3,0,11.0,0.0,2.0,,141.82,716.92,0.0
51531,0,4.0,Mobile Phone,3,11.0,UPI,Female,3.0,3,Grocery,3,Married,8,0,11.0,1.0,1.0,0.0,100.57,515.17,1.0
51532,0,27.0,Computer,1,10.0,Debit Card,Male,3.0,3,Mobile Phone,4,Divorced,7,0,18.0,0.0,,1.0,128.54,722.45,0.0
51533,0,24.0,Computer,2,10.0,UPI,Male,4.0,2,Fashion,3,Married,4,0,18.0,1.0,1.0,13.0,148.27,752.43,1.0
51534,1,9.0,Mobile Phone,1,6.0,Debit Card,Female,3.0,3,Mobile Phone,1,Single,3,0,18.0,1.0,1.0,,148.03,751.51,1.0
51535,1,7.0,Mobile Phone,1,7.0,Debit Card,Male,5.0,2,Grocery,1,Divorced,3,0,16.0,2.0,2.0,17.0,219.82,1053.32,1.0
51536,1,4.0,Computer,3,7.0,Credit Card,Male,2.0,5,Mobile Phone,4,Married,4,1,18.0,2.0,2.0,10.0,236.43,1132.43,1.0
51537,0,14.0,Mobile Phone,1,11.0,Debit Card,Female,2.0,3,Mobile Phone,3,Married,4,0,12.0,0.0,1.0,,196.75,888.65,0.0
51538,1,15.0,Mobile Phone,1,32.0,Debit Card,Female,2.0,4,Mobile Phone,3,Married,5,1,14.0,,7.0,1.0,189.73,1147.97,0.286
51539,0,5.0,Mobile Phone,1,8.0,Debit Card,Male,3.0,3,Fashion,5,Single,4,0,23.0,0.0,2.0,2.0,169.7,918.86,0.0
51540,0,12.0,Mobile Phone,1,11.0,Debit Card,Male,3.0,3,Others,1,Married,3,0,15.0,3.0,4.0,3.0,220.45,1137.71,0.75
51541,0,16.0,Phone,1,9.0,Debit Card,Male,3.0,2,Laptop & Accessory,2,Married,4,0,20.0,3.0,8.0,10.0,204.6,1297.48,0.375
51542,0,7.0,Phone,1,24.0,E wallet,Female,3.0,4,Mobile Phone,5,Divorced,7,0,14.0,1.0,6.0,3.0,217.66,1209.11,0.167
51543,0,9.0,Computer,2,6.0,E wallet,Male,3.0,5,Laptop & Accessory,3,Single,2,0,17.0,1.0,,7.0,81.74,581.61,0.333
51544,0,8.0,Phone,2,8.0,COD,Female,4.0,2,Laptop & Accessory,4,Married,6,0,20.0,1.0,1.0,,285.88,1291.34,1.0
51545,0,6.0,Mobile Phone,2,8.0,E wallet,Male,,2,Grocery,1,Married,3,0,11.0,1.0,3.0,1.0,116.91,667.26,0.333
51546,0,9.0,Mobile Phone,1,64.0,Credit Card,Male,3.0,3,Mobile Phone,5,Single,6,0,21.0,1.0,1.0,2.0,193.11,946.82,1.0
51547,0,3.0,Computer,1,,Credit Card,Male,4.0,3,Mobile Phone,2,Single,4,0,14.0,0.0,2.0,,165.98,832.72,0.0
51548,1,8.0,Mobile Phone,1,7.0,UPI,Male,,4,Mobile Phone,2,Single,6,1,17.0,0.0,6.0,22.0,118.63,856.79,0.0
51549,0,8.0,Mobile Phone,1,9.0,Debit Card,Female,1.0,3,Mobile Phone,2,Married,3,0,13.0,1.0,,4.0,145.3,701.14,1.0
51550,0,9.0,Computer,1,7.0,Debit Card,Female,2.0,2,Laptop & Accessory,3,Single,3,0,13.0,0.0,3.0,0.0,182.3,931.74,0.0
51551,0,13.0,Phone,3,7.0,E wallet,Male,3.0,5,Laptop & Accessory,5,Divorced,9,0,11.0,1.0,,4.0,137.63,655.99,1.0
51552,0,4.0,Mobile Phone,1,24.0,Debit Card,Male,3.0,3,Mobile Phone,2,Married,5,0,12.0,1.0,,4.0,162.59,758.84,1.0
51553,1,4.0,Computer,3,13.0,UPI,Female,4.0,4,Laptop & Accessory,2,Married,3,0,16.0,0.0,1.0,3.0,161.47,786.59,0.0
51554,0,5.0,Computer,1,17.0,Credit Card,Male,4.0,4,Laptop & Accessory,3,Divorced,4,0,16.0,2.0,2.0,2.0,124.64,691.63,1.0
51555,0,3.0,Mobile Phone,1,10.0,Debit Card,Female,,2,Laptop & Accessory,5,Single,3,0,18.0,3.0,4.0,1.0,156.19,917.52,0.75
51556,1,14.0,Computer,1,15.0,E wallet,Male,3.0,1,Fashion,1,Married,3,0,15.0,2.0,2.0,1.0,223.89,1060.78,1.0
51557,1,7.0,Mobile Phone,1,9.0,Debit Card,Male,3.0,2,Laptop & Accessory,3,Married,4,1,19.0,2.0,2.0,0.0,132.6,745.88,1.0
51558,0,10.0,Mobile Phone,1,9.0,COD,Male,5.0,5,Fashion,4,Single,4,0,,,1.0,2.0,226.93,1059.33,1.0
51559,0,5.0,Computer,3,18.0,COD,Male,1.0,4,Mobile Phone,5,Divorced,4,1,13.0,1.0,1.0,6.0,99.41,526.76,1.0
51560,0,8.0,Computer,3,7.0,Credit Card,Male,,2,Laptop & Accessory,4,Married,2,0,11.0,3.0,7.0,4.0,160.4,1012.52,0.429
51561,1,12.0,Mobile Phone,2,17.0,Debit Card,Female,5.0,4,Mobile Phone,1,Divorced,3,0,17.0,0.0,1.0,0.0,218.77,1012.33,0.0
51562,0,12.0,Mobile Phone,1,28.0,Debit Card,Male,4.0,4,Mobile Phone,3,Divorced,5,0,15.0,0.0,1.0,8.0,210.98,966.72,0.0
51563,1,4.0,Mobile Phone,3,7.0,Credit Card,Male,3.0,1,Fashion,1,Married,3,0,11.0,1.0,2.0,2.0,264.31,1182.38,0.5
51564,0,9.0,Phone,3,32.0,E wallet,Male,1.0,3,Grocery,4,Married,3,0,21.0,1.0,2.0,5.0,160.82,869.12,0.5
51565,1,,Mobile Phone,1,6.0,Debit Card,Female,3.0,4,Laptop & Accessory,1,Married,6,0,14.0,0.0,1.0,6.0,155.44,747.67,0.0
51566,0,9.0,Mobile Phone,2,10.0,Debit Card,Female,4.0,2,Fashion,1,Divorced,5,0,11.0,0.0,1.0,3.0,81.4,442.32,0.0
51567,0,6.0,Mobile Phone,1,16.0,Debit Card,Female,3.0,4,Laptop & Accessory,3,Single,7,0,24.0,4.0,5.0,7.0,144.29,965.3,0.8
51568,1,28.0,Mobile Phone,1,15.0,Credit Card,Male,4.0,4,Laptop & Accessory,5,Single,6,0,14.0,0.0,1.0,4.0,173.83,817.55,0.0
51569,0,16.0,Mobile Phone,1,6.0,UPI,Female,3.0,1,Laptop & Accessory,4,Single,6,1,15.0,0.0,4.0,7.0,217.83,1127.75,0.0
51570,1,13.0,Computer,1,24.0,Debit Card,Female,3.0,4,Mobile Phone,1,Single,4,0,17.0,1.0,1.0,5.0,46.26,356.79,1.0
51571,0,8.0,Mobile Phone,1,48.0,Debit Card,Male,3.0,1,Laptop & Accessory,3,Married,3,0,,3.0,6.0,1.0,137.55,880.69,0.5
51572,1,16.0,Mobile Phone,1,7.0,Credit Card,Male,3.0,4,Mobile Phone,1,Single,3,0,13.0,1.0,2.0,1.0,228.97,1064.09,0.5
51573,0,9.0,Computer,2,32.0,E wallet,Female,3.0,3,Fashion,3,Single,7,0,15.0,0.0,1.0,2.0,202.99,936.36,0.0
51574,0,26.0,Phone,3,15.0,E wallet,Male,3.0,4,Fashion,4,Single,3,0,21.0,2.0,2.0,2.0,109.72,674.94,1.0
51575,0,18.0,Mobile Phone,3,38.0,E wallet,Male,,4,Fashion,4,Married,3,0,12.0,2.0,6.0,2.0,214.62,1181.56,0.333
51576,0,8.0,Mobile Phone,1,7.0,Debit Card,Male,2.0,3,Laptop & Accessory,5,Single,4,1,19.0,0.0,1.0,3.0,201.07,961.07,0.0
51577,0,24.0,Phone,1,24.0,Credit Card,Male,3.0,3,Mobile Phone,5,Married,4,1,17.0,,2.0,3.0,259.18,1210.88,1.0
51578,0,8.0,Mobile Phone,1,6.0,COD,Male,3.0,3,Grocery,3,Single,5,0,15.0,2.0,3.0,11.0,187.31,966.78,0.667
51579,1,29.0,Phone,2,31.0,COD,Female,3.0,3,Laptop & Accessory,5,Married,2,0,13.0,0.0,1.0,2.0,201.18,913.48,0.0
51580,0,25.0,Mobile Phone,1,18.0,Credit Card,Female,4.0,3,Fashion,4,Single,2,1,11.0,0.0,1.0,0.0,233.01,1018.44,0.0
51581,1,12.0,Mobile Phone,1,11.0,E wallet,Male,3.0,6,Laptop & Accessory,3,Single,6,1,26.0,0.0,1.0,2.0,174.65,916.67,0.0
51582,0,3.0,Mobile Phone,2,8.0,COD,Male,3.0,4,Mobile Phone,5,Single,2,0,20.0,2.0,2.0,6.0,214.63,1065.59,1.0
51583,0,11.0,Phone,1,25.0,Credit Card,Female,3.0,3,Mobile Phone,5,Divorced,7,0,14.0,2.0,4.0,2.0,140.75,826.85,0.5
51584,0,4.0,Computer,1,16.0,Debit Card,Female,3.0,4,Grocery,5,Married,2,0,15.0,0.0,2.0,1.0,134.62,721.56,0.0
51585,0,6.0,Mobile Phone,3,10.0,Credit Card,Male,2.0,3,Mobile Phone,2,Divorced,5,0,13.0,1.0,1.0,2.0,241.97,1068.49,1.0
51586,0,7.0,Mobile Phone,1,12.0,COD,Female,4.0,4,Fashion,2,Married,4,0,11.0,2.0,2.0,6.0,138.23,703.27,1.0
51587,0,4.0,Mobile Phone,1,26.0,Credit Card,Female,1.0,3,Laptop & Accessory,5,Single,4,0,13.0,1.0,5.0,0.0,212.26,1135.59,0.2
51588,0,11.0,Mobile Phone,1,10.0,E wallet,Male,3.0,2,Mobile Phone,3,Divorced,7,0,14.0,1.0,3.0,5.0,181.59,937.04,0.333
51589,0,6.0,Computer,1,6.0,Credit Card,Male,3.0,1,Mobile Phone,5,Married,1,0,21.0,0.0,1.0,1.0,172.11,867.02,0.0
51590,0,8.0,Mobile Phone,1,34.0,Debit Card,Male,2.0,6,Mobile Phone,4,Single,4,0,16.0,1.0,1.0,18.0,222.84,1019.79,1.0
51591,0,7.0,Computer,3,11.0,Debit Card,Female,1.0,3,Mobile Phone,4,Married,4,1,13.0,0.0,,3.0,195.41,891.56,0.0
51592,1,13.0,Phone,1,10.0,COD,Male,2.0,3,Others,1,Single,6,0,22.0,0.0,1.0,2.0,172.93,878.13,0.0
51593,0,13.0,Computer,3,8.0,Credit Card,Male,2.0,3,Laptop & Accessory,3,Married,5,0,13.0,,2.0,4.0,189.76,915.09,0.5
51594,0,8.0,Phone,1,32.0,Debit Card,Male,4.0,3,Laptop & Accessory,5,Single,6,0,14.0,6.0,9.0,1.0,176.51,1187.74,0.667
51595,1,14.0,Mobile Phone,1,8.0,COD,Female,4.0,3,Others,3,Single,7,1,20.0,4.0,4.0,2.0,196.87,1088.11,1.0
51596,0,20.0,Mobile Phone,2,17.0,Credit Card,Male,2.0,4,Mobile Phone,4,Married,2,1,12.0,1.0,2.0,4.0,163.6,807.68,0.5
51597,0,1.0,Mobile Phone,2,31.0,E wallet,Female,2.0,2,Mobile Phone,4,Single,3,0,13.0,1.0,6.0,0.0,217.38,1200.04,0.167
51598,0,6.0,Mobile Phone,1,5.0,Credit Card,Female,4.0,3,Laptop & Accessory,2,Divorced,5,0,13.0,2.0,2.0,1.0,111.89,619.18,1.0
51599,0,5.0,Mobile Phone,3,26.0,Debit Card,Female,2.0,3,Laptop & Accessory,2,Married,6,1,17.0,1.0,4.0,3.0,150.99,889.76,0.25
51600,0,6.0,Mobile Phone,1,11.0,Credit Card,Female,5.0,3,Laptop & Accessory,4,Single,6,1,11.0,,1.0,5.0,210.97,934.69,0.0
51601,1,1.0,Computer,1,18.0,COD,Male,2.0,3,Laptop & Accessory,1,Married,4,0,15.0,1.0,1.0,2.0,114.41,599.76,1.0
51602,1,1.0,Mobile Phone,3,11.0,Debit Card,Female,3.0,3,Mobile Phone,3,Married,2,1,11.0,1.0,5.0,4.0,297.94,1445.17,0.2
51603,0,1.0,Phone,1,19.0,E wallet,Female,3.0,2,Fashion,5,Married,2,0,14.0,,1.0,1.0,148.48,721.22,0.0
51604,0,,Computer,1,9.0,Debit Card,Female,2.0,3,Grocery,4,Married,6,0,17.0,1.0,2.0,3.0,168.82,867.52,0.5
51605,0,7.0,Computer,1,5.0,Credit Card,Female,2.0,3,Laptop & Accessory,5,Divorced,3,0,11.0,1.0,1.0,2.0,143.6,678.68,1.0
51606,0,22.0,Mobile Phone,1,40.0,Debit Card,Female,3.0,3,Laptop & Accessory,3,Divorced,8,1,11.0,1.0,3.0,0.0,186.69,932.42,0.333
51607,1,11.0,Mobile Phone,1,,UPI,Male,3.0,3,Mobile Phone,4,Single,4,0,14.0,2.0,2.0,13.0,154.0,787.2,1.0
51608,0,14.0,Mobile Phone,1,26.0,Credit Card,Male,3.0,4,Laptop & Accessory,3,Divorced,6,0,13.0,0.0,4.0,,252.26,1242.59,0.0
51609,0,61.0,Mobile Phone,1,7.0,Credit Card,Male,2.0,4,Fashion,1,Married,4,0,18.0,2.0,4.0,4.0,147.87,885.91,0.5
51610,0,1.0,Mobile Phone,1,11.0,E wallet,Male,3.0,3,Mobile Phone,5,Divorced,4,1,11.0,1.0,1.0,2.0,198.4,886.92,1.0
51611,1,26.0,Computer,1,26.0,Debit Card,Female,3.0,2,Others,2,Married,5,1,15.0,0.0,2.0,,164.95,836.81,0.0
51612,1,9.0,Mobile Phone,1,8.0,Debit Card,Male,3.0,3,Laptop & Accessory,2,Married,4,1,12.0,6.0,10.0,5.0,157.98,1146.32,0.6
51613,0,7.0,Mobile Phone,1,29.0,Debit Card,Male,2.0,5,Laptop & Accessory,5,Single,5,0,11.0,2.0,2.0,1.0,186.5,886.7,1.0
51614,0,6.0,Computer,3,13.0,Credit Card,Female,3.0,2,Laptop & Accessory,5,Married,4,1,11.0,1.0,2.0,4.0,123.64,647.83,0.5
51615,0,12.0,Mobile Phone,2,10.0,Credit Card,Female,3.0,2,Laptop & Accessory,5,Married,7,1,12.0,0.0,1.0,1.0,136.38,659.24,0.0
51616,0,7.0,Mobile Phone,3,18.0,UPI,Female,4.0,3,Mobile Phone,1,Married,4,0,11.0,,3.0,6.0,194.41,961.76,0.667
51617,1,4.0,Phone,1,10.0,Credit Card,Female,3.0,3,Grocery,1,Married,5,0,12.0,2.0,7.0,,175.16,1076.61,0.286
51618,0,7.0,Mobile Phone,1,10.0,Debit Card,Male,2.0,3,Laptop & Accessory,3,Married,5,0,14.0,1.0,6.0,1.0,175.94,1050.57,0.167
51619,0,12.0,Phone,1,21.0,E wallet,Female,2.0,4,Laptop & Accessory,4,Married,6,0,11.0,1.0,3.0,11.0,247.75,1164.45,0.333
51620,1,15.0,Mobile Phone,3,9.0,Debit Card,Male,2.0,3,Laptop & Accessory,1,Divorced,2,0,15.0,0.0,,11.0,215.77,984.93,0.0
51621,0,28.0,Computer,1,8.0,UPI,Female,2.0,3,Mobile Phone,2,Married,4,0,,2.0,4.0,8.0,133.73,824.17,0.5
51622,0,10.0,Mobile Phone,3,25.0,Debit Card,Male,2.0,5,Mobile Phone,4,Single,5,0,16.0,0.0,2.0,0.0,145.49,770.86,0.0
51623,1,21.0,Mobile Phone,3,25.0,Debit Card,Female,2.0,2,Fashion,4,Divorced,1,0,14.0,0.0,2.0,6.0,125.33,678.25,0.0
51624,1,9.0,Phone,1,13.0,Credit Card,Female,2.0,2,Fashion,1,Married,5,1,16.0,4.0,4.0,0.0,138.12,832.86,1.0
51625,0,9.0,Mobile Phone,1,14.0,Debit Card,Male,2.0,3,Mobile Phone,5,Single,5,0,11.0,1.0,1.0,0.0,224.48,986.02,1.0
51626,1,9.0,Mobile Phone,1,19.0,Debit Card,Female,2.0,2,Mobile Phone,2,Single,4,1,11.0,1.0,3.0,1.0,229.58,1095.4,0.333
51627,0,11.0,Mobile Phone,1,14.0,Credit Card,Female,2.0,4,Fashion,5,Divorced,4,1,16.0,0.0,3.0,5.0,140.52,796.98,0.0
51628,0,17.0,Mobile Phone,1,11.0,Debit Card,Female,2.0,3,Mobile Phone,5,Married,6,0,14.0,3.0,7.0,2.0,182.09,1118.94,0.429
51629,0,7.0,Mobile Phone,3,68.0,Debit Card,Male,3.0,4,Laptop & Accessory,3,Single,6,0,14.0,1.0,1.0,8.0,170.4,804.52,1.0
51630,1,,Phone,1,7.0,Debit Card,Male,2.0,4,Laptop & Accessory,3,Married,5,1,13.0,0.0,2.0,6.0,196.92,942.3,0.0
51631,0,18.0,Phone,1,16.0,Credit Card,Male,2.0,3,Laptop & Accessory,3,Married,3,0,18.0,1.0,1.0,7.0,202.59,958.84,1.0
51632,0,17.0,Phone,1,31.0,Credit Card,Male,2.0,3,Mobile Phone,5,Divorced,7,0,21.0,1.0,5.0,,204.07,1168.47,0.2
51633,0,23.0,Mobile Phone,3,19.0,Debit Card,Male,3.0,3,Laptop & Accessory,2,Married,4,0,13.0,1.0,1.0,4.0,126.69,630.42,1.0
51634,1,6.0,Mobile Phone,2,31.0,Credit Card,Female,4.0,4,Laptop & Accessory,4,Married,3,0,15.0,1.0,1.0,9.0,136.39,683.28,1.0
51635,0,8.0,Phone,3,10.0,E wallet,Male,2.0,1,Fashion,3,Married,3,1,18.0,0.0,3.0,1.0,71.61,551.12,0.0
51636,0,18.0,Computer,3,9.0,Credit Card,Female,3.0,3,Mobile Phone,2,Married,3,0,18.0,0.0,1.0,11.0,203.07,960.67,0.0
51637,0,7.0,Mobile Phone,1,28.0,Credit Card,Male,3.0,4,Laptop & Accessory,5,Single,6,0,12.0,1.0,2.0,13.0,198.17,939.05,0.5
51638,0,15.0,Mobile Phone,1,11.0,Debit Card,Male,3.0,3,Fashion,5,Married,5,0,11.0,1.0,1.0,2.0,223.97,984.09,1.0
51639,1,9.0,Mobile Phone,1,,Credit Card,Male,4.0,2,Mobile Phone,1,Divorced,8,0,22.0,1.0,2.0,2.0,60.02,494.08,0.5
51640,0,12.0,Mobile Phone,1,7.0,UPI,Female,4.0,3,Laptop & Accessory,3,Single,3,0,11.0,2.0,3.0,2.0,202.73,993.37,0.667
51641,0,4.0,Phone,2,22.0,Credit Card,Female,2.0,3,Others,3,Divorced,6,0,22.0,1.0,2.0,3.0,107.64,675.03,0.5
51642,0,10.0,Mobile Phone,1,15.0,Debit Card,Male,3.0,3,Laptop & Accessory,5,Married,3,0,23.0,1.0,1.0,5.0,210.13,1027.49,1.0
51643,0,20.0,Phone,1,9.0,Debit Card,Male,3.0,4,Fashion,2,Single,7,0,18.0,1.0,4.0,3.0,268.21,1343.2,0.25
51644,0,16.0,Mobile Phone,1,13.0,COD,Male,4.0,3,Others,5,Single,4,0,19.0,0.0,1.0,3.0,222.84,1043.79,0.0
51645,0,5.0,Mobile Phone,1,19.0,E wallet,Female,4.0,3,Fashion,2,Single,5,0,15.0,3.0,5.0,0.0,137.93,869.13,0.6
51646,0,27.0,Computer,2,5.0,Debit Card,Female,2.0,3,Mobile Phone,2,Married,4,0,16.0,2.0,5.0,10.0,264.14,1356.73,0.4
51647,0,19.0,Mobile Phone,1,17.0,Debit Card,Female,2.0,4,Grocery,4,Single,4,1,12.0,0.0,1.0,1.0,170.33,788.25,0.0
51648,1,4.0,Mobile Phone,3,14.0,UPI,Male,3.0,4,Laptop & Accessory,2,Single,6,1,20.0,4.0,6.0,6.0,141.91,969.26,0.667
51649,0,7.0,Computer,1,8.0,Debit Card,Male,3.0,3,Laptop & Accessory,5,Married,2,0,24.0,1.0,1.0,2.0,181.18,925.48,1.0
51650,1,4.0,Computer,1,22.0,Credit Card,Male,,3,Mobile Phone,1,Married,5,0,20.0,1.0,2.0,3.0,222.28,1094.66,0.5
51651,1,12.0,Phone,3,9.0,E wallet,Male,3.0,4,Grocery,5,Married,10,0,14.0,1.0,1.0,0.0,171.49,808.66,1.0
51652,1,6.0,Mobile Phone,3,9.0,Credit Card,Male,2.0,3,Mobile Phone,5,Single,3,0,11.0,1.0,1.0,8.0,156.86,729.07,1.0
51653,1,2.0,Mobile Phone,1,13.0,Debit Card,Male,4.0,3,Others,5,Single,2,1,23.0,1.0,1.0,15.0,104.48,626.02,1.0
51654,0,9.0,Computer,1,19.0,Debit Card,Male,4.0,3,Laptop & Accessory,3,Married,9,0,11.0,0.0,1.0,1.0,215.2,950.76,0.0
51655,0,17.0,Mobile Phone,1,37.0,UPI,Male,3.0,2,Fashion,3,Married,3,0,16.0,3.0,4.0,1.0,192.75,1040.45,0.75
51656,0,10.0,Computer,1,7.0,Credit Card,Male,3.0,3,Grocery,3,Married,7,0,19.0,0.0,1.0,0.0,113.9,629.82,0.0
51657,0,14.0,Mobile Phone,3,11.0,E wallet,Male,3.0,4,Mobile Phone,5,Married,4,1,20.0,0.0,1.0,0.0,134.74,717.01,0.0
51658,1,11.0,Mobile Phone,1,6.0,Credit Card,Female,2.0,3,Others,1,Divorced,3,1,20.0,0.0,1.0,4.0,288.01,1299.44,0.0
51659,0,15.0,Computer,3,22.0,COD,Female,2.0,3,Laptop & Accessory,3,Single,5,0,15.0,1.0,1.0,1.0,188.84,882.59,1.0
51660,0,12.0,Mobile Phone,2,12.0,UPI,Male,1.0,2,Grocery,5,Married,1,1,14.0,0.0,1.0,1.0,156.79,752.8,0.0
51661,0,9.0,Mobile Phone,1,20.0,Credit Card,Female,4.0,2,Grocery,3,Married,4,0,11.0,2.0,4.0,3.0,147.56,828.73,0.5
51662,1,10.0,Mobile Phone,1,10.0,Debit Card,Female,3.0,1,Laptop & Accessory,3,Single,4,1,11.0,1.0,1.0,3.0,246.05,1067.99,1.0
51663,0,24.0,Mobile Phone,1,,Credit Card,Male,,1,Mobile Phone,4,Married,5,0,16.0,5.0,5.0,2.0,176.43,1023.43,1.0
51664,0,14.0,Mobile Phone,1,14.0,Credit Card,Male,3.0,3,Mobile Phone,5,Single,6,0,20.0,1.0,1.0,18.0,197.69,956.22,1.0
51665,0,5.0,Mobile Phone,1,40.0,Credit Card,Female,2.0,3,Laptop & Accessory,3,Married,4,0,13.0,3.0,,1.0,190.93,1189.53,0.375
51666,0,10.0,Mobile Phone,1,6.0,E wallet,Female,2.0,3,Laptop & Accessory,5,Single,7,1,17.0,1.0,4.0,1.0,272.48,1351.42,0.25
51667,1,12.0,Phone,3,14.0,Debit Card,Male,3.0,6,Laptop & Accessory,3,Divorced,1,1,17.0,1.0,1.0,3.0,141.44,718.47,1.0
51668,0,9.0,Mobile Phone,1,22.0,Debit Card,Male,3.0,3,Mobile Phone,5,Single,4,0,14.0,1.0,1.0,2.0,118.57,607.57,1.0
51669,0,2.0,Computer,3,16.0,Credit Card,Female,3.0,4,Mobile Phone,3,Married,3,0,18.0,0.0,1.0,,181.91,880.26,0.0
51670,0,5.0,Mobile Phone,1,5.0,Debit Card,Male,3.0,3,Grocery,1,Single,2,1,26.0,1.0,1.0,1.0,200.75,1015.85,1.0
51671,1,7.0,Phone,3,48.0,Credit Card,Female,3.0,3,Laptop & Accessory,5,Single,4,1,15.0,0.0,1.0,,177.04,837.75,0.0
51672,0,28.0,Mobile Phone,3,9.0,COD,Male,3.0,3,Mobile Phone,3,Married,3,0,17.0,3.0,3.0,,144.11,818.62,1.0
51673,0,13.0,Phone,1,8.0,Credit Card,Female,3.0,1,Laptop & Accessory,3,Married,4,0,16.0,1.0,3.0,1.0,120.75,721.85,0.333
51674,1,,Computer,3,13.0,COD,Male,2.0,1,Mobile Phone,3,Married,3,0,11.0,1.0,1.0,6.0,100.55,515.09,1.0
51675,0,9.0,Computer,1,14.0,E wallet,Male,3.0,2,Grocery,4,Married,3,0,11.0,2.0,5.0,0.0,199.97,1072.89,0.4
51676,1,21.0,Phone,3,22.0,E wallet,Female,3.0,3,Laptop & Accessory,2,Divorced,7,1,16.0,2.0,4.0,11.0,74.84,592.39,0.5
51677,0,6.0,Mobile Phone,2,11.0,Credit Card,Male,3.0,3,Laptop & Accessory,2,Married,2,0,15.0,1.0,2.0,2.0,193.61,945.72,0.5
51678,0,18.0,Computer,1,12.0,Debit Card,Male,2.0,4,Mobile Phone,3,Single,4,0,13.0,0.0,1.0,2.0,165.79,779.0,0.0
51679,1,3.0,Computer,1,14.0,Credit Card,Female,2.0,3,Laptop & Accessory,1,Divorced,4,0,16.0,2.0,,1.0,254.88,1186.54,1.0
51680,0,0.0,Computer,1,11.0,Debit Card,Male,3.0,3,Mobile Phone,4,Divorced,2,0,,1.0,2.0,9.0,204.71,1011.9,0.5
51681,1,20.0,Mobile Phone,1,35.0,COD,Male,3.0,4,Laptop & Accessory,5,Married,2,1,11.0,3.0,6.0,5.0,280.13,1422.49,0.5
51682,0,7.0,Computer,3,28.0,Debit Card,Male,3.0,2,Laptop & Accessory,4,Single,6,1,13.0,1.0,5.0,0.0,190.21,1051.8,0.2
51683,1,7.0,Mobile Phone,2,12.0,Debit Card,Female,4.0,4,Mobile Phone,3,Single,9,0,11.0,0.0,1.0,11.0,102.51,522.54,0.0
51684,0,11.0,Mobile Phone,1,5.0,Credit Card,Female,3.0,5,Grocery,3,Married,3,0,18.0,1.0,1.0,12.0,140.01,721.04,1.0
51685,1,13.0,Mobile Phone,3,33.0,Credit Card,Female,4.0,3,Mobile Phone,1,Married,4,1,20.0,1.0,4.0,4.0,8.73,373.17,0.25
51686,0,1.0,Mobile Phone,3,7.0,Debit Card,Male,3.0,2,Laptop & Accessory,5,Single,3,0,17.0,0.0,1.0,,199.88,940.54,0.0
51687,0,6.0,Phone,1,8.0,Debit Card,Male,2.0,5,Laptop & Accessory,3,Married,4,0,11.0,1.0,1.0,1.0,241.29,1049.9,1.0
51688,0,10.0,Computer,1,7.0,E wallet,Male,4.0,3,Grocery,3,Single,6,0,19.0,1.0,7.0,1.0,153.73,1051.17,0.143
51689,1,13.0,Phone,1,7.0,Credit Card,Female,4.0,3,Grocery,3,Married,4,1,17.0,1.0,2.0,9.0,128.66,714.91,0.5
51690,0,5.0,Phone,3,24.0,Debit Card,Female,3.0,3,Laptop & Accessory,4,Married,7,0,13.0,3.0,5.0,1.0,226.35,1189.13,0.6
51691,0,8.0,Mobile Phone,3,15.0,Credit Card,Female,2.0,3,Grocery,4,Divorced,6,0,19.0,1.0,1.0,1.0,246.66,1134.31,1.0
51692,0,6.0,Phone,1,43.0,Debit Card,Female,2.0,6,Others,2,Married,3,0,17.0,1.0,3.0,2.0,208.59,1063.64,0.333
51693,0,11.0,Mobile Phone,1,8.0,Debit Card,Male,,1,Laptop & Accessory,3,Married,5,0,12.0,2.0,3.0,2.0,207.29,1018.7,0.667
51694,1,20.0,Computer,3,13.0,COD,Male,2.0,3,Mobile Phone,4,Single,1,0,11.0,1.0,4.0,6.0,123.79,738.4,0.25
51695,1,8.0,Phone,3,50.0,Debit Card,Female,3.0,3,Mobile Phone,3,Married,4,1,13.0,1.0,1.0,2.0,124.63,622.59,1.0
51696,1,3.0,Phone,3,26.0,Debit Card,Male,3.0,3,Laptop & Accessory,3,Single,4,1,16.0,1.0,1.0,1.0,119.59,627.44,1.0
51697,0,6.0,Mobile Phone,1,21.0,COD,Male,2.0,3,Laptop & Accessory,2,Divorced,3,0,19.0,0.0,1.0,1.0,170.41,844.56,0.0
51698,1,26.0,Computer,1,8.0,E wallet,Female,3.0,6,Laptop & Accessory,1,Single,8,1,13.0,0.0,3.0,3.0,112.28,665.66,0.0
51699,0,5.0,Mobile Phone,1,23.0,Debit Card,Male,3.0,4,Grocery,3,Divorced,3,0,13.0,1.0,3.0,13.0,210.04,1037.15,0.333
51700,0,4.0,Mobile Phone,1,10.0,Credit Card,Male,3.0,3,Fashion,4,Single,4,0,12.0,0.0,1.0,,186.1,848.18,0.0
51701,1,7.0,Phone,3,14.0,UPI,Male,3.0,3,Laptop & Accessory,2,Single,10,0,19.0,2.0,3.0,0.0,187.4,999.12,0.667
51702,0,9.0,Mobile Phone,1,16.0,Debit Card,Female,4.0,1,Mobile Phone,4,Single,5,0,18.0,0.0,1.0,1.0,269.37,1212.61,0.0
51703,0,7.0,Computer,3,16.0,Credit Card,Male,3.0,3,Mobile Phone,4,Married,4,1,14.0,0.0,1.0,2.0,292.61,1268.92,0.0
51704,0,3.0,Mobile Phone,1,21.0,Credit Card,Female,3.0,2,Mobile Phone,3,Married,5,0,11.0,1.0,2.0,4.0,238.16,1083.01,0.5
51705,1,12.0,Mobile Phone,3,18.0,Credit Card,Male,3.0,4,Fashion,5,Single,2,1,16.0,1.0,1.0,9.0,225.79,1031.0,1.0
51706,1,11.0,Computer,1,6.0,Credit Card,Female,,3,Mobile Phone,5,Single,2,1,11.0,0.0,2.0,15.0,134.76,690.09,0.0
51707,0,15.0,Mobile Phone,1,12.0,Credit Card,Male,5.0,4,Laptop & Accessory,3,Married,6,0,11.0,0.0,3.0,1.0,169.11,865.62,0.0
51708,0,11.0,Mobile Phone,1,18.0,Debit Card,Female,3.0,3,Laptop & Accessory,3,Married,8,0,19.0,3.0,7.0,9.0,283.07,1542.67,0.429
51709,0,25.0,Mobile Phone,1,9.0,E wallet,Male,3.0,5,Mobile Phone,3,Divorced,2,0,23.0,1.0,1.0,0.0,201.04,992.95,1.0
51710,0,16.0,Mobile Phone,3,10.0,Debit Card,Female,3.0,3,Mobile Phone,5,Married,3,1,11.0,0.0,2.0,4.0,157.34,775.89,0.0
51711,0,14.0,Phone,1,7.0,Credit Card,Female,3.0,4,Mobile Phone,5,Single,5,0,17.0,0.0,,2.0,149.56,749.33,0.0
51712,0,20.0,Mobile Phone,1,12.0,Credit Card,Male,2.0,4,Mobile Phone,4,Single,7,0,11.0,2.0,3.0,1.0,149.61,791.52,0.667
51713,0,11.0,Computer,3,,E wallet,Male,4.0,5,Fashion,2,Single,7,0,15.0,2.0,5.0,1.0,206.79,1130.8,0.4
51714,0,9.0,Phone,3,9.0,Credit Card,Male,2.0,4,Mobile Phone,4,Married,6,0,13.0,0.0,3.0,1.0,155.35,829.33,0.0
51715,0,12.0,Mobile Phone,1,14.0,E wallet,Female,3.0,4,Others,2,Married,4,1,17.0,2.0,2.0,6.0,181.25,914.75,1.0
51716,1,2.0,Phone,3,21.0,Debit Card,Male,3.0,3,Laptop & Accessory,2,Married,5,0,17.0,1.0,2.0,21.0,160.94,837.57,0.5
51717,0,11.0,Phone,1,5.0,Credit Card,Male,2.0,3,Grocery,4,Married,5,0,19.0,0.0,1.0,0.0,165.07,824.27,0.0
51718,0,9.0,Mobile Phone,1,33.0,E wallet,Female,4.0,3,Laptop & Accessory,5,Single,4,0,11.0,4.0,4.0,7.0,170.53,916.01,1.0
51719,0,13.0,Mobile Phone,1,11.0,UPI,Female,3.0,1,Mobile Phone,1,Divorced,2,0,17.0,2.0,3.0,3.0,146.46,827.55,0.667
51720,0,18.0,Mobile Phone,1,29.0,Credit Card,Male,3.0,4,Mobile Phone,2,Single,5,0,16.0,5.0,7.0,1.0,158.64,1045.83,0.714
51721,0,14.0,Phone,1,5.0,Debit Card,Male,3.0,3,Mobile Phone,2,Married,4,0,15.0,1.0,2.0,1.0,211.24,1012.71,0.5
51722,0,6.0,Phone,1,7.0,Debit Card,Male,4.0,3,Others,5,Single,3,1,19.0,2.0,4.0,2.0,125.8,810.04,0.5
51723,0,17.0,Mobile Phone,1,10.0,Debit Card,Male,3.0,3,Laptop & Accessory,4,Single,4,1,21.0,1.0,2.0,6.0,165.86,888.27,0.5
51724,1,25.0,Phone,3,10.0,Credit Card,Male,3.0,2,Mobile Phone,4,Married,4,0,16.0,5.0,5.0,1.0,237.13,1254.09,1.0
51725,0,19.0,Phone,1,28.0,Debit Card,Female,4.0,2,Fashion,3,Single,8,0,11.0,1.0,3.0,5.0,123.66,692.91,0.333
51726,0,3.0,Phone,3,5.0,COD,Male,2.0,3,Laptop & Accessory,3,Married,2,0,20.0,1.0,2.0,1.0,60.82,481.12,0.5
51727,1,14.0,Phone,3,17.0,UPI,Male,2.0,2,Others,3,Married,2,1,15.0,0.0,1.0,8.0,99.77,544.13,0.0
51728,1,4.0,Mobile Phone,1,7.0,Debit Card,Male,5.0,3,Mobile Phone,2,Married,1,1,18.0,1.0,4.0,2.0,168.56,964.53,0.25
51729,0,8.0,Computer,1,26.0,Credit Card,Female,4.0,1,Grocery,4,Married,2,0,15.0,1.0,4.0,8.0,161.6,914.08,0.25
51730,0,13.0,Phone,1,23.0,E wallet,Male,3.0,5,Mobile Phone,3,Single,6,0,11.0,1.0,1.0,2.0,250.08,1083.3,1.0
51731,1,12.0,Computer,3,13.0,Debit Card,Female,3.0,5,Mobile Phone,2,Single,4,1,13.0,2.0,2.0,4.0,214.81,1010.28,1.0
51732,0,18.0,Mobile Phone,1,8.0,Credit Card,Male,3.0,3,Laptop & Accessory,4,Married,3,0,19.0,2.0,2.0,7.0,230.77,1118.93,1.0
51733,0,25.0,Mobile Phone,1,17.0,Credit Card,Male,2.0,3,Fashion,2,Married,3,0,,0.0,1.0,0.0,181.25,821.75,0.0
51734,1,13.0,Mobile Phone,3,7.0,Debit Card,Female,,2,Laptop & Accessory,3,Married,5,1,14.0,1.0,2.0,1.0,149.05,768.39,0.5
51735,0,8.0,Mobile Phone,1,8.0,Credit Card,Male,3.0,5,Mobile Phone,2,Divorced,1,0,19.0,2.0,2.0,14.0,236.51,1140.74,1.0
51736,0,2.0,Phone,1,17.0,COD,Female,1.0,3,Laptop & Accessory,4,Married,1,0,19.0,1.0,1.0,1.0,153.18,779.08,1.0
51737,1,21.0,Mobile Phone,1,62.0,Debit Card,Female,3.0,4,Laptop & Accessory,3,Single,5,1,22.0,0.0,1.0,10.0,152.04,798.75,0.0
51738,0,9.0,Computer,3,32.0,Credit Card,Male,3.0,4,Laptop & Accessory,3,Married,6,0,15.0,1.0,1.0,3.0,143.55,710.49,1.0
51739,0,10.0,Phone,3,16.0,Debit Card,Female,3.0,5,Grocery,4,Married,2,0,18.0,1.0,4.0,1.0,221.93,1167.33,0.25
51740,1,10.0,Phone,1,14.0,UPI,Female,3.0,4,Mobile Phone,4,Married,4,0,16.0,2.0,3.0,3.0,167.93,901.13,0.667
51741,1,13.0,Mobile Phone,1,82.0,UPI,Female,4.0,4,Mobile Phone,3,Married,3,1,11.0,0.0,1.0,4.0,194.13,870.69,0.0
51742,0,13.0,Computer,3,15.0,Debit Card,Male,3.0,4,Fashion,1,Married,7,0,20.0,2.0,3.0,1.0,154.21,881.0,0.667
51743,0,8.0,Computer,3,12.0,UPI,Male,3.0,4,Fashion,5,Married,3,0,15.0,0.0,2.0,7.0,278.54,1268.45,0.0
51744,1,9.0,Phone,3,34.0,Debit Card,Male,3.0,3,Laptop & Accessory,1,Single,6,0,16.0,0.0,1.0,1.0,264.52,1178.18,0.0
51745,0,6.0,Mobile Phone,1,8.0,Debit Card,Female,2.0,5,Mobile Phone,4,Single,4,0,17.0,3.0,3.0,0.0,166.19,902.52,1.0
51746,0,6.0,Mobile Phone,3,6.0,Credit Card,Male,3.0,4,Others,5,Married,4,1,15.0,2.0,4.0,4.0,117.4,746.12,0.5
51747,1,6.0,Mobile Phone,1,17.0,Credit Card,Male,3.0,3,Laptop & Accessory,3,Married,3,0,11.0,1.0,1.0,8.0,168.21,772.2,1.0
51748,1,9.0,Mobile Phone,1,6.0,Credit Card,Male,3.0,3,Mobile Phone,1,Married,6,0,11.0,2.0,,4.0,324.99,1412.96,1.0
51749,0,5.0,Mobile Phone,2,11.0,Credit Card,Female,4.0,4,Mobile Phone,2,Single,6,0,15.0,0.0,1.0,0.0,184.08,864.5,0.0
51750,0,0.0,Phone,1,12.0,Debit Card,Male,3.0,3,Mobile Phone,3,Single,6,0,13.0,1.0,1.0,3.0,95.5,511.9,1.0
51751,0,7.0,Phone,3,15.0,Debit Card,Male,2.0,4,Grocery,3,Single,4,0,14.0,1.0,1.0,6.0,152.45,736.31,1.0
51752,1,4.0,Mobile Phone,1,62.0,Credit Card,Female,3.0,2,Laptop & Accessory,3,Married,5,1,12.0,1.0,4.0,1.0,139.33,805.45,0.25
51753,0,10.0,Mobile Phone,3,8.0,Debit Card,Male,3.0,5,Laptop & Accessory,4,Married,2,0,12.0,3.0,4.0,5.0,239.87,1187.51,0.75
51754,1,6.0,Computer,1,11.0,Debit Card,Male,3.0,3,Others,5,Married,5,0,12.0,,1.0,2.0,118.37,590.81,1.0
51755,0,13.0,Mobile Phone,2,7.0,Debit Card,Male,4.0,2,Fashion,3,Single,3,0,13.0,0.0,1.0,15.0,237.84,1052.79,0.0
51756,0,4.0,Phone,1,16.0,E wallet,Male,3.0,4,Laptop & Accessory,4,Married,5,0,,2.0,5.0,3.0,125.69,814.62,0.4
51757,1,2.0,Mobile Phone,1,21.0,UPI,Male,2.0,3,Laptop & Accessory,2,Married,4,1,19.0,2.0,3.0,9.0,154.09,872.54,0.667
51758,0,,Mobile Phone,2,13.0,Debit Card,Male,2.0,4,Grocery,3,Married,4,0,20.0,0.0,1.0,2.0,140.03,737.11,0.0
51759,0,7.0,Mobile Phone,1,8.0,Debit Card,Male,3.0,3,Laptop & Accessory,1,Married,3,0,21.0,3.0,3.0,6.0,98.74,678.21,1.0
51760,0,3.0,Phone,1,17.0,Credit Card,Female,2.0,5,Mobile Phone,4,Single,4,0,15.0,1.0,2.0,2.0,151.33,785.05,0.5
51761,0,16.0,Mobile Phone,1,14.0,COD,Male,3.0,3,Laptop & Accessory,5,Divorced,5,1,13.0,1.0,1.0,2.0,203.48,922.22,1.0
51762,1,5.0,Computer,3,7.0,Debit Card,Male,3.0,2,Others,5,Married,4,0,11.0,0.0,1.0,1.0,125.23,608.87,0.0
51763,0,6.0,Mobile Phone,1,11.0,E wallet,Male,3.0,5,Fashion,3,Divorced,3,0,17.0,2.0,5.0,5.0,183.98,1060.12,0.4
51764,0,18.0,Mobile Phone,1,,Credit Card,Male,,2,Mobile Phone,2,Married,7,0,15.0,1.0,1.0,3.0,68.47,425.19,1.0
51765,0,14.0,Phone,1,54.0,COD,Female,3.0,5,Fashion,3,Single,5,0,16.0,1.0,2.0,2.0,164.6,843.48,0.5
51766,0,4.0,Mobile Phone,3,28.0,Debit Card,Male,2.0,4,Grocery,3,Single,6,1,16.0,1.0,1.0,0.0,186.67,882.35,1.0
51767,0,8.0,Phone,1,21.0,COD,Male,,2,Others,1,Married,7,0,20.0,,3.0,5.0,169.07,937.47,0.667
51768,1,4.0,Mobile Phone,1,31.0,Credit Card,Female,3.0,3,Fashion,2,Married,4,0,17.0,0.0,1.0,5.0,286.81,1270.88,0.0
51769,1,17.0,Mobile Phone,3,,COD,Female,3.0,2,Fashion,2,Married,3,1,17.0,2.0,5.0,2.0,142.24,901.51,0.4
51770,1,17.0,Phone,2,33.0,Credit Card,Female,2.0,3,Mobile Phone,1,Single,6,0,12.0,1.0,2.0,5.0,123.38,654.84,0.5
51771,1,28.0,Computer,1,6.0,Credit Card,Female,3.0,3,Mobile Phone,1,Single,6,0,21.0,0.0,1.0,10.0,195.23,954.87,0.0
51772,0,34.0,Mobile Phone,3,12.0,E wallet,Male,3.0,3,Fashion,4,Single,5,0,15.0,0.0,2.0,2.0,149.47,777.99,0.0
51773,0,6.0,Computer,1,21.0,E wallet,Female,2.0,5,Fashion,4,Divorced,5,1,15.0,1.0,2.0,6.0,113.78,642.36,0.5
51774,1,15.0,Mobile Phone,1,16.0,Credit Card,Female,,2,Grocery,5,Single,2,1,17.0,0.0,1.0,8.0,54.7,388.86,0.0
51775,0,2.0,Computer,1,7.0,Credit Card,Male,3.0,3,Laptop & Accessory,3,Married,5,0,13.0,1.0,,3.0,216.4,1061.32,0.333
51776,1,11.0,Phone,3,10.0,E wallet,Female,3.0,3,Mobile Phone,3,Married,3,1,18.0,2.0,4.0,1.0,185.81,1030.08,0.5
51777,0,13.0,Mobile Phone,1,10.0,COD,Male,3.0,2,Mobile Phone,1,Married,2,0,22.0,1.0,1.0,0.0,243.69,1147.02,1.0
51778,0,5.0,Mobile Phone,1,9.0,Debit Card,Female,4.0,4,Fashion,2,Divorced,4,0,13.0,1.0,1.0,6.0,190.35,872.33,1.0
51779,0,6.0,Mobile Phone,1,10.0,Credit Card,Male,3.0,3,Laptop & Accessory,4,Single,6,0,16.0,0.0,,3.0,198.23,926.27,0.0
51780,0,17.0,Mobile Phone,3,14.0,UPI,Male,3.0,5,Fashion,2,Single,4,0,14.0,1.0,2.0,1.0,225.58,1059.2,0.5
51781,0,13.0,Mobile Phone,1,28.0,Credit Card,Male,3.0,4,Laptop & Accessory,4,Single,7,0,17.0,1.0,1.0,0.0,223.03,1028.51,1.0
51782,0,25.0,Phone,1,21.0,E wallet,Male,2.0,3,Mobile Phone,4,Married,3,1,18.0,2.0,3.0,3.0,194.58,1018.4,0.667
51783,1,24.0,Computer,1,27.0,UPI,Male,2.0,4,Mobile Phone,4,Married,2,0,17.0,0.0,1.0,3.0,184.2,880.96,0.0
51784,1,2.0,Mobile Phone,2,31.0,E wallet,Male,2.0,4,Mobile Phone,4,Married,7,1,19.0,0.0,1.0,16.0,153.38,779.84,0.0
51785,0,7.0,Mobile Phone,3,11.0,E wallet,Female,2.0,4,Fashion,4,Divorced,2,0,11.0,3.0,5.0,1.0,92.22,663.44,0.6
51786,1,4.0,Phone,1,10.0,COD,Female,,3,Others,3,Married,4,1,18.0,2.0,4.0,1.0,184.69,1025.82,0.5
51787,0,16.0,Computer,3,6.0,UPI,Male,2.0,3,Laptop & Accessory,4,Married,7,0,16.0,2.0,3.0,14.0,142.4,804.12,0.667
51788,1,12.0,Mobile Phone,1,37.0,E wallet,Female,3.0,3,Fashion,3,Married,7,1,23.0,1.0,3.0,0.0,225.03,1174.11,0.333
51789,1,5.0,Mobile Phone,3,6.0,Debit Card,Male,3.0,3,Laptop & Accessory,2,Single,1,0,15.0,0.0,2.0,8.0,181.99,901.56,0.0
51790,1,5.0,Mobile Phone,1,21.0,Debit Card,Female,3.0,3,Fashion,2,Single,7,1,,1.0,2.0,8.0,180.38,951.44,0.5
51791,1,21.0,Mobile Phone,1,11.0,Credit Card,Male,2.0,4,Mobile Phone,3,Married,5,1,,0.0,1.0,1.0,242.44,1126.27,0.0
51792,1,7.0,Mobile Phone,3,41.0,E wallet,Female,3.0,1,Mobile Phone,1,Married,8,1,19.0,6.0,6.0,2.0,192.56,1153.73,1.0
51793,1,2.0,Mobile Phone,3,12.0,Debit Card,Female,2.0,3,Fashion,5,Married,8,1,16.0,3.0,6.0,11.0,143.13,941.89,0.5
51794,1,4.0,Mobile Phone,1,25.0,Debit Card,Male,3.0,2,Mobile Phone,2,Married,6,1,21.0,3.0,6.0,5.0,153.41,1020.96,0.5
51795,0,29.0,Phone,1,9.0,Debit Card,Male,3.0,2,Laptop & Accessory,1,Divorced,3,0,12.0,4.0,6.0,8.0,85.09,689.34,0.667
51796,0,18.0,Mobile Phone,1,9.0,E wallet,Female,3.0,3,Others,3,Married,7,0,18.0,4.0,4.0,8.0,260.73,1314.77,1.0
51797,1,4.0,Mobile Phone,3,16.0,UPI,Female,3.0,4,Mobile Phone,5,Single,9,0,23.0,,6.0,3.0,126.72,935.54,0.5
51798,0,11.0,Mobile Phone,1,79.0,UPI,Male,3.0,5,Mobile Phone,3,Single,8,0,14.0,2.0,5.0,0.0,166.76,970.69,0.4
51799,0,17.0,Computer,1,14.0,Debit Card,Male,4.0,3,Mobile Phone,2,Married,2,0,18.0,0.0,1.0,3.0,165.0,816.0,0.0
51800,1,2.0,Computer,1,38.0,Debit Card,Female,2.0,3,Grocery,3,Married,5,1,12.0,3.0,5.0,0.0,86.61,650.12,0.6
51801,0,19.0,Mobile Phone,3,24.0,Credit Card,Female,5.0,4,Laptop & Accessory,4,Single,7,1,23.0,1.0,2.0,2.0,212.34,1080.89,0.5
51802,0,13.0,Mobile Phone,1,24.0,Debit Card,Male,3.0,2,Laptop & Accessory,4,Single,6,1,14.0,1.0,,,244.11,1129.62,0.5
51803,0,,Phone,1,12.0,Credit Card,Female,3.0,2,Mobile Phone,5,Divorced,6,0,15.0,1.0,1.0,2.0,165.49,793.86,1.0
51804,0,14.0,Mobile Phone,1,11.0,Debit Card,Male,3.0,3,Mobile Phone,4,Married,6,0,13.0,4.0,5.0,0.0,178.68,1007.98,0.8
51805,1,12.0,Mobile Phone,1,,Debit Card,Female,3.0,3,Laptop & Accessory,1,Single,4,1,14.0,0.0,1.0,2.0,113.72,589.14,0.0
51806,1,12.0,Mobile Phone,1,45.0,Credit Card,Female,5.0,4,Mobile Phone,1,Single,3,1,15.0,0.0,1.0,0.0,189.61,885.52,0.0
51807,0,11.0,Computer,3,,Debit Card,Male,2.0,5,Laptop & Accessory,5,Divorced,10,0,17.0,1.0,5.0,2.0,153.2,943.16,0.2
51808,0,5.0,Computer,3,21.0,Debit Card,Male,3.0,3,Fashion,2,Married,4,0,15.0,0.0,1.0,2.0,154.0,750.2,0.0
51809,1,6.0,Phone,1,9.0,Credit Card,Female,2.0,3,Mobile Phone,3,Married,6,1,11.0,0.0,1.0,1.0,169.86,778.47,0.0
51810,1,8.0,Mobile Phone,3,8.0,Debit Card,Male,2.0,3,Laptop & Accessory,4,Married,4,1,17.0,0.0,2.0,14.0,252.24,1184.51,0.0
51811,1,10.0,Computer,1,59.0,Credit Card,Female,3.0,3,Laptop & Accessory,4,Divorced,4,1,22.0,2.0,6.0,2.0,241.74,1364.61,0.333
51812,0,15.0,Computer,1,6.0,Debit Card,Female,1.0,5,Fashion,3,Single,9,0,11.0,0.0,2.0,4.0,51.62,374.16,0.0
51813,1,29.0,Computer,3,27.0,Credit Card,Male,4.0,3,Fashion,1,Married,4,0,17.0,0.0,1.0,1.0,138.0,705.4,0.0
51814,1,11.0,Mobile Phone,1,10.0,COD,Female,3.0,3,Fashion,1,Single,2,1,26.0,0.0,2.0,7.0,185.81,1004.08,0.0
51815,0,15.0,Mobile Phone,1,,Credit Card,Male,3.0,3,Laptop & Accessory,4,Married,2,0,14.0,0.0,3.0,5.0,104.05,642.39,0.0
51816,0,17.0,Phone,3,26.0,Credit Card,Female,3.0,3,Others,2,Married,6,0,15.0,2.0,5.0,7.0,117.93,793.13,0.4
51817,1,15.0,Mobile Phone,1,6.0,UPI,Female,2.0,3,Mobile Phone,3,Divorced,4,0,13.0,1.0,4.0,1.0,213.36,1094.77,0.25
51818,0,5.0,Mobile Phone,3,10.0,Debit Card,Female,4.0,3,Laptop & Accessory,4,Married,2,0,20.0,,4.0,2.0,161.05,951.99,0.0
51819,1,22.0,Mobile Phone,3,41.0,Debit Card,Male,3.0,4,Mobile Phone,5,Married,3,1,19.0,0.0,,1.0,244.37,1170.61,0.0
51820,0,,Computer,1,19.0,Debit Card,Male,3.0,3,Mobile Phone,5,Married,4,1,12.0,4.0,6.0,5.0,109.62,782.56,0.667
51821,0,11.0,Computer,1,22.0,Credit Card,Male,2.0,4,Laptop & Accessory,5,Single,6,0,17.0,2.0,5.0,5.0,215.95,1181.61,0.4
51822,0,,Mobile Phone,1,22.0,Credit Card,Male,3.0,4,Grocery,3,Divorced,4,0,13.0,2.0,4.0,17.0,239.39,1193.68,0.5
51823,0,10.0,Computer,1,6.0,Debit Card,Male,2.0,4,Fashion,5,Married,6,0,13.0,1.0,4.0,10.0,172.27,938.63,0.25
51824,0,3.0,Phone,1,8.0,E wallet,Female,3.0,3,Laptop & Accessory,4,Married,5,0,13.0,3.0,6.0,12.0,219.69,1208.82,0.5
51825,0,23.0,Computer,3,13.0,Debit Card,Male,3.0,4,Grocery,5,Single,3,0,14.0,1.0,1.0,4.0,174.8,821.24,1.0
51826,0,6.0,Mobile Phone,1,11.0,UPI,Male,3.0,4,Mobile Phone,1,Married,8,0,13.0,4.0,,1.0,205.82,1246.12,0.5
51827,1,8.0,Mobile Phone,1,11.0,COD,Male,4.0,2,Mobile Phone,1,Single,3,0,16.0,0.0,1.0,12.0,177.4,847.12,0.0
51828,0,22.0,Mobile Phone,1,23.0,COD,Male,,4,Fashion,3,Single,5,0,22.0,2.0,5.0,9.0,129.65,893.67,0.4
51829,0,21.0,Mobile Phone,1,5.0,E wallet,Female,3.0,2,Mobile Phone,5,Single,2,0,13.0,1.0,1.0,2.0,186.55,857.89,1.0
51830,0,12.0,Phone,3,18.0,Debit Card,Male,3.0,4,Mobile Phone,3,Married,6,0,13.0,2.0,2.0,4.0,128.01,680.44,1.0
51831,0,26.0,Mobile Phone,1,5.0,E wallet,Male,2.0,2,Laptop & Accessory,5,Married,5,0,17.0,0.0,2.0,0.0,140.97,761.69,0.0
51832,1,5.0,Computer,3,6.0,Debit Card,Male,3.0,4,Mobile Phone,2,Married,5,1,14.0,4.0,7.0,2.0,181.88,1118.14,0.571
51833,0,12.0,Mobile Phone,1,11.0,UPI,Male,3.0,2,Mobile Phone,1,Single,4,0,12.0,0.0,1.0,7.0,199.16,897.81,0.0
51834,1,5.0,Mobile Phone,1,27.0,Debit Card,Male,3.0,3,Mobile Phone,4,Married,3,1,16.0,2.0,2.0,17.0,140.39,751.48,1.0
51835,0,19.0,Mobile Phone,1,7.0,Debit Card,Female,3.0,2,Mobile Phone,4,Married,4,1,15.0,0.0,1.0,3.0,116.2,606.56,0.0
51836,1,19.0,Mobile Phone,1,15.0,UPI,Female,3.0,3,Mobile Phone,3,Single,7,1,14.0,0.0,2.0,2.0,225.03,1057.11,0.0
51837,0,27.0,Mobile Phone,1,19.0,Debit Card,Male,3.0,6,Mobile Phone,5,Single,4,0,19.0,0.0,2.0,,203.87,1016.71,0.0
51838,1,10.0,Phone,1,8.0,Debit Card,Male,2.0,2,Mobile Phone,5,Married,1,1,14.0,0.0,2.0,9.0,128.51,690.34,0.0
51839,1,31.0,Mobile Phone,3,14.0,Credit Card,Female,2.0,3,Laptop & Accessory,3,Married,5,1,20.0,0.0,1.0,5.0,96.56,571.93,0.0
51840,1,4.0,Phone,1,,E wallet,Male,3.0,4,Laptop & Accessory,5,Single,3,1,17.0,,5.0,3.0,188.97,1079.09,0.4
51841,0,9.0,Phone,3,14.0,Credit Card,Male,2.0,2,Mobile Phone,3,Single,4,0,11.0,1.0,2.0,10.0,174.34,840.49,0.5
51842,0,5.0,Mobile Phone,1,7.0,Credit Card,Male,4.0,2,Laptop & Accessory,4,Single,7,1,17.0,0.0,3.0,5.0,187.47,983.39,0.0
51843,0,11.0,Phone,1,17.0,UPI,Female,4.0,2,Laptop & Accessory,2,Married,6,0,14.0,2.0,3.0,0.0,212.09,1052.94,0.667
51844,0,5.0,Computer,1,16.0,Debit Card,Female,3.0,4,Laptop & Accessory,2,Divorced,4,0,11.0,,3.0,16.0,194.06,960.43,0.333
51845,0,19.0,Mobile Phone,1,5.0,Credit Card,Male,4.0,5,Laptop & Accessory,3,Married,5,0,15.0,1.0,1.0,6.0,111.31,587.98,1.0
51846,0,13.0,Mobile Phone,3,6.0,E wallet,Male,3.0,4,Mobile Phone,3,Single,5,1,14.0,0.0,1.0,3.0,197.81,908.68,0.0
51847,1,4.0,Computer,1,7.0,Credit Card,Female,2.0,6,Mobile Phone,2,Married,5,1,24.0,1.0,1.0,0.0,170.83,886.15,1.0
51848,0,16.0,Mobile Phone,1,7.0,Credit Card,Female,3.0,3,Laptop & Accessory,3,Divorced,5,0,14.0,0.0,2.0,0.0,225.57,1059.17,0.0
51849,0,25.0,Mobile Phone,1,9.0,Debit Card,Female,3.0,5,Laptop & Accessory,3,Divorced,8,0,16.0,0.0,1.0,15.0,162.37,790.01,0.0
51850,0,14.0,Computer,1,12.0,Debit Card,Female,2.0,3,Laptop & Accessory,2,Divorced,6,1,12.0,0.0,2.0,7.0,82.6,499.88,0.0
51851,1,3.0,Mobile Phone,3,11.0,Debit Card,Female,2.0,3,Laptop & Accessory,2,Married,6,0,15.0,3.0,5.0,0.0,155.99,937.76,0.6
51852,1,9.0,Mobile Phone,1,32.0,Debit Card,Male,1.0,3,Fashion,1,Married,6,1,18.0,0.0,1.0,6.0,140.55,723.09,0.0
51853,1,15.0,Computer,2,,Debit Card,Male,2.0,1,Laptop & Accessory,1,Divorced,6,1,25.0,1.0,3.0,1.0,181.36,1024.17,0.333
51854,0,8.0,Computer,1,30.0,Credit Card,Male,3.0,4,Mobile Phone,3,Divorced,3,0,16.0,1.0,2.0,2.0,209.86,1015.47,0.5
51855,1,4.0,Mobile Phone,3,14.0,Debit Card,Male,3.0,1,Laptop & Accessory,2,Single,3,1,11.0,2.0,5.0,3.0,136.84,832.99,0.4
51856,1,20.0,Mobile Phone,2,6.0,E wallet,Female,2.0,4,Laptop & Accessory,5,Married,6,1,21.0,3.0,4.0,11.0,253.4,1310.92,0.75
51857,1,8.0,Computer,1,12.0,UPI,Female,1.0,3,Mobile Phone,2,Divorced,4,0,19.0,1.0,1.0,,171.84,849.99,1.0
51858,1,25.0,Phone,1,26.0,Credit Card,Female,2.0,1,Mobile Phone,1,Divorced,3,1,11.0,0.0,1.0,1.0,99.41,510.76,0.0
51859,0,7.0,Mobile Phone,3,8.0,Credit Card,Female,4.0,3,Laptop & Accessory,3,Married,6,0,11.0,0.0,3.0,7.0,186.73,932.57,0.0
51860,1,8.0,Mobile Phone,1,6.0,COD,Male,3.0,3,Laptop & Accessory,2,Married,3,0,14.0,0.0,1.0,25.0,82.62,470.96,0.0
51861,1,6.0,Mobile Phone,2,10.0,Credit Card,Female,3.0,5,Laptop & Accessory,1,Married,3,1,12.0,1.0,4.0,7.0,217.17,1101.25,0.25
51862,0,9.0,Computer,1,11.0,COD,Male,3.0,4,Fashion,4,Married,5,1,15.0,1.0,1.0,7.0,109.44,580.87,1.0
51863,0,,Computer,1,9.0,Debit Card,Female,3.0,3,Laptop & Accessory,3,Single,1,0,13.0,1.0,5.0,3.0,114.8,765.24,0.2
51864,1,5.0,Computer,2,7.0,UPI,Male,3.0,2,Laptop & Accessory,1,Single,4,1,19.0,1.0,1.0,2.0,213.82,1009.52,1.0
51865,0,4.0,Computer,1,8.0,Credit Card,Male,2.0,3,Fashion,3,Married,6,0,20.0,0.0,1.0,1.0,176.75,876.65,0.0
51866,1,2.0,Phone,1,19.0,Debit Card,Male,2.0,1,Laptop & Accessory,1,Married,3,0,11.0,6.0,7.0,1.0,184.56,1104.33,0.857
51867,0,2.0,Mobile Phone,1,11.0,COD,Male,2.0,4,Laptop & Accessory,3,Married,6,0,23.0,,3.0,3.0,159.8,926.24,0.667
51868,0,3.0,Phone,1,17.0,COD,Male,3.0,2,Laptop & Accessory,3,Single,5,0,21.0,0.0,2.0,15.0,165.23,885.87,0.0
51869,0,7.0,Phone,3,14.0,Credit Card,Male,1.0,3,Laptop & Accessory,5,Married,7,0,11.0,0.0,1.0,4.0,238.83,1040.55,0.0
51870,0,11.0,Mobile Phone,3,,COD,Male,2.0,4,Laptop & Accessory,4,Married,3,0,12.0,0.0,1.0,9.0,138.42,667.0,0.0
51871,0,13.0,Mobile Phone,3,8.0,Debit Card,Female,3.0,3,Grocery,5,Married,5,1,11.0,1.0,1.0,1.0,164.34,757.49,1.0
51872,1,11.0,Computer,1,14.0,Credit Card,Female,3.0,4,Fashion,2,Married,6,1,12.0,1.0,1.0,2.0,124.56,614.33,1.0
51873,0,23.0,Mobile Phone,1,5.0,Debit Card,Female,3.0,4,Mobile Phone,3,Married,4,0,11.0,0.0,1.0,6.0,147.59,693.84,0.0
51874,1,27.0,Mobile Phone,3,12.0,Debit Card,Female,3.0,2,Mobile Phone,1,Single,4,1,16.0,0.0,1.0,0.0,144.27,721.23,0.0
51875,0,8.0,Phone,1,15.0,E wallet,Male,4.0,4,Mobile Phone,5,Single,4,0,13.0,1.0,6.0,1.0,177.55,1048.69,0.167
51876,1,5.0,Phone,1,7.0,Debit Card,Female,4.0,4,Mobile Phone,3,Single,4,1,18.0,1.0,,4.0,145.62,742.36,1.0
51877,0,32.0,Mobile Phone,3,9.0,Debit Card,Male,3.0,3,Fashion,1,Married,11,0,,3.0,5.0,5.0,152.06,994.83,0.6
51878,0,20.0,Computer,1,8.0,Credit Card,Male,4.0,2,Mobile Phone,3,Married,7,0,22.0,1.0,2.0,3.0,133.57,773.57,0.5
51879,0,19.0,Mobile Phone,1,6.0,Debit Card,Female,2.0,3,Laptop & Accessory,3,Married,1,0,13.0,1.0,1.0,9.0,116.39,591.28,1.0
51880,0,6.0,Mobile Phone,1,10.0,Credit Card,Male,3.0,5,Laptop & Accessory,4,Married,5,0,15.0,0.0,2.0,4.0,145.36,762.37,0.0
51881,0,17.0,Mobile Phone,1,,Debit Card,Male,3.0,3,Grocery,2,Single,8,0,18.0,4.0,5.0,5.0,134.0,878.2,0.8
51882,1,11.0,Phone,1,10.0,E wallet,Female,3.0,2,Laptop & Accessory,3,Single,3,1,23.0,0.0,6.0,1.0,174.71,1117.9,0.0
51883,0,9.0,Computer,3,12.0,Debit Card,Female,3.0,2,Grocery,5,Single,3,0,16.0,2.0,2.0,2.0,126.31,697.98,1.0
51884,0,9.0,Computer,1,18.0,Credit Card,Female,2.0,2,Mobile Phone,4,Single,5,0,11.0,1.0,3.0,0.0,227.38,1087.04,0.333
51885,1,13.0,Computer,1,18.0,Debit Card,Male,4.0,2,Mobile Phone,5,Single,3,1,,0.0,1.0,0.0,127.01,671.64,0.0
51886,1,23.0,Mobile Phone,3,41.0,Credit Card,Female,2.0,3,Laptop & Accessory,1,Divorced,4,0,11.0,2.0,2.0,15.0,178.47,856.19,1.0
51887,0,34.0,Mobile Phone,1,,Debit Card,Female,3.0,3,Laptop & Accessory,3,Married,4,0,11.0,1.0,1.0,4.0,174.82,797.32,1.0
51888,0,7.0,Phone,1,24.0,Credit Card,Female,3.0,4,Mobile Phone,3,Married,3,0,19.0,0.0,1.0,1.0,170.13,843.49,0.0
51889,1,11.0,Mobile Phone,1,41.0,Debit Card,Female,2.0,4,Mobile Phone,1,Married,8,0,20.0,1.0,2.0,2.0,149.21,817.0,0.5
51890,0,9.0,Computer,3,8.0,UPI,Male,3.0,3,Mobile Phone,5,Married,4,0,22.0,2.0,6.0,5.0,272.11,1480.02,0.333
51891,0,13.0,Phone,1,17.0,Debit Card,Male,2.0,4,Mobile Phone,4,Divorced,3,0,21.0,3.0,5.0,,224.26,1245.19,0.6
51892,0,8.0,Computer,1,31.0,E wallet,Female,4.0,3,Mobile Phone,3,Divorced,6,0,18.0,1.0,2.0,0.0,240.86,1149.27,0.5
51893,0,6.0,Mobile Phone,1,17.0,Debit Card,Female,4.0,4,Fashion,3,Married,4,0,14.0,1.0,2.0,3.0,214.26,1016.19,0.5
51894,1,7.0,Mobile Phone,1,,Debit Card,Male,3.0,2,Grocery,5,Single,1,1,11.0,2.0,5.0,0.0,199.19,1069.92,0.4
51895,0,7.0,Mobile Phone,1,6.0,Debit Card,Female,,2,Grocery,2,Divorced,5,0,15.0,1.0,1.0,3.0,160.86,776.27,1.0
51896,0,9.0,Mobile Phone,2,12.0,Debit Card,Male,2.0,2,Mobile Phone,3,Single,6,0,14.0,3.0,4.0,6.0,147.71,853.3,0.75
51897,0,3.0,Phone,1,50.0,Credit Card,Male,3.0,3,Laptop & Accessory,5,Married,2,0,15.0,,1.0,7.0,245.49,1097.86,1.0
51898,1,7.0,Mobile Phone,2,11.0,COD,Male,3.0,4,Laptop & Accessory,1,Married,5,0,15.0,1.0,1.0,1.0,203.37,937.81,1.0
51899,0,13.0,Mobile Phone,1,21.0,Debit Card,Male,3.0,2,Mobile Phone,4,Single,5,0,14.0,0.0,1.0,1.0,189.4,876.72,0.0
51900,1,,Mobile Phone,1,5.0,Credit Card,Male,2.0,2,Fashion,4,Divorced,4,1,17.0,0.0,2.0,20.0,120.23,682.87,0.0
51901,0,12.0,Mobile Phone,1,19.0,Credit Card,Female,3.0,5,Mobile Phone,5,Divorced,6,0,12.0,1.0,1.0,1.0,190.75,865.85,1.0
51902,1,22.0,Mobile Phone,3,38.0,Debit Card,Male,3.0,4,Mobile Phone,1,Divorced,2,1,17.0,2.0,2.0,5.0,199.45,983.91,1.0
51903,0,13.0,Mobile Phone,3,11.0,Debit Card,Male,,3,Fashion,5,Single,7,0,11.0,1.0,1.0,6.0,197.29,882.7,1.0
51904,1,22.0,Mobile Phone,3,5.0,UPI,Female,2.0,2,Laptop & Accessory,1,Married,4,1,17.0,0.0,1.0,7.0,128.06,667.63,0.0
51905,1,34.0,Mobile Phone,2,5.0,Debit Card,Male,1.0,4,Grocery,3,Divorced,6,0,14.0,2.0,3.0,5.0,95.78,610.96,0.667
51906,1,17.0,Mobile Phone,2,32.0,E wallet,Female,3.0,2,Laptop & Accessory,1,Single,2,0,17.0,1.0,2.0,2.0,170.0,872.0,0.5
51907,0,3.0,Mobile Phone,1,20.0,Debit Card,Female,3.0,4,Laptop & Accessory,1,Married,4,0,22.0,1.0,5.0,1.0,116.27,842.83,0.2
51908,0,12.0,Mobile Phone,1,6.0,Credit Card,Male,2.0,4,Fashion,5,Married,3,0,11.0,1.0,2.0,4.0,181.96,869.45,0.5
51909,0,11.0,Mobile Phone,1,6.0,Credit Card,Female,3.0,3,Grocery,4,Single,2,0,14.0,1.0,5.0,4.0,124.61,810.52,0.2
51910,1,25.0,Phone,1,25.0,Debit Card,Female,2.0,5,Fashion,3,Divorced,4,0,17.0,1.0,2.0,5.0,108.83,639.55,0.5
51911,1,9.0,Phone,1,25.0,Debit Card,Female,3.0,2,Fashion,1,Single,5,0,14.0,0.0,2.0,12.0,144.58,751.4,0.0
51912,0,5.0,Computer,1,7.0,Debit Card,Male,3.0,4,Grocery,3,Married,3,0,16.0,1.0,1.0,3.0,163.95,796.01,1.0
51913,0,7.0,Mobile Phone,1,9.0,Debit Card,Male,3.0,3,Mobile Phone,3,Single,8,0,16.0,1.0,2.0,14.0,233.15,1103.97,0.5
51914,0,4.0,Mobile Phone,1,23.0,E wallet,Male,3.0,4,Mobile Phone,3,Married,5,0,21.0,1.0,5.0,1.0,163.11,1012.82,0.2
51915,1,0.0,Computer,1,14.0,Debit Card,Female,2.0,6,Laptop & Accessory,4,Single,3,0,11.0,0.0,3.0,1.0,163.55,844.49,0.0
51916,1,31.0,Mobile Phone,1,43.0,E wallet,Female,2.0,3,Laptop & Accessory,5,Married,5,1,11.0,1.0,1.0,1.0,234.5,1024.1,1.0
51917,0,10.0,Phone,3,,Debit Card,Female,3.0,4,Mobile Phone,3,Divorced,4,0,17.0,3.0,7.0,0.0,178.76,1130.29,0.429
51918,0,4.0,Mobile Phone,1,19.0,UPI,Male,1.0,2,Fashion,3,Married,5,0,21.0,0.0,2.0,3.0,166.26,889.79,0.0
51919,0,26.0,Mobile Phone,1,14.0,Credit Card,Male,,4,Mobile Phone,4,Married,5,0,20.0,0.0,1.0,5.0,229.15,1075.77,0.0
51920,1,28.0,Phone,3,39.0,Debit Card,Male,3.0,4,Mobile Phone,2,Married,3,1,14.0,2.0,7.0,2.0,191.02,1152.88,0.286
51921,0,11.0,Mobile Phone,1,11.0,COD,Male,3.0,5,Grocery,5,Married,4,0,11.0,1.0,2.0,,199.92,937.7,0.5
51922,0,3.0,Mobile Phone,1,8.0,Debit Card,Female,2.0,5,Mobile Phone,5,Married,5,1,17.0,0.0,1.0,2.0,205.2,960.76,0.0
51923,1,7.0,Mobile Phone,1,10.0,Credit Card,Male,4.0,3,Others,3,Married,8,1,18.0,4.0,5.0,0.0,156.18,962.48,0.8
51924,0,8.0,Mobile Phone,1,28.0,Credit Card,Male,3.0,3,Fashion,2,Divorced,4,0,11.0,0.0,2.0,,206.57,962.97,0.0
51925,0,10.0,Mobile Phone,1,13.0,Debit Card,Female,3.0,5,Mobile Phone,3,Married,5,0,13.0,0.0,1.0,1.0,211.91,954.26,0.0
51926,1,4.0,Phone,1,,COD,Male,3.0,4,Laptop & Accessory,1,Single,4,1,17.0,2.0,3.0,5.0,182.4,964.12,0.667
51927,0,18.0,Phone,1,14.0,E wallet,Female,3.0,3,Laptop & Accessory,4,Married,4,0,16.0,5.0,10.0,,225.63,1435.39,0.5
51928,0,1.0,Phone,3,,E wallet,Male,3.0,2,Mobile Phone,3,Single,6,1,20.0,1.0,1.0,1.0,180.84,892.19,1.0
51929,0,20.0,Mobile Phone,1,5.0,COD,Female,3.0,3,Mobile Phone,3,Married,5,0,17.0,1.0,2.0,1.0,248.65,1170.87,0.5
51930,0,22.0,Computer,1,9.0,Credit Card,Male,3.0,4,Mobile Phone,5,Married,6,1,11.0,2.0,,6.0,149.17,744.85,1.0
51931,1,8.0,Phone,1,16.0,Debit Card,Male,2.0,4,Fashion,3,Married,5,1,17.0,1.0,3.0,14.0,168.84,912.59,0.333
51932,0,9.0,Mobile Phone,1,20.0,E wallet,Female,2.0,3,Mobile Phone,4,Single,3,0,11.0,,1.0,2.0,143.53,678.41,1.0
51933,0,24.0,Computer,3,26.0,Credit Card,Female,1.0,2,Laptop & Accessory,4,Divorced,4,0,17.0,0.0,1.0,2.0,214.89,997.58,0.0
51934,0,15.0,Phone,1,36.0,Debit Card,Male,2.0,4,Fashion,3,Married,3,0,14.0,3.0,4.0,,128.13,778.89,0.75
51935,0,8.0,Phone,3,11.0,Credit Card,Female,2.0,5,Laptop & Accessory,2,Married,3,0,24.0,0.0,3.0,1.0,194.51,1066.14,0.0
51936,0,8.0,Mobile Phone,1,21.0,UPI,Female,,3,Laptop & Accessory,5,Married,3,0,17.0,1.0,1.0,3.0,201.15,945.37,1.0
51937,0,14.0,Mobile Phone,3,6.0,Debit Card,Male,3.0,5,Laptop & Accessory,4,Married,3,1,20.0,0.0,1.0,4.0,235.63,1100.39,0.0
51938,0,29.0,Computer,1,6.0,E wallet,Female,4.0,3,Laptop & Accessory,2,Single,6,0,15.0,3.0,4.0,1.0,185.46,1004.75,0.75
51939,0,9.0,Mobile Phone,1,7.0,Credit Card,Male,3.0,4,Fashion,2,Single,5,1,14.0,3.0,3.0,1.0,176.32,917.02,1.0
51940,0,8.0,Phone,3,12.0,Debit Card,Male,3.0,4,Mobile Phone,4,Married,3,0,18.0,2.0,5.0,1.0,234.14,1258.73,0.4
51941,0,10.0,Phone,3,8.0,E wallet,Male,3.0,5,Mobile Phone,5,Single,3,0,13.0,1.0,1.0,4.0,170.64,797.43,1.0
51942,1,10.0,Computer,1,9.0,COD,Male,3.0,4,Mobile Phone,5,Married,3,0,17.0,1.0,2.0,6.0,162.92,845.1,0.5
51943,0,12.0,Mobile Phone,3,,Debit Card,Male,3.0,3,Mobile Phone,4,Married,5,1,12.0,1.0,1.0,,99.8,520.24,1.0
51944,0,,Phone,1,10.0,Debit Card,Male,3.0,5,Mobile Phone,5,Married,2,0,22.0,1.0,3.0,7.0,193.41,1045.96,0.333
51945,0,20.0,Mobile Phone,1,15.0,Credit Card,Male,3.0,4,Fashion,3,Single,2,0,16.0,1.0,1.0,11.0,190.89,898.38,1.0
51946,1,5.0,Phone,1,11.0,E wallet,Female,3.0,2,Mobile Phone,1,Married,3,0,,0.0,1.0,3.0,195.11,890.42,0.0
51947,0,13.0,Phone,2,7.0,Debit Card,Female,3.0,1,Fashion,3,Divorced,5,0,14.0,2.0,3.0,11.0,238.34,1152.69,0.667
51948,0,13.0,Mobile Phone,3,,Debit Card,Male,4.0,3,Fashion,5,Married,7,0,19.0,0.0,5.0,4.0,174.13,1038.69,0.0
51949,0,5.0,Phone,1,8.0,E wallet,Male,4.0,4,Laptop & Accessory,5,Married,2,0,16.0,5.0,6.0,1.0,150.47,969.79,0.833
51950,1,13.0,Mobile Phone,1,6.0,Credit Card,Female,3.0,4,Mobile Phone,1,Married,8,1,12.0,0.0,1.0,1.0,226.38,1001.24,0.0
51951,1,13.0,Mobile Phone,1,17.0,Debit Card,Male,1.0,3,Fashion,3,Married,4,1,20.0,3.0,4.0,4.0,183.93,1038.93,0.75
51952,1,1.0,Mobile Phone,1,24.0,UPI,Male,1.0,1,Fashion,1,Single,2,1,16.0,5.0,9.0,1.0,144.29,1081.3,0.556
51953,0,5.0,Mobile Phone,1,10.0,UPI,Male,2.0,3,Laptop & Accessory,4,Single,4,0,17.0,1.0,1.0,0.0,172.29,835.7,1.0
51954,0,25.0,Mobile Phone,1,11.0,COD,Female,2.0,2,Laptop & Accessory,3,Married,7,0,13.0,1.0,6.0,1.0,154.27,960.23,0.167
51955,0,6.0,Mobile Phone,1,25.0,Debit Card,Male,3.0,3,Mobile Phone,5,Married,5,0,14.0,3.0,8.0,0.0,155.35,1062.33,0.375
51956,1,4.0,Phone,1,8.0,UPI,Male,2.0,6,Laptop & Accessory,1,Single,3,0,15.0,0.0,1.0,10.0,271.38,1196.24,0.0
51957,0,2.0,Phone,1,7.0,E wallet,Female,3.0,4,Laptop & Accessory,4,Married,4,1,12.0,0.0,1.0,5.0,200.36,902.37,0.0
51958,1,4.0,Phone,2,13.0,Debit Card,Male,2.0,3,Laptop & Accessory,3,Single,5,1,11.0,1.0,1.0,0.0,108.94,546.97,1.0
51959,0,9.0,Mobile Phone,1,17.0,Credit Card,Male,3.0,3,Laptop & Accessory,2,Married,2,0,21.0,6.0,,0.0,204.98,1261.92,0.857
51960,0,4.0,Computer,1,16.0,Debit Card,Female,2.0,3,Mobile Phone,3,Married,5,0,11.0,,1.0,0.0,149.86,702.47,0.0
51961,0,15.0,Phone,1,20.0,E wallet,Male,4.0,2,Fashion,3,Married,6,1,13.0,1.0,2.0,7.0,230.37,1069.41,0.5
51962,0,5.0,Mobile Phone,1,6.0,E wallet,Female,3.0,6,Laptop & Accessory,3,Divorced,7,0,13.0,1.0,3.0,7.0,216.61,1062.12,0.333
51963,0,12.0,Computer,1,12.0,E wallet,Male,,3,Mobile Phone,4,Divorced,4,0,22.0,,3.0,6.0,115.87,751.31,0.0
51964,0,23.0,Mobile Phone,2,8.0,Debit Card,Male,4.0,3,Mobile Phone,4,Divorced,4,1,14.0,1.0,1.0,1.0,146.94,715.37,1.0
51965,1,22.0,Phone,3,22.0,Credit Card,Male,2.0,4,Fashion,1,Single,5,0,17.0,0.0,2.0,19.0,162.76,844.49,0.0
51966,0,12.0,Mobile Phone,2,30.0,Debit Card,Female,4.0,2,Mobile Phone,4,Married,2,0,18.0,2.0,2.0,8.0,249.34,1181.49,1.0
51967,0,4.0,Mobile Phone,1,9.0,COD,Male,3.0,3,Laptop & Accessory,4,Married,3,0,,1.0,2.0,5.0,214.17,1071.85,0.5
51968,1,10.0,Computer,1,6.0,Credit Card,Male,3.0,2,Grocery,1,Divorced,6,0,13.0,1.0,1.0,5.0,195.82,893.12,1.0
51969,0,12.0,Mobile Phone,1,9.0,Debit Card,Female,2.0,3,Fashion,4,Married,3,0,,,7.0,2.0,235.65,1354.47,0.571
51970,0,38.0,Mobile Phone,3,6.0,Debit Card,Female,,2,Mobile Phone,5,Single,2,1,13.0,2.0,3.0,4.0,142.92,782.1,0.667
51971,0,2.0,Computer,3,10.0,Credit Card,Male,4.0,5,Laptop & Accessory,5,Married,3,0,11.0,1.0,4.0,2.0,283.56,1345.53,0.25
51972,1,10.0,Computer,1,14.0,Credit Card,Male,3.0,4,Laptop & Accessory,1,Single,2,0,15.0,1.0,1.0,6.0,134.57,676.37,1.0
51973,0,15.0,Phone,1,49.0,E wallet,Male,2.0,4,Laptop & Accessory,4,Married,7,0,13.0,1.0,1.0,2.0,150.81,722.08,1.0
51974,0,11.0,Mobile Phone,3,11.0,Debit Card,Male,3.0,4,Laptop & Accessory,5,Married,3,0,22.0,2.0,8.0,14.0,219.69,1370.82,0.25
51975,1,11.0,Mobile Phone,1,8.0,Credit Card,Female,2.0,4,Laptop & Accessory,3,Married,4,1,21.0,4.0,5.0,15.0,155.84,985.19,0.8
51976,1,6.0,Phone,3,7.0,Debit Card,Female,2.0,3,Laptop & Accessory,3,Single,11,0,20.0,,2.0,1.0,201.32,1015.02,0.5
51977,1,,Mobile Phone,3,7.0,Credit Card,Male,4.0,4,Laptop & Accessory,2,Married,5,1,16.0,2.0,2.0,8.0,97.08,586.9,1.0
51978,1,10.0,Mobile Phone,1,8.0,COD,Male,3.0,2,Fashion,3,Married,5,1,15.0,1.0,2.0,,149.47,777.99,0.5
51979,0,11.0,Mobile Phone,3,22.0,Credit Card,Female,3.0,2,Mobile Phone,3,Married,2,0,17.0,0.0,1.0,1.0,203.53,954.41,0.0
51980,0,19.0,Mobile Phone,3,6.0,Debit Card,Female,4.0,4,Laptop & Accessory,2,Married,5,0,15.0,2.0,3.0,1.0,121.69,717.42,0.667
51981,1,8.0,Mobile Phone,3,76.0,COD,Male,3.0,4,Others,3,Married,6,1,13.0,1.0,9.0,4.0,79.71,811.9,0.111
51982,1,21.0,Mobile Phone,1,14.0,Debit Card,Male,3.0,2,Fashion,3,Married,5,0,14.0,0.0,1.0,11.0,190.52,880.98,0.0
51983,0,4.0,Mobile Phone,1,14.0,E wallet,Male,,3,Laptop & Accessory,2,Divorced,3,0,18.0,1.0,4.0,2.0,270.23,1350.87,0.25
51984,1,12.0,Mobile Phone,1,10.0,Credit Card,Female,3.0,2,Laptop & Accessory,3,Married,7,1,24.0,1.0,1.0,2.0,147.28,796.66,1.0
51985,0,5.0,Mobile Phone,1,19.0,Debit Card,Male,3.0,4,Laptop & Accessory,5,Married,7,0,16.0,2.0,5.0,2.0,161.68,967.38,0.4
51986,1,4.0,Mobile Phone,1,13.0,Debit Card,Female,,6,Fashion,2,Married,8,0,16.0,0.0,1.0,2.0,201.76,939.69,0.0
51987,0,29.0,Phone,1,10.0,Debit Card,Male,3.0,4,Laptop & Accessory,4,Married,5,0,13.0,1.0,2.0,4.0,165.85,824.23,0.5
51988,1,4.0,Computer,2,9.0,E wallet,Female,3.0,4,Laptop & Accessory,2,Married,2,1,11.0,0.0,2.0,5.0,224.42,1030.8,0.0
51989,1,10.0,Mobile Phone,1,36.0,UPI,Male,3.0,3,Mobile Phone,2,Single,3,1,18.0,2.0,3.0,,215.09,1096.34,0.667
51990,0,3.0,Mobile Phone,1,9.0,Credit Card,Male,4.0,2,Mobile Phone,5,Married,5,1,12.0,1.0,3.0,7.0,85.25,554.95,0.333
51991,1,20.0,Mobile Phone,1,12.0,Debit Card,Male,2.0,4,Laptop & Accessory,4,Single,4,0,11.0,1.0,3.0,4.0,110.56,643.13,0.333
51992,0,7.0,Mobile Phone,2,10.0,UPI,Male,2.0,3,Mobile Phone,1,Single,5,0,21.0,,5.0,1.0,131.27,891.83,0.8
51993,0,19.0,Mobile Phone,1,6.0,Credit Card,Male,3.0,3,Laptop & Accessory,4,Single,6,0,19.0,1.0,1.0,2.0,166.99,831.56,1.0
51994,0,14.0,Mobile Phone,1,7.0,Credit Card,Female,2.0,4,Mobile Phone,2,Married,5,0,11.0,3.0,4.0,15.0,219.22,1101.04,0.75
51995,1,34.0,Phone,3,8.0,Credit Card,Male,2.0,5,Laptop & Accessory,5,Single,3,0,25.0,1.0,1.0,4.0,166.07,876.07,1.0
51996,1,3.0,Phone,1,19.0,Debit Card,Male,2.0,3,Mobile Phone,2,Divorced,3,1,11.0,,4.0,3.0,120.7,726.66,0.5
51997,0,5.0,Mobile Phone,1,11.0,Credit Card,Male,3.0,5,Mobile Phone,5,Married,6,0,11.0,3.0,4.0,1.0,182.36,960.97,0.75
51998,0,18.0,Mobile Phone,3,23.0,Credit Card,Male,1.0,3,Laptop & Accessory,2,Married,4,0,11.0,0.0,1.0,3.0,86.18,460.48,0.0
51999,1,12.0,Phone,3,20.0,Credit Card,Male,2.0,2,Laptop & Accessory,3,Married,5,1,14.0,0.0,1.0,0.0,168.97,799.09,0.0
52000,0,8.0,Mobile Phone,1,8.0,UPI,Male,2.0,3,Laptop & Accessory,5,Single,3,0,20.0,0.0,,2.0,248.98,1151.12,0.0
52001,0,31.0,Phone,3,15.0,Debit Card,Male,3.0,4,Laptop & Accessory,3,Married,1,0,11.0,0.0,1.0,9.0,122.38,598.04,0.0
52002,1,10.0,Mobile Phone,3,21.0,Credit Card,Male,,3,Laptop & Accessory,1,Single,2,0,13.0,0.0,,,183.32,890.62,0.0
52003,1,5.0,Phone,1,17.0,Debit Card,Male,2.0,4,Laptop & Accessory,3,Single,4,1,17.0,,2.0,8.0,159.66,832.71,0.0
52004,1,19.0,Computer,1,16.0,E wallet,Male,3.0,3,Laptop & Accessory,2,Married,6,1,13.0,1.0,1.0,0.0,37.19,290.32,1.0
52005,0,10.0,Computer,1,21.0,Debit Card,Male,3.0,3,Laptop & Accessory,4,Single,3,0,16.0,1.0,3.0,1.0,122.28,727.66,0.333
52006,0,11.0,Mobile Phone,1,6.0,Debit Card,Female,3.0,3,Grocery,4,Married,6,0,19.0,0.0,2.0,6.0,154.35,828.53,0.0
52007,0,15.0,Mobile Phone,1,21.0,E wallet,Male,2.0,3,Fashion,3,Married,3,0,13.0,0.0,1.0,6.0,214.23,963.07,0.0
52008,1,15.0,Mobile Phone,3,9.0,Debit Card,Male,3.0,3,Laptop & Accessory,4,Married,5,0,12.0,0.0,1.0,5.0,159.34,746.49,0.0
52009,1,5.0,Computer,1,15.0,Credit Card,Female,4.0,3,Mobile Phone,2,Married,3,1,17.0,4.0,7.0,11.0,218.52,1281.38,0.571
52010,0,8.0,Mobile Phone,2,8.0,COD,Male,2.0,4,Grocery,5,Divorced,5,1,16.0,2.0,3.0,3.0,281.47,1332.59,0.667
52011,0,3.0,Mobile Phone,1,27.0,Credit Card,Male,,4,Mobile Phone,3,Married,9,0,18.0,5.0,7.0,6.0,154.57,1046.37,0.714
52012,0,12.0,Mobile Phone,1,13.0,Debit Card,Male,2.0,2,Fashion,4,Married,6,0,19.0,1.0,,,206.36,1026.17,0.5
52013,0,28.0,Mobile Phone,1,17.0,Debit Card,Female,3.0,3,Fashion,2,Married,10,0,11.0,0.0,1.0,4.0,203.87,907.71,0.0
52014,0,5.0,Mobile Phone,1,24.0,E wallet,Female,3.0,3,Grocery,4,Single,3,0,12.0,,4.0,7.0,176.56,946.93,0.5
52015,1,3.0,Phone,1,32.0,Debit Card,Female,2.0,3,Laptop & Accessory,1,Married,4,1,13.0,0.0,1.0,5.0,129.37,640.61,0.0
52016,0,6.0,Mobile Phone,3,21.0,E wallet,Female,2.0,4,Laptop & Accessory,3,Married,7,0,14.0,5.0,7.0,7.0,153.2,1009.16,0.714
52017,1,8.0,Mobile Phone,1,7.0,E wallet,Female,4.0,3,Laptop & Accessory,1,Divorced,4,0,22.0,1.0,1.0,2.0,107.1,627.98,1.0
52018,0,16.0,Computer,1,28.0,Credit Card,Female,3.0,5,Mobile Phone,3,Married,4,0,11.0,1.0,3.0,1.0,152.73,803.37,0.333
52019,0,8.0,Phone,2,17.0,E wallet,Male,4.0,5,Mobile Phone,3,Single,2,0,14.0,3.0,5.0,1.0,190.0,1059.0,0.6
52020,1,12.0,Computer,1,16.0,Debit Card,Male,4.0,2,Laptop & Accessory,3,Married,5,1,,2.0,2.0,7.0,184.68,879.78,1.0
52021,0,7.0,Mobile Phone,1,36.0,Credit Card,Female,3.0,4,Laptop & Accessory,5,Married,4,0,19.0,0.0,2.0,9.0,191.91,971.26,0.0
52022,0,9.0,Phone,1,8.0,Credit Card,Female,2.0,1,Mobile Phone,2,Married,6,0,12.0,1.0,,1.0,254.13,1106.69,1.0
52023,0,5.0,Mobile Phone,2,8.0,Debit Card,Male,3.0,1,Laptop & Accessory,5,Single,5,0,21.0,,4.0,2.0,110.19,766.72,0.75
52024,0,,Mobile Phone,1,14.0,Debit Card,Male,3.0,5,Mobile Phone,3,Married,7,0,15.0,0.0,1.0,11.0,142.9,708.02,0.0
52025,1,16.0,Mobile Phone,1,22.0,Credit Card,Female,3.0,4,Mobile Phone,3,Single,7,1,14.0,3.0,3.0,0.0,245.27,1179.03,1.0
52026,0,7.0,Mobile Phone,1,12.0,Credit Card,Male,3.0,3,Mobile Phone,2,Married,4,0,13.0,1.0,1.0,2.0,170.41,796.56,1.0
52027,0,13.0,Mobile Phone,3,17.0,Credit Card,Male,4.0,4,Laptop & Accessory,4,Divorced,4,0,14.0,1.0,4.0,4.0,210.38,1091.44,0.25
52028,0,5.0,Computer,1,12.0,E wallet,Female,2.0,4,Fashion,3,Single,1,0,11.0,1.0,3.0,1.0,160.82,834.12,0.333
52029,0,10.0,Mobile Phone,3,16.0,Credit Card,Male,2.0,4,Laptop & Accessory,5,Married,5,0,11.0,1.0,1.0,5.0,215.3,951.14,1.0
52030,0,1.0,Mobile Phone,2,26.0,UPI,Male,,1,Fashion,5,Married,6,0,13.0,1.0,1.0,2.0,177.25,822.55,1.0
52031,0,8.0,Mobile Phone,1,7.0,E wallet,Female,4.0,4,Fashion,2,Married,7,0,18.0,1.0,1.0,,168.91,830.86,1.0
52032,1,6.0,Mobile Phone,2,19.0,Debit Card,Male,4.0,4,Mobile Phone,2,Married,4,1,19.0,1.0,1.0,0.0,184.5,898.1,1.0
52033,0,20.0,Phone,3,24.0,Credit Card,Female,3.0,3,Mobile Phone,3,Married,3,0,11.0,0.0,1.0,9.0,145.31,685.18,0.0
52034,0,4.0,Mobile Phone,1,12.0,Credit Card,Female,1.0,3,Laptop & Accessory,3,Married,6,0,19.0,0.0,1.0,4.0,230.62,1073.36,0.0
52035,1,9.0,Phone,1,10.0,UPI,Female,3.0,2,Fashion,3,Divorced,2,1,16.0,2.0,4.0,4.0,204.48,1085.02,0.5
52036,0,12.0,Mobile Phone,1,5.0,Debit Card,Female,4.0,3,Laptop & Accessory,5,Married,5,0,18.0,2.0,2.0,0.0,166.23,865.67,1.0
52037,0,18.0,Phone,1,24.0,Credit Card,Male,3.0,3,Mobile Phone,4,Single,3,0,15.0,0.0,1.0,11.0,206.31,948.98,0.0
52038,0,17.0,Phone,3,10.0,Debit Card,Male,3.0,4,Laptop & Accessory,5,Divorced,6,0,19.0,1.0,1.0,9.0,186.58,906.0,1.0
52039,0,,Computer,1,10.0,Debit Card,Female,2.0,4,Grocery,3,Single,6,0,13.0,0.0,1.0,3.0,215.9,969.42,0.0
52040,1,10.0,Computer,1,,Credit Card,Male,1.0,3,Grocery,3,Married,4,1,15.0,1.0,2.0,3.0,135.06,723.23,0.5
52041,0,20.0,Phone,3,13.0,Debit Card,Male,3.0,4,Mobile Phone,3,Married,4,0,11.0,0.0,1.0,2.0,190.37,856.41,0.0
52042,0,9.0,Mobile Phone,1,20.0,Credit Card,Female,4.0,4,Mobile Phone,3,Married,3,0,11.0,2.0,3.0,2.0,144.11,770.62,0.667
52043,0,11.0,Mobile Phone,1,23.0,UPI,Female,5.0,3,Laptop & Accessory,4,Married,1,1,11.0,1.0,3.0,3.0,154.33,809.45,0.333
52044,0,20.0,Phone,3,11.0,COD,Female,4.0,3,Mobile Phone,5,Single,4,0,13.0,2.0,5.0,,173.67,988.95,0.4
52045,0,37.0,Computer,1,18.0,Debit Card,Female,3.0,3,Fashion,3,Married,5,0,16.0,5.0,7.0,0.0,207.87,1232.91,0.714
52046,1,12.0,Mobile Phone,2,20.0,E wallet,Female,3.0,2,Mobile Phone,3,Married,3,1,19.0,0.0,1.0,8.0,206.23,980.67,0.0
52047,1,14.0,Mobile Phone,1,9.0,UPI,Female,4.0,1,Mobile Phone,3,Married,7,0,20.0,0.0,1.0,2.0,55.63,416.39,0.0
52048,0,16.0,Phone,1,6.0,Debit Card,Male,1.0,2,Fashion,4,Divorced,2,0,25.0,0.0,1.0,18.0,174.6,908.48,0.0
52049,0,20.0,Mobile Phone,1,32.0,Credit Card,Male,4.0,4,Laptop & Accessory,3,Married,3,0,14.0,0.0,1.0,,184.0,856.2,0.0
52050,1,19.0,Mobile Phone,1,19.0,UPI,Female,3.0,1,Fashion,3,Single,3,1,13.0,1.0,3.0,,159.96,846.85,0.333
52051,1,6.0,Mobile Phone,3,18.0,Debit Card,Male,4.0,3,Mobile Phone,2,Single,3,0,26.0,,1.0,5.0,143.81,799.48,0.0
52052,1,12.0,Phone,3,6.0,UPI,Female,3.0,6,Laptop & Accessory,5,Married,6,0,16.0,0.0,1.0,2.0,220.5,1010.9,0.0
52053,1,19.0,Computer,3,25.0,Credit Card,Female,2.0,4,Fashion,4,Divorced,4,0,12.0,1.0,2.0,1.0,138.81,713.48,0.5
52054,1,23.0,Mobile Phone,1,15.0,Debit Card,Female,2.0,4,Grocery,2,Married,10,1,13.0,1.0,1.0,14.0,168.46,789.15,1.0
52055,0,9.0,Mobile Phone,3,28.0,Credit Card,Female,3.0,3,Mobile Phone,3,Married,2,0,13.0,5.0,9.0,2.0,109.37,924.61,0.556
52056,0,12.0,Mobile Phone,2,49.0,Debit Card,Female,2.0,4,Mobile Phone,3,Divorced,6,0,18.0,5.0,8.0,3.0,114.68,939.78,0.625
52057,0,13.0,Mobile Phone,1,43.0,Debit Card,Male,3.0,3,Fashion,3,Single,7,0,15.0,0.0,1.0,14.0,187.42,877.2,0.0
52058,0,10.0,Phone,2,28.0,Credit Card,Male,3.0,4,Grocery,3,Married,2,0,14.0,0.0,1.0,1.0,202.19,925.32,0.0
52059,0,12.0,Mobile Phone,1,5.0,Credit Card,Male,3.0,3,Others,4,Married,8,0,19.0,2.0,2.0,1.0,177.62,916.96,1.0
52060,1,51.0,Mobile Phone,1,31.0,Credit Card,Male,2.0,3,Laptop & Accessory,1,Single,5,0,14.0,0.0,1.0,1.0,160.27,766.03,0.0
52061,0,9.0,Phone,3,6.0,Debit Card,Male,4.0,6,Mobile Phone,3,Married,4,0,14.0,1.0,1.0,1.0,183.37,853.81,1.0
52062,0,9.0,Phone,1,28.0,E wallet,Female,3.0,3,Fashion,2,Single,8,0,12.0,1.0,1.0,5.0,192.32,871.82,1.0
52063,1,2.0,Mobile Phone,1,9.0,Credit Card,Male,4.0,3,Mobile Phone,1,Married,7,0,20.0,1.0,3.0,1.0,204.29,1071.3,0.333
52064,1,2.0,Mobile Phone,1,16.0,E wallet,Male,2.0,3,Mobile Phone,3,Married,2,1,19.0,0.0,1.0,0.0,246.7,1134.46,0.0
52065,0,13.0,Computer,3,5.0,E wallet,Male,4.0,3,Mobile Phone,2,Married,3,0,17.0,0.0,2.0,6.0,158.35,827.73,0.0
52066,0,19.0,Mobile Phone,1,23.0,Debit Card,Male,2.0,2,Laptop & Accessory,2,Single,3,0,15.0,1.0,1.0,15.0,164.29,789.3,1.0
52067,0,17.0,Phone,1,6.0,Debit Card,Male,3.0,4,Laptop & Accessory,3,Married,7,0,20.0,2.0,2.0,4.0,220.7,1088.66,1.0
52068,0,5.0,Mobile Phone,1,11.0,UPI,Male,3.0,3,Laptop & Accessory,5,Single,5,1,11.0,6.0,16.0,2.0,161.48,1421.62,0.375
52069,1,16.0,Phone,1,25.0,E wallet,Female,4.0,3,Mobile Phone,4,Single,8,0,20.0,1.0,3.0,0.0,87.76,628.49,0.333
52070,0,9.0,Phone,3,19.0,Debit Card,Male,3.0,4,Mobile Phone,3,Married,4,0,17.0,0.0,1.0,4.0,193.69,917.02,0.0
52071,0,7.0,Phone,1,5.0,E wallet,Male,2.0,4,Grocery,3,Single,5,0,11.0,2.0,8.0,2.0,250.11,1398.42,0.25
52072,0,3.0,Computer,1,11.0,Debit Card,Male,,6,Laptop & Accessory,3,Single,2,0,11.0,1.0,1.0,5.0,153.42,716.0,1.0
52073,0,6.0,Computer,1,,Debit Card,Female,3.0,2,Laptop & Accessory,2,Married,5,0,13.0,0.0,1.0,14.0,32.98,274.32,0.0
52074,0,14.0,Phone,3,18.0,Credit Card,Female,2.0,3,Others,2,Single,5,0,15.0,0.0,2.0,0.0,102.94,601.17,0.0
52075,0,12.0,Mobile Phone,1,47.0,Debit Card,Female,3.0,2,Mobile Phone,2,Divorced,4,0,19.0,1.0,1.0,5.0,130.47,692.79,1.0
52076,0,11.0,Mobile Phone,2,18.0,COD,Female,2.0,4,Laptop & Accessory,3,Married,4,0,18.0,1.0,3.0,5.0,135.7,794.66,0.333
52077,0,1.0,Phone,1,8.0,UPI,Male,2.0,3,Fashion,4,Single,5,0,18.0,1.0,1.0,4.0,236.19,1086.52,1.0
52078,0,11.0,Phone,1,10.0,Credit Card,Male,3.0,4,Fashion,4,Married,3,0,19.0,0.0,1.0,6.0,224.55,1050.29,0.0
52079,0,6.0,Mobile Phone,3,50.0,Debit Card,Male,2.0,6,Mobile Phone,5,Divorced,4,0,21.0,3.0,5.0,2.0,264.51,1398.14,0.6
52080,1,12.0,Mobile Phone,3,8.0,Debit Card,Female,3.0,3,Grocery,2,Married,4,1,23.0,1.0,2.0,1.0,244.44,1202.87,0.5
52081,0,21.0,Phone,3,15.0,Debit Card,Male,3.0,2,Laptop & Accessory,5,Married,6,1,13.0,1.0,1.0,0.0,193.44,884.07,1.0
52082,1,7.0,Mobile Phone,3,11.0,Credit Card,Female,3.0,3,Mobile Phone,3,Married,2,1,15.0,1.0,2.0,2.0,173.23,868.27,0.5
52083,0,10.0,Mobile Phone,3,23.0,Debit Card,Male,4.0,1,Fashion,2,Married,4,0,11.0,0.0,2.0,7.0,113.29,608.5,0.0
52084,0,30.0,Phone,2,29.0,Credit Card,Male,2.0,4,Mobile Phone,5,Single,6,1,15.0,1.0,1.0,4.0,94.63,524.59,1.0
52085,0,12.0,Phone,3,10.0,Credit Card,Male,4.0,1,Grocery,3,Single,5,0,12.0,2.0,5.0,1.0,156.02,913.88,0.4
52086,0,10.0,Mobile Phone,1,18.0,COD,Female,4.0,3,Laptop & Accessory,3,Married,6,1,21.0,3.0,5.0,2.0,95.28,755.06,0.6
52087,1,5.0,Mobile Phone,1,15.0,UPI,Male,3.0,2,Laptop & Accessory,2,Divorced,9,1,15.0,,2.0,5.0,250.19,1160.72,0.5
52088,0,16.0,Mobile Phone,1,9.0,Credit Card,Female,5.0,1,Mobile Phone,2,Single,3,0,11.0,1.0,3.0,,163.98,846.12,0.333
52089,0,5.0,Mobile Phone,3,9.0,Credit Card,Male,3.0,3,Mobile Phone,5,Married,5,0,13.0,1.0,3.0,9.0,179.92,922.7,0.333
52090,0,21.0,Phone,1,14.0,Debit Card,Male,4.0,3,Laptop & Accessory,3,Divorced,6,0,14.0,0.0,3.0,5.0,220.22,1083.84,0.0
52091,0,,Mobile Phone,3,7.0,Debit Card,Male,3.0,2,Laptop & Accessory,5,Single,4,0,11.0,0.0,1.0,1.0,189.07,851.47,0.0
52092,0,7.0,Mobile Phone,1,25.0,UPI,Male,3.0,4,Others,3,Married,6,0,16.0,1.0,3.0,9.0,95.24,624.91,0.333
52093,1,5.0,Mobile Phone,1,6.0,Credit Card,Male,3.0,4,Grocery,2,Married,6,0,20.0,2.0,6.0,11.0,152.92,1011.1,0.333
52094,0,,Mobile Phone,1,,Debit Card,Male,3.0,5,Laptop & Accessory,2,Single,5,0,11.0,1.0,1.0,11.0,124.9,607.62,1.0
52095,0,2.0,Computer,1,10.0,Credit Card,Male,2.0,4,Mobile Phone,3,Married,6,0,17.0,0.0,1.0,4.0,207.66,970.11,0.0
52096,0,13.0,Mobile Phone,1,7.0,UPI,Female,2.0,3,Mobile Phone,2,Single,7,0,11.0,,5.0,9.0,179.38,994.64,0.6
52097,1,1.0,Computer,1,,Debit Card,Male,3.0,4,Fashion,4,Single,3,1,18.0,1.0,3.0,7.0,163.67,900.95,0.333
52098,0,9.0,Computer,3,11.0,Debit Card,Male,3.0,3,Mobile Phone,2,Married,5,0,12.0,0.0,1.0,4.0,176.15,810.37,0.0
52099,1,9.0,Mobile Phone,1,20.0,COD,Female,3.0,3,Fashion,5,Married,8,1,21.0,1.0,4.0,18.0,165.55,977.09,0.25
52100,0,8.0,Phone,1,42.0,Credit Card,Female,3.0,3,Grocery,5,Divorced,7,0,19.0,1.0,1.0,1.0,132.89,701.98,1.0
52101,0,13.0,Mobile Phone,1,22.0,Credit Card,Male,2.0,3,Mobile Phone,3,Divorced,6,0,17.0,3.0,5.0,4.0,152.27,939.63,0.6
52102,1,7.0,Phone,2,7.0,Debit Card,Female,3.0,4,Laptop & Accessory,4,Divorced,5,0,15.0,0.0,2.0,0.0,130.69,706.62,0.0
52103,0,11.0,Mobile Phone,1,38.0,UPI,Female,4.0,3,Mobile Phone,5,Single,4,0,12.0,0.0,1.0,3.0,196.0,885.8,0.0
52104,0,21.0,Computer,1,11.0,E wallet,Male,4.0,3,Fashion,4,Single,5,0,17.0,0.0,,8.0,214.41,1085.76,0.0
52105,0,14.0,Mobile Phone,1,13.0,Credit Card,Male,3.0,3,Mobile Phone,3,Single,3,0,16.0,1.0,1.0,1.0,114.62,608.56,1.0
52106,0,7.0,Phone,1,12.0,Debit Card,Male,5.0,4,Grocery,3,Married,2,0,17.0,1.0,,,256.43,1200.43,0.5
52107,0,10.0,Mobile Phone,2,9.0,Credit Card,Male,4.0,2,Grocery,4,Single,4,1,12.0,0.0,2.0,6.0,237.12,1087.06,0.0
52108,0,8.0,Computer,3,32.0,Debit Card,Female,2.0,3,Mobile Phone,3,Married,2,0,21.0,0.0,1.0,5.0,117.24,658.51,0.0
52109,0,9.0,Mobile Phone,1,10.0,Debit Card,Male,3.0,4,Mobile Phone,3,Married,2,0,22.0,1.0,3.0,10.0,174.98,975.92,0.333
52110,0,11.0,Phone,1,15.0,Credit Card,Male,2.0,1,Mobile Phone,2,Single,2,0,14.0,0.0,,3.0,130.15,696.57,0.0
52111,1,3.0,Mobile Phone,1,8.0,Debit Card,Female,3.0,5,Laptop & Accessory,3,Married,6,1,16.0,3.0,5.0,1.0,141.49,890.66,0.6
52112,1,3.0,Mobile Phone,1,24.0,COD,Female,3.0,4,Mobile Phone,1,Single,6,0,16.0,0.0,1.0,5.0,59.93,400.73,0.0
52113,1,5.0,Phone,2,23.0,Debit Card,Male,2.0,3,Laptop & Accessory,3,Married,4,1,16.0,2.0,4.0,13.0,52.48,507.42,0.5
52114,0,14.0,Computer,1,9.0,Credit Card,Female,4.0,4,Fashion,3,Single,6,0,12.0,1.0,2.0,4.0,168.4,825.92,0.5
52115,0,,Mobile Phone,1,19.0,Debit Card,Female,3.0,6,Grocery,2,Divorced,1,0,18.0,1.0,1.0,9.0,200.25,949.95,1.0
52116,0,16.0,Computer,1,20.0,Credit Card,Female,3.0,3,Laptop & Accessory,1,Divorced,6,0,11.0,5.0,7.0,,139.08,931.5,0.714
52117,1,5.0,Phone,3,15.0,Debit Card,Male,1.0,2,Mobile Phone,3,Single,5,0,,0.0,1.0,0.0,161.63,795.19,0.0
52118,0,10.0,Computer,3,16.0,Credit Card,Male,2.0,4,Mobile Phone,5,Divorced,5,0,11.0,,2.0,0.0,181.53,867.81,1.0
52119,0,7.0,Mobile Phone,3,15.0,E wallet,Male,3.0,2,Fashion,3,Married,3,0,18.0,2.0,2.0,4.0,247.64,1175.03,1.0
52120,0,9.0,Mobile Phone,1,6.0,COD,Male,4.0,3,Mobile Phone,2,Married,4,0,,1.0,1.0,9.0,205.74,962.81,1.0
52121,0,7.0,Computer,1,18.0,Credit Card,Male,4.0,4,Laptop & Accessory,3,Married,4,1,13.0,0.0,,2.0,193.88,885.74,0.0
52122,0,,Mobile Phone,1,13.0,Debit Card,Female,3.0,3,Laptop & Accessory,5,Married,5,0,17.0,2.0,6.0,10.0,152.96,987.25,0.333
52123,0,6.0,Mobile Phone,1,12.0,Debit Card,Male,2.0,4,Laptop & Accessory,3,Married,4,0,22.0,1.0,6.0,2.0,218.84,1277.59,0.167
52124,0,20.0,Mobile Phone,1,29.0,E wallet,Male,2.0,3,Grocery,2,Single,2,0,22.0,2.0,3.0,2.0,120.47,768.79,0.667
52125,0,20.0,Mobile Phone,1,5.0,Debit Card,Female,4.0,4,Mobile Phone,4,Married,3,0,18.0,0.0,1.0,2.0,212.71,997.3,0.0
52126,0,13.0,Phone,1,8.0,Credit Card,Male,2.0,3,Others,2,Married,6,1,18.0,,3.0,3.0,268.97,1301.09,0.333
52127,0,18.0,Phone,3,7.0,COD,Female,3.0,3,Mobile Phone,1,Married,1,0,20.0,2.0,8.0,3.0,141.17,1056.45,0.25
52128,1,3.0,Phone,1,5.0,E wallet,Female,3.0,3,Mobile Phone,2,Married,4,0,19.0,2.0,5.0,3.0,133.02,882.48,0.4
52129,1,20.0,Mobile Phone,1,9.0,E wallet,Female,3.0,3,Fashion,2,Single,5,1,12.0,,1.0,2.0,154.51,728.14,1.0
52130,0,12.0,Mobile Phone,1,59.0,UPI,Male,3.0,3,Fashion,4,Divorced,2,0,,2.0,4.0,2.0,175.71,983.7,0.5
52131,0,6.0,Mobile Phone,1,9.0,Credit Card,Female,,3,Laptop & Accessory,3,Divorced,5,0,14.0,0.0,4.0,4.0,260.66,1282.51,0.0
52132,0,6.0,Mobile Phone,1,18.0,E wallet,Female,4.0,5,Laptop & Accessory,4,Single,6,0,23.0,5.0,6.0,,140.92,989.5,0.833
52133,0,25.0,Computer,1,7.0,Debit Card,Female,4.0,3,Laptop & Accessory,3,Married,4,0,18.0,0.0,1.0,4.0,151.36,764.17,0.0
52134,1,16.0,Phone,1,16.0,COD,Female,,3,Fashion,3,Married,5,1,15.0,4.0,4.0,0.0,42.1,459.98,1.0
52135,1,9.0,Mobile Phone,1,55.0,Debit Card,Male,2.0,3,Fashion,3,Married,3,1,15.0,0.0,2.0,4.0,155.7,801.66,0.0
52136,0,3.0,Computer,1,9.0,Credit Card,Male,5.0,6,Laptop & Accessory,3,Married,8,0,11.0,2.0,2.0,2.0,108.11,588.82,1.0
52137,1,21.0,Mobile Phone,1,28.0,Debit Card,Female,,4,Laptop & Accessory,1,Single,8,0,16.0,1.0,1.0,3.0,197.39,923.08,1.0
52138,0,4.0,Phone,1,77.0,Debit Card,Female,3.0,4,Mobile Phone,4,Married,5,0,13.0,2.0,4.0,7.0,177.25,957.55,0.5
52139,0,8.0,Mobile Phone,1,16.0,Credit Card,Female,2.0,3,Mobile Phone,5,Married,7,0,16.0,1.0,2.0,5.0,250.67,1170.55,0.5
52140,0,9.0,Phone,1,9.0,Debit Card,Male,3.0,3,Mobile Phone,3,Married,3,0,26.0,1.0,2.0,12.0,244.43,1226.83,0.5
52141,1,6.0,Mobile Phone,3,18.0,Credit Card,Male,2.0,2,Others,3,Married,2,1,15.0,5.0,8.0,1.0,191.59,1208.04,0.625
52142,1,9.0,Mobile Phone,1,27.0,Credit Card,Male,4.0,4,Fashion,1,Divorced,3,0,11.0,1.0,2.0,2.0,195.62,921.36,0.5
52143,0,10.0,Mobile Phone,1,7.0,Credit Card,Female,4.0,3,Laptop & Accessory,5,Married,7,1,14.0,1.0,4.0,1.0,173.25,950.35,0.25
52144,0,8.0,Mobile Phone,3,12.0,Debit Card,Female,3.0,4,Laptop & Accessory,5,Single,3,1,15.0,0.0,1.0,1.0,147.68,726.18,0.0
52145,1,12.0,Mobile Phone,3,10.0,Credit Card,Male,2.0,3,Laptop & Accessory,5,Single,7,1,14.0,1.0,4.0,5.0,151.61,868.12,0.25
52146,0,,Mobile Phone,3,9.0,E wallet,Female,3.0,3,Laptop & Accessory,1,Married,3,0,16.0,1.0,,5.0,177.94,939.17,0.333
52147,0,3.0,Mobile Phone,2,29.0,Debit Card,Male,3.0,3,Fashion,5,Married,7,0,15.0,2.0,2.0,3.0,226.92,1072.3,1.0
52148,1,11.0,Phone,1,12.0,Credit Card,Male,5.0,2,Laptop & Accessory,1,Married,5,0,17.0,0.0,1.0,1.0,170.18,827.68,0.0
52149,0,4.0,Mobile Phone,1,10.0,Credit Card,Male,2.0,2,Mobile Phone,3,Married,7,0,17.0,1.0,1.0,4.0,189.78,902.16,1.0
52150,0,3.0,Phone,2,16.0,UPI,Female,2.0,3,Mobile Phone,3,Married,4,1,22.0,1.0,3.0,3.0,201.27,1075.83,0.333
52151,1,17.0,Mobile Phone,3,8.0,Credit Card,Female,3.0,3,Laptop & Accessory,5,Single,4,0,18.0,3.0,5.0,4.0,182.66,1063.11,0.6
52152,0,11.0,Computer,1,8.0,Debit Card,Male,3.0,4,Laptop & Accessory,4,Married,7,0,20.0,1.0,2.0,3.0,96.15,615.37,0.5
52153,0,3.0,Computer,3,14.0,UPI,Male,3.0,3,Fashion,5,Married,6,0,13.0,1.0,2.0,0.0,268.31,1213.58,0.5
52154,0,9.0,Mobile Phone,1,11.0,E wallet,Female,2.0,3,Fashion,5,Married,3,1,,1.0,2.0,2.0,172.34,888.89,0.5
52155,0,5.0,Phone,1,9.0,E wallet,Male,2.0,3,Laptop & Accessory,3,Divorced,5,0,18.0,1.0,1.0,2.0,200.52,950.98,1.0
52156,0,9.0,Mobile Phone,3,6.0,Credit Card,Female,3.0,3,Mobile Phone,4,Single,4,0,11.0,0.0,1.0,1.0,181.15,821.37,0.0
52157,0,15.0,Computer,3,,E wallet,Female,2.0,2,Mobile Phone,1,Married,7,0,14.0,2.0,5.0,5.0,62.19,573.32,0.4
52158,0,14.0,Mobile Phone,3,25.0,Credit Card,Male,4.0,3,Fashion,3,Single,3,0,16.0,1.0,5.0,5.0,181.2,1041.56,0.2
52159,1,7.0,Mobile Phone,3,28.0,E wallet,Male,2.0,3,Mobile Phone,1,Single,5,1,16.0,1.0,4.0,16.0,90.94,653.57,0.25
52160,0,18.0,Mobile Phone,1,8.0,UPI,Male,3.0,3,Grocery,5,Single,5,0,17.0,2.0,4.0,,123.69,786.02,0.5
52161,0,22.0,Mobile Phone,1,16.0,UPI,Male,3.0,4,Laptop & Accessory,5,Divorced,2,0,15.0,0.0,1.0,,207.61,953.92,0.0
52162,1,15.0,Mobile Phone,3,28.0,Credit Card,Female,1.0,3,Mobile Phone,1,Single,5,1,17.0,0.0,1.0,3.0,193.33,915.65,0.0
52163,0,7.0,Phone,1,11.0,E wallet,Male,4.0,3,Fashion,3,Single,2,0,15.0,1.0,1.0,5.0,155.3,755.14,1.0
52164,0,9.0,Mobile Phone,1,37.0,Debit Card,Female,3.0,3,Fashion,3,Married,4,0,16.0,1.0,3.0,,121.98,726.52,0.333
52165,0,25.0,Mobile Phone,1,33.0,Debit Card,Male,2.0,1,Laptop & Accessory,3,Married,4,0,,1.0,2.0,5.0,170.46,889.75,0.5
52166,1,8.0,Mobile Phone,1,8.0,Credit Card,Female,4.0,3,Mobile Phone,3,Married,10,0,14.0,0.0,1.0,8.0,164.42,781.8,0.0
52167,0,14.0,Mobile Phone,1,9.0,Credit Card,Male,3.0,3,Laptop & Accessory,2,Single,4,0,19.0,4.0,7.0,4.0,188.29,1182.5,0.571
52168,0,6.0,Mobile Phone,2,7.0,Debit Card,Female,3.0,3,Fashion,2,Married,3,0,17.0,,1.0,,209.5,977.1,0.0
52169,0,18.0,Computer,1,8.0,Credit Card,Female,,4,Fashion,4,Single,6,0,21.0,0.0,1.0,2.0,182.78,907.56,0.0
52170,1,5.0,Mobile Phone,1,34.0,Debit Card,Male,4.0,3,Laptop & Accessory,1,Divorced,6,1,,1.0,2.0,,218.62,1056.76,0.5
52171,0,9.0,Phone,3,37.0,Credit Card,Male,3.0,4,Mobile Phone,4,Divorced,6,0,18.0,1.0,1.0,2.0,210.7,989.66,1.0
52172,1,14.0,Mobile Phone,1,6.0,E wallet,Female,2.0,4,Mobile Phone,3,Single,7,1,11.0,2.0,2.0,8.0,197.52,928.58,1.0
52173,0,28.0,Mobile Phone,3,16.0,E wallet,Male,2.0,4,Laptop & Accessory,5,Married,4,0,12.0,4.0,7.0,1.0,110.65,831.47,0.571
52174,0,11.0,Phone,1,15.0,Debit Card,Male,3.0,5,Grocery,4,Married,7,1,17.0,2.0,3.0,19.0,129.63,763.59,0.667
52175,0,8.0,Mobile Phone,3,11.0,COD,Female,4.0,1,Laptop & Accessory,4,Single,3,0,19.0,2.0,3.0,,203.51,1060.34,0.667
52176,1,8.0,Mobile Phone,1,17.0,Credit Card,Male,2.0,2,Mobile Phone,1,Married,7,1,,5.0,5.0,15.0,134.99,873.96,1.0
52177,0,18.0,Phone,1,40.0,E wallet,Male,1.0,4,Mobile Phone,2,Single,2,1,14.0,1.0,1.0,0.0,156.75,752.65,1.0
52178,0,13.0,Mobile Phone,3,7.0,Credit Card,Female,4.0,3,Fashion,5,Single,7,0,11.0,1.0,1.0,4.0,235.03,1026.11,1.0
52179,0,15.0,Mobile Phone,3,7.0,COD,Female,3.0,6,Laptop & Accessory,3,Divorced,5,0,15.0,2.0,5.0,1.0,205.74,1126.81,0.4
52180,0,24.0,Phone,1,5.0,E wallet,Male,2.0,3,Mobile Phone,3,Married,4,0,17.0,0.0,1.0,5.0,193.65,916.87,0.0
52181,1,10.0,Phone,3,10.0,Credit Card,Male,,2,Laptop & Accessory,5,Married,3,0,17.0,1.0,4.0,10.0,175.83,984.15,0.25
52182,1,13.0,Mobile Phone,1,10.0,Debit Card,Female,3.0,3,Fashion,1,Married,5,0,19.0,0.0,,2.0,228.89,1066.78,0.0
52183,1,8.0,Mobile Phone,3,12.0,Credit Card,Male,4.0,3,Laptop & Accessory,3,Single,2,0,15.0,0.0,2.0,2.0,207.44,998.27,0.0
52184,1,5.0,Mobile Phone,1,13.0,Credit Card,Female,4.0,3,Fashion,2,Married,3,1,16.0,0.0,2.0,0.0,199.3,975.34,0.0
52185,1,6.0,Mobile Phone,1,22.0,Credit Card,Male,3.0,5,Mobile Phone,3,Divorced,2,0,11.0,0.0,1.0,4.0,67.81,390.68,0.0
52186,1,1.0,Phone,1,11.0,Debit Card,Female,4.0,1,Laptop & Accessory,2,Single,7,0,13.0,0.0,3.0,4.0,177.27,912.63,0.0
52187,1,14.0,Computer,1,10.0,Credit Card,Male,2.0,3,Laptop & Accessory,1,Single,7,1,20.0,2.0,5.0,4.0,152.29,963.7,0.4
52188,0,13.0,Computer,1,26.0,Credit Card,Female,4.0,3,Laptop & Accessory,3,Single,9,0,18.0,0.0,1.0,11.0,147.45,749.31,0.0
52189,0,,Mobile Phone,1,28.0,E wallet,Male,2.0,3,Grocery,4,Single,3,0,19.0,0.0,2.0,0.0,196.26,987.79,0.0
52190,0,5.0,Mobile Phone,1,8.0,E wallet,Male,4.0,3,Mobile Phone,5,Single,2,0,14.0,1.0,1.0,3.0,192.65,889.07,1.0
52191,0,6.0,Phone,1,10.0,Debit Card,Male,3.0,2,Grocery,4,Married,2,1,22.0,0.0,1.0,2.0,218.6,1051.68,0.0
52192,1,6.0,Mobile Phone,1,26.0,Debit Card,Male,2.0,1,Laptop & Accessory,3,Single,3,1,17.0,0.0,1.0,,178.53,859.41,0.0
52193,0,,Phone,3,6.0,Debit Card,Male,4.0,6,Laptop & Accessory,4,Married,3,0,13.0,3.0,4.0,2.0,142.26,824.59,0.75
52194,0,11.0,Phone,1,10.0,Debit Card,Female,2.0,4,Grocery,3,Married,4,0,17.0,1.0,4.0,13.0,139.32,845.42,0.25
52195,1,10.0,Computer,3,12.0,Debit Card,Female,5.0,4,Fashion,3,Married,4,0,18.0,2.0,5.0,1.0,289.61,1469.52,0.4
52196,1,,Mobile Phone,3,7.0,E wallet,Male,2.0,2,Fashion,2,Married,6,1,18.0,1.0,1.0,0.0,244.76,1119.09,1.0
52197,0,6.0,Mobile Phone,1,7.0,UPI,Male,1.0,1,Grocery,5,Married,7,0,13.0,0.0,1.0,2.0,181.21,837.6,0.0
52198,1,12.0,Computer,3,12.0,Credit Card,Female,4.0,4,Others,3,Married,6,1,16.0,1.0,1.0,1.0,109.09,587.54,1.0
52199,0,30.0,Phone,1,22.0,Credit Card,Male,3.0,4,Laptop & Accessory,5,Married,4,1,,2.0,4.0,2.0,185.18,1035.68,0.5
52200,1,21.0,Computer,1,27.0,E wallet,Male,3.0,3,Laptop & Accessory,5,Married,3,0,14.0,1.0,1.0,3.0,217.07,981.87,1.0
52201,1,12.0,Mobile Phone,1,51.0,COD,Male,2.0,3,Laptop & Accessory,3,Single,6,1,16.0,1.0,1.0,8.0,209.86,970.47,1.0
52202,0,10.0,Phone,1,6.0,UPI,Male,3.0,3,Fashion,4,Married,2,0,12.0,0.0,2.0,8.0,211.17,988.45,0.0
52203,1,14.0,Phone,3,8.0,Debit Card,Male,3.0,2,Laptop & Accessory,3,Married,6,0,,0.0,1.0,3.0,240.01,1109.04,0.0
52204,1,23.0,Mobile Phone,1,22.0,Debit Card,Female,3.0,4,Mobile Phone,1,Single,5,0,13.0,1.0,1.0,8.0,151.98,726.52,1.0
52205,0,22.0,Mobile Phone,1,14.0,Debit Card,Male,3.0,3,Fashion,3,Married,2,0,22.0,1.0,1.0,1.0,163.18,841.08,1.0
52206,0,25.0,Phone,2,10.0,Credit Card,Female,3.0,3,Mobile Phone,5,Married,6,0,19.0,0.0,1.0,,236.92,1097.3,0.0
52207,1,11.0,Mobile Phone,1,8.0,E wallet,Male,4.0,4,Laptop & Accessory,5,Married,7,0,15.0,1.0,2.0,1.0,111.38,633.24,0.5
52208,0,1.0,Mobile Phone,1,9.0,Debit Card,Male,3.0,1,Mobile Phone,4,Single,5,0,11.0,1.0,4.0,11.0,211.08,1070.1,0.25
52209,1,29.0,Phone,1,12.0,E wallet,Male,3.0,4,Laptop & Accessory,3,Married,4,1,,0.0,1.0,6.0,223.85,1015.63,0.0
52210,0,5.0,Mobile Phone,3,7.0,Credit Card,Female,3.0,4,Mobile Phone,1,Married,4,0,11.0,1.0,3.0,7.0,177.05,895.79,0.333
52211,1,16.0,Computer,3,45.0,COD,Male,3.0,2,Laptop & Accessory,3,Married,6,1,14.0,3.0,5.0,5.0,186.57,1045.97,0.6
52212,0,,Mobile Phone,1,6.0,Debit Card,Male,2.0,3,Laptop & Accessory,5,Married,4,1,23.0,0.0,,0.0,180.0,913.0,0.0
52213,1,10.0,Mobile Phone,1,56.0,Debit Card,Male,3.0,3,Fashion,4,Divorced,6,1,,1.0,1.0,1.0,206.98,951.52,1.0
52214,0,8.0,Computer,1,27.0,Debit Card,Male,4.0,2,Others,4,Divorced,5,0,13.0,1.0,3.0,,60.48,468.82,0.333
52215,1,25.0,Computer,1,12.0,Debit Card,Male,4.0,4,Others,4,Divorced,7,0,14.0,3.0,3.0,3.0,246.43,1183.43,1.0
52216,0,12.0,Mobile Phone,3,21.0,E wallet,Male,3.0,4,Laptop & Accessory,4,Single,5,0,17.0,1.0,2.0,6.0,115.86,666.27,0.5
52217,0,10.0,Phone,1,18.0,Debit Card,Male,3.0,4,Fashion,4,Married,4,1,16.0,1.0,2.0,1.0,124.0,689.2,0.5
52218,1,13.0,Mobile Phone,1,,E wallet,Female,3.0,4,Mobile Phone,3,Single,6,1,23.0,,4.0,0.0,131.62,864.16,0.5
52219,1,1.0,Mobile Phone,3,10.0,Debit Card,Male,3.0,3,Fashion,3,Married,3,1,17.0,0.0,2.0,8.0,182.16,918.21,0.0
52220,0,6.0,Mobile Phone,3,14.0,Debit Card,Female,4.0,4,Fashion,5,Married,3,1,16.0,0.0,1.0,1.0,172.45,828.31,0.0
52221,1,7.0,Mobile Phone,1,17.0,E wallet,Male,3.0,4,Others,3,Married,7,1,15.0,3.0,6.0,1.0,146.17,945.45,0.5
52222,0,15.0,Computer,1,14.0,COD,Male,1.0,2,Laptop & Accessory,5,Married,4,1,15.0,1.0,1.0,2.0,169.54,809.25,1.0
52223,0,5.0,Phone,1,13.0,Credit Card,Female,3.0,5,Fashion,5,Married,2,1,22.0,0.0,3.0,4.0,180.99,998.76,0.0
52224,0,11.0,Computer,1,12.0,COD,Female,3.0,3,Fashion,4,Married,3,1,18.0,1.0,2.0,4.0,157.38,832.04,0.5
52225,1,9.0,Phone,1,13.0,Credit Card,Female,2.0,4,Laptop & Accessory,1,Married,5,0,11.0,0.0,2.0,12.0,143.92,724.9,0.0
52226,1,6.0,Mobile Phone,1,12.0,Credit Card,Female,2.0,4,Mobile Phone,2,Divorced,2,0,18.0,0.0,1.0,6.0,225.83,1047.15,0.0
52227,0,7.0,Phone,3,14.0,E wallet,Female,3.0,3,Laptop & Accessory,3,Married,2,0,19.0,3.0,4.0,3.0,98.54,706.45,0.75
52228,0,9.0,Computer,3,31.0,Debit Card,Male,3.0,2,Grocery,5,Married,5,0,23.0,0.0,1.0,1.0,159.69,835.82,0.0
52229,0,2.0,Phone,1,17.0,Debit Card,Male,4.0,3,Grocery,5,Single,3,1,16.0,,7.0,1.0,202.77,1213.53,0.286
52230,1,16.0,Phone,1,20.0,Credit Card,Male,2.0,3,Mobile Phone,1,Single,3,0,,1.0,2.0,1.0,203.85,984.63,0.5
52231,0,5.0,Computer,2,16.0,Credit Card,Female,1.0,3,Mobile Phone,3,Married,3,0,20.0,1.0,4.0,19.0,211.44,1143.47,0.25
52232,0,8.0,Mobile Phone,3,17.0,Debit Card,Female,2.0,3,Laptop & Accessory,5,Married,3,0,15.0,3.0,4.0,8.0,200.25,1060.95,0.75
52233,1,25.0,Phone,3,15.0,Debit Card,Female,3.0,3,Fashion,2,Single,2,1,18.0,4.0,9.0,0.0,167.9,1187.02,0.444
52234,0,16.0,Computer,1,5.0,E wallet,Male,3.0,3,Laptop & Accessory,5,Married,3,0,23.0,2.0,2.0,2.0,118.97,726.09,1.0
52235,0,4.0,Computer,1,99.0,Credit Card,Female,,1,Mobile Phone,3,Married,5,0,17.0,0.0,1.0,2.0,181.45,870.51,0.0
52236,0,0.0,Mobile Phone,3,5.0,Credit Card,Male,3.0,3,Fashion,5,Married,5,0,18.0,1.0,1.0,2.0,180.46,874.75,1.0
52237,0,14.0,Mobile Phone,2,11.0,UPI,Female,5.0,4,Mobile Phone,3,Married,2,0,,0.0,2.0,0.0,197.71,961.3,0.0
52238,1,8.0,Phone,1,6.0,Credit Card,Male,2.0,4,Mobile Phone,3,Single,4,1,11.0,2.0,2.0,3.0,146.47,734.59,1.0
52239,1,11.0,Mobile Phone,1,6.0,E wallet,Female,2.0,1,Laptop & Accessory,3,Single,6,1,19.0,1.0,,9.0,167.37,833.01,1.0
52240,0,16.0,Phone,3,24.0,UPI,Male,2.0,3,Laptop & Accessory,5,Single,1,0,18.0,5.0,7.0,1.0,156.88,1055.14,0.714
52241,1,17.0,Mobile Phone,1,12.0,E wallet,Male,3.0,6,Mobile Phone,3,Married,4,0,19.0,2.0,2.0,0.0,128.1,728.78,1.0
52242,0,7.0,Mobile Phone,3,24.0,Credit Card,Female,2.0,3,Laptop & Accessory,4,Married,3,1,12.0,3.0,6.0,5.0,206.18,1149.48,0.5
52243,0,9.0,Mobile Phone,1,9.0,Credit Card,Female,3.0,4,Laptop & Accessory,3,Single,6,0,12.0,1.0,1.0,7.0,189.89,862.58,1.0
52244,0,13.0,Mobile Phone,3,9.0,Credit Card,Male,2.0,3,Laptop & Accessory,5,Single,4,0,17.0,0.0,1.0,1.0,237.46,1083.35,0.0
52245,1,13.0,Mobile Phone,1,8.0,Credit Card,Female,2.0,2,Mobile Phone,2,Married,8,1,16.0,0.0,2.0,11.0,285.59,1303.24,0.0
52246,1,11.0,Mobile Phone,1,16.0,Debit Card,Female,3.0,4,Laptop & Accessory,3,Married,7,1,11.0,0.0,1.0,5.0,163.64,754.83,0.0
52247,1,23.0,Mobile Phone,2,25.0,Credit Card,Male,3.0,5,Mobile Phone,2,Married,6,1,12.0,1.0,3.0,3.0,211.42,1034.4,0.333
52248,0,13.0,Mobile Phone,3,12.0,Debit Card,Male,,4,Mobile Phone,4,Single,5,0,,0.0,1.0,7.0,192.15,895.17,0.0
52249,0,16.0,Mobile Phone,3,11.0,Debit Card,Male,4.0,4,Laptop & Accessory,3,Divorced,6,0,14.0,1.0,1.0,2.0,164.15,780.77,1.0
52250,1,12.0,Mobile Phone,1,49.0,Credit Card,Male,2.0,3,Laptop & Accessory,1,Married,9,0,11.0,,10.0,1.0,175.37,1204.41,0.3
52251,0,5.0,Phone,2,6.0,UPI,Female,4.0,3,Fashion,5,Married,6,0,,5.0,,1.0,155.5,1001.9,0.714
52252,1,6.0,Phone,1,13.0,Debit Card,Male,3.0,3,Mobile Phone,3,Married,3,1,,0.0,1.0,1.0,164.68,790.78,0.0
52253,0,4.0,Mobile Phone,1,11.0,Debit Card,Female,3.0,3,Laptop & Accessory,3,Single,6,0,16.0,0.0,1.0,9.0,165.47,801.79,0.0
52254,0,19.0,Mobile Phone,3,,Credit Card,Female,2.0,5,Mobile Phone,3,Married,5,0,11.0,1.0,2.0,2.0,188.15,892.97,0.5
52255,0,,Phone,1,9.0,Credit Card,Female,3.0,3,Laptop & Accessory,3,Married,5,0,19.0,0.0,1.0,9.0,129.77,690.13,0.0
52256,0,9.0,Mobile Phone,1,5.0,Debit Card,Female,2.0,3,Laptop & Accessory,1,Married,5,0,17.0,3.0,4.0,10.0,158.13,916.89,0.75
52257,0,8.0,Computer,1,30.0,Debit Card,Female,2.0,3,Mobile Phone,5,Divorced,4,0,16.0,2.0,2.0,1.0,108.16,629.01,1.0
52258,1,7.0,Phone,1,16.0,Credit Card,Male,,3,Laptop & Accessory,3,Married,2,1,20.0,0.0,2.0,0.0,180.73,936.77,0.0
52259,1,8.0,Mobile Phone,3,25.0,E wallet,Female,3.0,1,Mobile Phone,4,Divorced,4,1,18.0,5.0,8.0,,174.33,1166.45,0.625
52260,1,26.0,Mobile Phone,1,14.0,Debit Card,Female,3.0,3,Laptop & Accessory,1,Married,3,0,11.0,1.0,1.0,,255.27,1103.03,1.0
52261,1,2.0,Mobile Phone,1,16.0,Debit Card,Male,,3,Laptop & Accessory,3,Single,6,0,11.0,2.0,5.0,2.0,208.39,1104.88,0.4
52262,0,21.0,Mobile Phone,3,19.0,Credit Card,Female,3.0,4,Mobile Phone,5,Single,5,0,19.0,3.0,4.0,1.0,176.72,1003.54,0.75
52263,1,8.0,Mobile Phone,1,34.0,Debit Card,Male,4.0,3,Mobile Phone,3,Married,5,1,12.0,0.0,1.0,13.0,127.02,623.68,0.0
52264,1,17.0,Mobile Phone,1,6.0,Debit Card,Male,3.0,3,Grocery,2,Married,6,1,17.0,1.0,1.0,,102.09,568.94,1.0
52265,1,10.0,Phone,1,10.0,Credit Card,Female,2.0,4,Laptop & Accessory,1,Single,3,0,17.0,1.0,3.0,7.0,92.09,620.94,0.333
52266,0,4.0,Mobile Phone,1,20.0,COD,Female,3.0,4,Others,5,Divorced,4,0,15.0,,1.0,9.0,226.17,1024.45,0.0
52267,0,23.0,Mobile Phone,1,43.0,Debit Card,Female,3.0,3,Grocery,2,Divorced,3,1,11.0,1.0,2.0,12.0,185.79,884.0,0.5
52268,1,20.0,Phone,2,52.0,Credit Card,Male,3.0,2,Mobile Phone,5,Married,4,0,16.0,0.0,1.0,3.0,239.03,1081.31,0.0
52269,1,4.0,Mobile Phone,1,17.0,Credit Card,Female,3.0,4,Mobile Phone,2,Married,6,0,11.0,3.0,5.0,4.0,251.5,1268.7,0.6
52270,1,14.0,Mobile Phone,1,8.0,UPI,Female,3.0,3,Grocery,3,Single,5,0,18.0,1.0,3.0,3.0,176.76,950.69,0.333
52271,0,6.0,Mobile Phone,1,7.0,Debit Card,Male,2.0,2,Laptop & Accessory,3,Single,3,0,21.0,0.0,3.0,3.0,218.14,1131.93,0.0
52272,0,3.0,Phone,1,40.0,Credit Card,Male,3.0,3,Laptop & Accessory,1,Married,4,0,14.0,0.0,1.0,1.0,235.17,1050.65,0.0
52273,0,,Computer,3,12.0,E wallet,Female,2.0,4,Laptop & Accessory,3,Married,3,0,16.0,,1.0,4.0,154.12,758.66,0.0
52274,0,22.0,Mobile Phone,1,8.0,COD,Male,1.0,4,Mobile Phone,4,Single,7,0,20.0,1.0,2.0,1.0,203.73,1024.17,0.5
52275,0,17.0,Mobile Phone,3,38.0,Credit Card,Male,3.0,5,Laptop & Accessory,4,Married,5,0,14.0,4.0,7.0,4.0,279.46,1488.95,0.571
52276,1,8.0,Mobile Phone,1,6.0,Debit Card,Male,3.0,3,Grocery,3,Married,3,1,,1.0,3.0,8.0,75.47,525.79,0.333
52277,0,22.0,Mobile Phone,1,21.0,Credit Card,Female,1.0,2,Mobile Phone,5,Married,4,0,18.0,1.0,1.0,0.0,120.34,646.29,1.0
52278,1,19.0,Mobile Phone,1,17.0,Debit Card,Male,3.0,4,Grocery,4,Married,4,1,11.0,4.0,8.0,9.0,176.58,1119.0,0.5
52279,1,5.0,Computer,3,6.0,Credit Card,Male,3.0,3,Laptop & Accessory,2,Single,7,0,11.0,,5.0,3.0,171.54,964.85,0.4
52280,1,25.0,Computer,1,10.0,E wallet,Male,2.0,3,Mobile Phone,3,Married,5,1,11.0,3.0,5.0,4.0,27.16,416.21,0.6
52281,1,7.0,Mobile Phone,1,,E wallet,Male,3.0,2,Mobile Phone,2,Married,6,1,15.0,2.0,2.0,1.0,159.08,814.5,1.0
52282,1,8.0,Mobile Phone,3,,Credit Card,Male,2.0,3,Mobile Phone,2,Single,4,0,16.0,1.0,6.0,30.0,127.76,883.49,0.167
52283,0,,Phone,3,13.0,E wallet,Male,3.0,4,Grocery,4,Divorced,4,0,13.0,1.0,1.0,4.0,236.51,1047.74,1.0
52284,0,6.0,Mobile Phone,1,5.0,UPI,Male,2.0,3,Mobile Phone,3,Single,1,0,11.0,1.0,4.0,,228.46,1136.15,0.25
52285,0,,Mobile Phone,3,50.0,UPI,Male,3.0,2,Laptop & Accessory,4,Married,7,0,,1.0,3.0,7.0,195.51,1013.94,0.333
52286,1,12.0,Mobile Phone,2,10.0,E wallet,Female,4.0,3,Others,4,Married,5,1,12.0,5.0,8.0,9.0,247.34,1395.89,0.625
52287,1,4.0,Mobile Phone,1,9.0,Credit Card,Male,4.0,4,Mobile Phone,3,Single,5,1,18.0,1.0,1.0,1.0,236.32,1087.02,1.0
52288,0,6.0,Mobile Phone,1,8.0,Credit Card,Female,3.0,4,Laptop & Accessory,3,Married,5,0,20.0,0.0,1.0,,276.62,1256.16,0.0
52289,0,25.0,Phone,1,7.0,Debit Card,Female,2.0,4,Laptop & Accessory,4,Married,5,1,20.0,1.0,3.0,2.0,207.04,1081.75,0.333
52290,1,19.0,Phone,1,90.0,Debit Card,Male,1.0,2,Mobile Phone,1,Married,3,1,17.0,7.0,10.0,8.0,186.33,1294.05,0.7
52291,1,21.0,Mobile Phone,3,9.0,Credit Card,Male,3.0,4,Mobile Phone,5,Divorced,2,1,16.0,0.0,1.0,17.0,215.55,992.09,0.0
52292,1,9.0,Mobile Phone,1,11.0,Debit Card,Female,3.0,2,Mobile Phone,3,Divorced,2,1,14.0,0.0,1.0,1.0,128.06,643.63,0.0
52293,0,12.0,Computer,1,30.0,Credit Card,Female,4.0,2,Mobile Phone,4,Divorced,3,0,17.0,,2.0,6.0,206.37,1010.21,0.0
52294,0,14.0,Mobile Phone,3,17.0,Credit Card,Male,3.0,2,Laptop & Accessory,5,Married,3,0,18.0,1.0,3.0,6.0,146.22,834.64,0.333
52295,0,25.0,Computer,1,11.0,Credit Card,Male,3.0,2,Laptop & Accessory,3,Married,3,0,20.0,3.0,3.0,2.0,209.54,1091.25,1.0
52296,1,3.0,Mobile Phone,3,,Debit Card,Male,3.0,4,Fashion,2,Single,5,0,21.0,2.0,7.0,1.0,154.41,1069.76,0.286
52297,0,7.0,Mobile Phone,3,22.0,Debit Card,Female,3.0,4,Mobile Phone,2,Single,4,0,14.0,1.0,4.0,2.0,67.69,549.22,0.25
52298,1,,Mobile Phone,3,8.0,Debit Card,Female,2.0,4,Laptop & Accessory,1,Single,4,0,20.0,1.0,2.0,1.0,237.17,1151.25,0.5
52299,0,10.0,Computer,3,17.0,Debit Card,Male,4.0,5,Laptop & Accessory,4,Married,5,0,14.0,0.0,2.0,10.0,138.54,728.45,0.0
52300,0,6.0,Mobile Phone,1,36.0,COD,Male,3.0,3,Grocery,3,Married,4,0,18.0,5.0,5.0,8.0,121.51,830.74,1.0
52301,1,14.0,Mobile Phone,1,13.0,Debit Card,Male,4.0,1,Fashion,2,Single,7,1,15.0,1.0,2.0,,212.9,1019.02,0.5
52302,0,7.0,Mobile Phone,1,21.0,Debit Card,Female,3.0,4,Mobile Phone,4,Divorced,3,1,12.0,2.0,5.0,6.0,199.7,1079.86,0.4
52303,0,10.0,Computer,1,48.0,Debit Card,Male,3.0,4,Laptop & Accessory,3,Married,5,0,22.0,1.0,3.0,2.0,236.95,1211.41,0.333
52304,1,13.0,Computer,1,19.0,Credit Card,Female,2.0,5,Mobile Phone,4,Single,1,0,20.0,2.0,3.0,11.0,185.71,1000.7,0.667
52305,1,7.0,Computer,1,6.0,Credit Card,Male,3.0,3,Laptop & Accessory,3,Single,4,1,11.0,0.0,1.0,7.0,179.9,816.62,0.0
52306,1,,Computer,3,8.0,Debit Card,Female,3.0,4,Mobile Phone,3,Single,4,0,17.0,,11.0,11.0,159.39,1236.68,0.545
52307,0,18.0,Mobile Phone,3,16.0,UPI,Male,3.0,4,Fashion,3,Single,7,0,14.0,1.0,4.0,3.0,172.78,948.56,0.25
52308,0,6.0,Mobile Phone,1,9.0,E wallet,Female,2.0,2,Mobile Phone,3,Divorced,2,0,17.0,0.0,3.0,2.0,180.44,956.67,0.0
52309,1,7.0,Mobile Phone,1,43.0,Debit Card,Male,3.0,4,Laptop & Accessory,5,Married,10,1,18.0,1.0,2.0,5.0,138.96,762.05,0.5
52310,0,5.0,Mobile Phone,1,11.0,Credit Card,Female,2.0,2,Mobile Phone,1,Single,1,0,19.0,1.0,3.0,5.0,163.85,909.63,0.333
52311,1,10.0,Computer,3,12.0,Credit Card,Male,2.0,3,Fashion,1,Single,5,0,12.0,0.0,1.0,6.0,176.64,812.23,0.0
52312,0,12.0,Computer,2,20.0,Debit Card,Female,2.0,4,Mobile Phone,3,Married,2,0,,2.0,2.0,2.0,149.36,745.57,1.0
52313,1,8.0,Mobile Phone,1,14.0,E wallet,Male,1.0,4,Mobile Phone,2,Divorced,5,1,19.0,0.0,1.0,3.0,205.54,978.05,0.0
52314,0,12.0,Phone,1,11.0,Debit Card,Male,3.0,3,Laptop & Accessory,4,Single,6,1,11.0,0.0,1.0,1.0,188.13,847.89,0.0
52315,0,7.0,Computer,1,6.0,Credit Card,Male,2.0,4,Mobile Phone,3,Married,6,0,14.0,1.0,1.0,4.0,123.46,626.15,1.0
52316,0,7.0,Mobile Phone,3,16.0,Credit Card,Male,2.0,2,Mobile Phone,2,Divorced,3,0,15.0,1.0,3.0,3.0,134.2,764.96,0.333
52317,0,12.0,Mobile Phone,1,29.0,Credit Card,Male,2.0,2,Laptop & Accessory,3,Married,8,0,15.0,5.0,7.0,1.0,202.89,1205.98,0.714
52318,0,7.0,Mobile Phone,1,19.0,UPI,Male,3.0,3,Mobile Phone,2,Divorced,6,0,18.0,4.0,11.0,3.0,184.12,1338.66,0.364
52319,0,9.0,Mobile Phone,3,11.0,Debit Card,Male,3.0,4,Mobile Phone,3,Single,4,0,11.0,3.0,4.0,2.0,168.81,909.48,0.75
52320,0,13.0,Phone,3,7.0,Debit Card,Male,3.0,4,Mobile Phone,3,Married,6,0,12.0,0.0,1.0,,170.25,787.95,0.0
52321,0,12.0,Mobile Phone,3,25.0,Credit Card,Male,3.0,3,Laptop & Accessory,5,Single,6,0,13.0,1.0,1.0,7.0,247.76,1090.49,1.0
52322,0,7.0,Mobile Phone,1,39.0,Debit Card,Male,3.0,5,Laptop & Accessory,3,Married,4,0,14.0,0.0,1.0,2.0,160.69,767.62,0.0
52323,0,19.0,Computer,2,11.0,Debit Card,Male,4.0,4,Others,3,Single,3,0,11.0,3.0,5.0,8.0,250.07,1263.27,0.6
52324,0,3.0,Mobile Phone,1,21.0,Credit Card,Male,,3,Mobile Phone,4,Married,3,0,18.0,2.0,4.0,1.0,116.02,764.88,0.5
52325,1,0.0,Mobile Phone,1,11.0,Debit Card,Female,4.0,4,Laptop & Accessory,1,Single,5,0,11.0,0.0,1.0,5.0,186.58,842.0,0.0
52326,0,14.0,Computer,1,13.0,Debit Card,Male,2.0,4,Grocery,3,Married,3,0,11.0,2.0,2.0,3.0,247.42,1118.2,1.0
52327,1,11.0,Mobile Phone,1,27.0,Debit Card,Female,3.0,2,Laptop & Accessory,3,Married,4,1,,3.0,3.0,2.0,146.92,845.3,1.0
52328,0,4.0,Mobile Phone,1,6.0,Debit Card,Male,3.0,2,Mobile Phone,4,Divorced,2,0,14.0,1.0,1.0,1.0,144.16,704.81,1.0
52329,1,11.0,Computer,3,14.0,Credit Card,Female,2.0,3,Laptop & Accessory,2,Married,3,1,20.0,3.0,3.0,1.0,129.89,788.58,1.0
52330,0,6.0,Mobile Phone,1,8.0,Debit Card,Male,3.0,4,Others,3,Married,3,0,11.0,4.0,7.0,3.0,150.55,975.09,0.571
52331,0,13.0,Phone,3,10.0,COD,Female,3.0,5,Mobile Phone,3,Married,1,0,13.0,0.0,1.0,8.0,217.66,976.11,0.0
52332,1,0.0,Mobile Phone,1,17.0,Debit Card,Male,3.0,3,Mobile Phone,3,Single,7,1,19.0,1.0,1.0,4.0,149.28,764.26,1.0
52333,0,8.0,Mobile Phone,1,5.0,Credit Card,Male,3.0,5,Mobile Phone,4,Married,7,1,13.0,0.0,1.0,4.0,257.93,1129.13,0.0
52334,0,7.0,Mobile Phone,1,16.0,E wallet,Male,2.0,3,Laptop & Accessory,4,Married,3,0,18.0,2.0,2.0,6.0,217.55,1060.69,1.0
52335,1,16.0,Mobile Phone,3,9.0,Debit Card,Male,4.0,3,Mobile Phone,3,Married,2,0,13.0,1.0,2.0,2.0,222.21,1038.4,0.5
52336,0,2.0,Phone,1,18.0,E wallet,Male,4.0,4,Mobile Phone,1,Divorced,6,0,17.0,4.0,8.0,2.0,196.95,1244.41,0.5
52337,0,10.0,Phone,3,7.0,E wallet,Male,3.0,3,Others,1,Married,8,0,,2.0,4.0,8.0,132.73,796.37,0.5
52338,0,14.0,Computer,1,21.0,Debit Card,Female,,3,Fashion,5,Single,3,0,23.0,,3.0,0.0,188.95,1037.01,0.667
52339,0,28.0,Phone,3,17.0,COD,Male,2.0,1,Fashion,4,Single,5,0,16.0,1.0,3.0,3.0,233.37,1149.81,0.333
52340,0,7.0,Mobile Phone,1,48.0,Debit Card,Male,3.0,1,Laptop & Accessory,4,Single,2,0,13.0,2.0,3.0,3.0,218.24,1068.31,0.667
52341,0,12.0,Computer,3,34.0,Debit Card,Female,3.0,4,Laptop & Accessory,5,Married,4,0,12.0,1.0,1.0,4.0,142.08,680.9,1.0
52342,0,2.0,Phone,1,9.0,E wallet,Female,3.0,2,Mobile Phone,4,Single,3,0,18.0,1.0,2.0,6.0,162.22,850.44,0.5
52343,0,10.0,Phone,3,5.0,Debit Card,Male,,4,Mobile Phone,4,Married,6,0,20.0,1.0,,3.0,103.27,687.43,0.333
52344,0,20.0,Computer,2,18.0,Credit Card,Female,4.0,4,Fashion,4,Married,4,0,12.0,1.0,1.0,8.0,155.7,732.66,1.0
52345,0,28.0,Phone,1,16.0,E wallet,Male,4.0,3,Fashion,2,Single,2,0,20.0,1.0,2.0,2.0,155.02,839.08,0.5
52346,1,13.0,Mobile Phone,3,5.0,COD,Male,3.0,4,Grocery,5,Married,2,0,18.0,0.0,5.0,2.0,181.44,1058.47,0.0
52347,0,3.0,Phone,1,7.0,Credit Card,Male,2.0,6,Laptop & Accessory,3,Single,6,0,16.0,2.0,2.0,15.0,181.64,908.23,1.0
52348,0,22.0,Mobile Phone,1,16.0,COD,Male,2.0,3,Fashion,2,Divorced,7,0,15.0,3.0,5.0,2.0,148.22,908.24,0.6
52349,1,3.0,Mobile Phone,3,34.0,Credit Card,Male,3.0,3,Mobile Phone,2,Divorced,1,1,21.0,3.0,4.0,1.0,159.14,952.73,0.75
52350,0,4.0,Phone,1,33.0,Debit Card,Male,4.0,4,Mobile Phone,5,Married,4,0,17.0,,2.0,4.0,131.07,724.07,0.5
52351,1,23.0,Mobile Phone,1,7.0,Credit Card,Male,4.0,1,Mobile Phone,2,Married,9,1,16.0,1.0,2.0,14.0,103.16,610.01,0.5
52352,0,9.0,Mobile Phone,1,11.0,Credit Card,Male,2.0,3,Grocery,1,Married,5,0,13.0,1.0,3.0,7.0,110.65,659.47,0.333
52353,0,6.0,Mobile Phone,3,6.0,Credit Card,Female,3.0,3,Mobile Phone,3,Married,5,0,15.0,2.0,2.0,3.0,77.63,504.99,1.0
52354,0,15.0,Phone,1,13.0,Credit Card,Female,3.0,3,Laptop & Accessory,5,Single,5,1,23.0,4.0,12.0,3.0,264.49,1729.06,0.333
52355,1,11.0,Mobile Phone,1,22.0,Credit Card,Female,2.0,2,Mobile Phone,3,Married,6,0,15.0,0.0,3.0,28.0,140.63,789.39,0.0
52356,0,19.0,Phone,2,24.0,Credit Card,Female,3.0,3,Grocery,5,Married,6,0,21.0,0.0,1.0,6.0,222.59,1058.84,0.0
52357,0,11.0,Mobile Phone,3,13.0,COD,Female,2.0,3,Fashion,5,Divorced,6,0,11.0,2.0,8.0,0.0,185.95,1154.61,0.25
52358,0,11.0,Mobile Phone,3,6.0,Credit Card,Female,3.0,3,Laptop & Accessory,5,Divorced,7,0,14.0,0.0,1.0,4.0,119.88,612.54,0.0
52359,0,18.0,Mobile Phone,3,,Debit Card,Male,4.0,4,Mobile Phone,4,Single,5,0,18.0,3.0,6.0,13.0,69.81,679.28,0.5
52360,0,9.0,Phone,2,37.0,E wallet,Male,4.0,4,Laptop & Accessory,4,Married,5,0,18.0,2.0,2.0,1.0,154.66,821.71,1.0
52361,0,5.0,Mobile Phone,1,8.0,Debit Card,Male,,3,Laptop & Accessory,2,Married,3,0,12.0,1.0,3.0,7.0,213.98,1044.12,0.333
52362,1,16.0,Computer,1,10.0,E wallet,Male,3.0,3,Mobile Phone,1,Divorced,6,1,21.0,0.0,1.0,2.0,165.97,843.69,0.0
52363,1,8.0,Computer,2,21.0,Debit Card,Male,3.0,4,Mobile Phone,3,Married,7,1,26.0,1.0,2.0,1.0,147.7,859.26,0.5
52364,1,12.0,Computer,3,21.0,Debit Card,Male,4.0,3,Laptop & Accessory,1,Married,3,0,23.0,0.0,,,205.67,1010.55,0.0
52365,0,2.0,Computer,2,34.0,Debit Card,Female,3.0,4,Fashion,3,Married,4,0,21.0,0.0,1.0,5.0,254.43,1179.83,0.0
52366,1,9.0,Mobile Phone,1,11.0,Debit Card,Male,3.0,3,Fashion,1,Married,6,0,11.0,1.0,1.0,0.0,159.61,739.52,1.0
52367,1,7.0,Mobile Phone,1,14.0,Credit Card,Male,4.0,3,Mobile Phone,1,Divorced,3,0,18.0,0.0,2.0,8.0,213.79,1046.4,0.0
52368,0,2.0,Phone,1,13.0,Credit Card,Male,4.0,2,Laptop & Accessory,5,Single,3,0,16.0,1.0,2.0,3.0,178.6,896.68,0.5
52369,0,9.0,Phone,2,37.0,UPI,Female,4.0,4,Laptop & Accessory,4,Single,5,0,18.0,,,4.0,141.05,724.99,1.0
52370,0,9.0,Computer,2,23.0,Credit Card,Male,4.0,3,Laptop & Accessory,4,Married,5,0,11.0,3.0,3.0,4.0,198.15,975.97,1.0
52371,0,12.0,Phone,1,26.0,Debit Card,Male,3.0,4,Laptop & Accessory,3,Single,5,0,17.0,0.0,1.0,2.0,228.53,1049.41,0.0
52372,1,20.0,Computer,1,7.0,E wallet,Female,4.0,3,Grocery,3,Married,5,1,14.0,0.0,2.0,1.0,162.5,819.5,0.0
52373,0,18.0,Mobile Phone,3,24.0,Credit Card,Female,3.0,1,Mobile Phone,3,Single,4,0,14.0,0.0,3.0,,189.09,965.54,0.0
52374,1,7.0,Computer,2,12.0,E wallet,Female,1.0,3,Laptop & Accessory,3,Married,3,1,16.0,1.0,,5.0,53.05,374.59,1.0
52375,0,11.0,Phone,1,,Credit Card,Female,3.0,2,Laptop & Accessory,4,Single,5,0,11.0,2.0,5.0,9.0,168.21,952.2,0.4
52376,0,14.0,Phone,1,6.0,Debit Card,Male,3.0,3,Grocery,2,Single,4,1,20.0,2.0,2.0,4.0,161.2,862.56,1.0
52377,1,7.0,Mobile Phone,3,19.0,Credit Card,Female,2.0,3,Mobile Phone,2,Married,7,1,18.0,0.0,2.0,0.0,138.98,762.12,0.0
52378,1,,Phone,3,11.0,Credit Card,Male,4.0,3,Mobile Phone,3,Divorced,4,0,15.0,1.0,2.0,2.0,222.19,1054.32,0.5
52379,0,8.0,Computer,1,29.0,Credit Card,Female,2.0,2,Mobile Phone,3,Married,6,0,11.0,4.0,7.0,0.0,89.83,744.35,0.571
52380,0,20.0,Mobile Phone,1,21.0,UPI,Male,4.0,4,Laptop & Accessory,5,Single,6,0,11.0,,1.0,4.0,128.89,622.78,0.0
52381,0,3.0,Phone,1,5.0,Debit Card,Male,2.0,4,Others,5,Married,2,1,19.0,3.0,3.0,1.0,199.03,1043.31,1.0
52382,0,5.0,Mobile Phone,1,19.0,Credit Card,Male,3.0,3,Laptop & Accessory,3,Divorced,4,0,13.0,2.0,5.0,13.0,238.97,1237.09,0.4
52383,0,5.0,Computer,1,8.0,Debit Card,Male,3.0,3,Mobile Phone,3,Married,8,0,12.0,1.0,2.0,1.0,194.39,924.68,0.5
52384,0,5.0,Mobile Phone,1,12.0,Debit Card,Male,3.0,3,Laptop & Accessory,5,Married,4,0,11.0,0.0,1.0,8.0,164.17,756.85,0.0
52385,0,15.0,Mobile Phone,1,17.0,Credit Card,Male,2.0,3,Mobile Phone,5,Divorced,7,0,16.0,0.0,1.0,4.0,175.53,840.01,0.0
52386,0,6.0,Mobile Phone,2,30.0,Credit Card,Female,5.0,3,Grocery,2,Single,2,0,12.0,2.0,3.0,2.0,168.24,870.31,0.667
52387,0,15.0,Phone,1,12.0,Credit Card,Male,3.0,2,Fashion,3,Married,7,0,13.0,3.0,4.0,7.0,167.61,920.92,0.75
52388,1,10.0,Mobile Phone,1,25.0,Credit Card,Male,3.0,4,Laptop & Accessory,1,Single,3,1,19.0,1.0,1.0,15.0,246.59,1134.04,1.0
52389,0,2.0,Phone,1,23.0,E wallet,Female,2.0,4,Mobile Phone,4,Divorced,3,0,15.0,1.0,4.0,1.0,197.73,1051.37,0.25
52390,0,7.0,Computer,1,11.0,Debit Card,Female,3.0,3,Laptop & Accessory,3,Single,3,0,11.0,1.0,1.0,8.0,166.17,764.45,1.0
52391,0,18.0,Computer,1,13.0,Debit Card,Male,4.0,4,Grocery,3,Divorced,5,0,14.0,1.0,2.0,8.0,201.34,967.09,0.5
52392,0,11.0,Mobile Phone,1,19.0,E wallet,Male,,3,Mobile Phone,4,Married,2,0,17.0,0.0,1.0,,274.93,1225.73,0.0
52393,0,8.0,Computer,3,5.0,UPI,Female,2.0,2,Mobile Phone,5,Single,1,0,17.0,0.0,1.0,1.0,114.21,615.0,0.0
52394,1,20.0,Phone,3,32.0,Credit Card,Male,3.0,4,Laptop & Accessory,3,Married,6,1,22.0,3.0,7.0,,112.75,919.45,0.429
52395,1,4.0,Mobile Phone,3,23.0,UPI,Male,4.0,3,Laptop & Accessory,2,Divorced,3,0,18.0,0.0,4.0,0.0,126.06,803.03,0.0
52396,0,6.0,Mobile Phone,2,8.0,Debit Card,Male,3.0,4,Fashion,5,Single,10,0,16.0,1.0,4.0,1.0,128.57,796.57,0.25
52397,0,17.0,Mobile Phone,2,53.0,Debit Card,Female,3.0,3,Mobile Phone,3,Divorced,3,0,20.0,0.0,2.0,2.0,195.55,993.09,0.0
52398,0,15.0,Computer,1,7.0,E wallet,Male,3.0,4,Laptop & Accessory,5,Married,6,0,18.0,2.0,3.0,1.0,130.01,773.04,0.667
52399,1,4.0,Mobile Phone,3,34.0,UPI,Male,4.0,3,Grocery,2,Single,4,1,11.0,2.0,4.0,3.0,153.93,852.93,0.5
52400,0,13.0,Mobile Phone,1,10.0,Debit Card,Female,1.0,4,Laptop & Accessory,5,Single,2,0,13.0,0.0,1.0,4.0,87.86,482.87,0.0
52401,1,6.0,Phone,1,22.0,Debit Card,Male,2.0,1,Laptop & Accessory,3,Divorced,4,1,15.0,0.0,,2.0,277.43,1219.23,0.0
52402,1,1.0,Phone,1,12.0,Debit Card,Male,2.0,1,Laptop & Accessory,2,Divorced,3,0,11.0,4.0,5.0,5.0,163.19,933.12,0.8
52403,0,8.0,Phone,3,21.0,Debit Card,Male,2.0,4,Laptop & Accessory,3,Divorced,5,0,12.0,,1.0,0.0,232.59,1024.84,1.0
52404,0,29.0,Phone,3,7.0,E wallet,Female,2.0,4,Mobile Phone,5,Married,6,0,19.0,2.0,3.0,1.0,167.46,923.35,0.667
52405,1,18.0,Mobile Phone,3,9.0,Credit Card,Female,2.0,4,Mobile Phone,3,Divorced,1,0,14.0,5.0,6.0,2.0,213.29,1192.5,0.833
52406,1,9.0,Computer,1,6.0,Credit Card,Female,3.0,3,Laptop & Accessory,2,Married,6,1,17.0,4.0,8.0,2.0,179.76,1179.09,0.5
52407,0,3.0,Mobile Phone,1,29.0,Credit Card,Male,,3,Laptop & Accessory,4,Single,3,0,16.0,0.0,1.0,2.0,215.08,990.3,0.0
52408,0,2.0,Phone,3,9.0,UPI,Male,3.0,3,Laptop & Accessory,5,Married,2,0,20.0,3.0,7.0,0.0,230.33,1350.25,0.429
52409,0,10.0,Phone,2,19.0,Debit Card,Male,4.0,3,Laptop & Accessory,2,Divorced,3,0,14.0,0.0,1.0,13.0,93.49,512.26,0.0
52410,1,13.0,Mobile Phone,3,26.0,Credit Card,Male,2.0,4,Laptop & Accessory,1,Married,9,0,20.0,0.0,1.0,6.0,142.01,744.64,0.0
52411,1,15.0,Computer,1,33.0,UPI,Female,,4,Laptop & Accessory,1,Married,5,0,20.0,1.0,2.0,0.0,193.8,986.44,0.5
52412,1,14.0,Mobile Phone,1,6.0,Debit Card,Male,2.0,5,Laptop & Accessory,2,Married,3,1,11.0,2.0,4.0,2.0,240.91,1183.46,0.5
52413,1,15.0,Mobile Phone,3,32.0,E wallet,Female,3.0,3,Fashion,1,Married,5,1,17.0,1.0,1.0,3.0,171.07,831.07,1.0
52414,1,12.0,Computer,1,8.0,Credit Card,Male,3.0,3,Laptop & Accessory,3,Single,6,1,15.0,0.0,1.0,1.0,138.46,691.15,0.0
52415,1,,Phone,3,21.0,Debit Card,Male,4.0,4,Mobile Phone,4,Single,4,1,14.0,,2.0,11.0,177.92,878.1,0.5
52416,0,7.0,Phone,1,21.0,Debit Card,Female,3.0,4,Laptop & Accessory,4,Single,2,0,22.0,0.0,1.0,6.0,187.74,934.41,0.0
52417,0,10.0,Mobile Phone,3,5.0,Credit Card,Male,4.0,4,Mobile Phone,4,Single,5,0,,1.0,2.0,9.0,166.58,851.0,0.5
52418,1,2.0,Computer,1,8.0,Credit Card,Female,3.0,4,Fashion,3,Married,4,1,11.0,2.0,3.0,6.0,242.49,1144.46,0.667
52419,0,7.0,Mobile Phone,2,13.0,Credit Card,Male,2.0,4,Mobile Phone,4,Single,4,1,17.0,0.0,4.0,2.0,128.33,803.65,0.0
52420,0,18.0,Mobile Phone,1,12.0,Debit Card,Female,2.0,2,Laptop & Accessory,4,Married,6,0,16.0,1.0,2.0,3.0,199.3,975.34,0.5
52421,1,15.0,Mobile Phone,1,35.0,Credit Card,Female,3.0,4,Laptop & Accessory,5,Married,7,1,12.0,1.0,2.0,0.0,123.59,655.64,0.5
52422,0,1.0,Mobile Phone,1,10.0,Debit Card,Male,4.0,2,Fashion,3,Married,8,0,19.0,0.0,1.0,2.0,142.66,739.11,0.0
52423,1,30.0,Phone,3,38.0,Credit Card,Male,3.0,4,Mobile Phone,2,Single,4,0,18.0,0.0,2.0,,140.84,769.19,0.0
52424,0,11.0,Mobile Phone,2,12.0,Debit Card,Male,2.0,4,Laptop & Accessory,4,Married,3,0,11.0,0.0,2.0,6.0,151.46,753.55,0.0
52425,1,11.0,Mobile Phone,1,45.0,Credit Card,Female,4.0,1,Grocery,2,Married,5,1,17.0,0.0,2.0,7.0,209.72,1022.94,0.0
52426,0,6.0,Mobile Phone,3,21.0,Debit Card,Male,2.0,3,Mobile Phone,5,Married,4,1,13.0,0.0,1.0,1.0,126.94,631.37,0.0
52427,0,7.0,Phone,1,26.0,Debit Card,Male,3.0,2,Fashion,4,Married,5,1,16.0,2.0,3.0,,218.81,1094.48,0.667
52428,0,11.0,Computer,1,6.0,Debit Card,Female,1.0,2,Laptop & Accessory,4,Married,3,1,13.0,7.0,14.0,3.0,162.74,1352.41,0.5
52429,0,14.0,Mobile Phone,1,16.0,Debit Card,Female,1.0,2,Laptop & Accessory,4,Single,5,0,17.0,0.0,1.0,3.0,209.75,978.05,0.0
52430,1,12.0,Phone,3,7.0,Debit Card,Female,3.0,3,Mobile Phone,1,Married,4,0,18.0,1.0,1.0,4.0,165.93,819.53,1.0
52431,0,7.0,Mobile Phone,1,9.0,Credit Card,Male,3.0,2,Mobile Phone,3,Single,3,0,14.0,1.0,1.0,0.0,210.65,957.47,1.0
52432,0,5.0,Phone,1,17.0,E wallet,Male,2.0,2,Laptop & Accessory,4,Married,5,0,13.0,0.0,3.0,0.0,212.57,1046.77,0.0
52433,1,5.0,Mobile Phone,3,21.0,Credit Card,Female,3.0,3,Mobile Phone,2,Married,3,1,15.0,1.0,2.0,6.0,143.63,755.79,0.5
52434,0,19.0,Mobile Phone,3,5.0,Credit Card,Male,2.0,1,Mobile Phone,4,Married,7,0,17.0,0.0,1.0,5.0,261.13,1173.29,0.0
52435,0,17.0,Phone,1,14.0,Debit Card,Female,3.0,3,Laptop & Accessory,5,Married,3,1,14.0,1.0,2.0,1.0,146.71,759.5,0.5
52436,1,13.0,Computer,3,15.0,COD,Female,2.0,4,Mobile Phone,3,Married,4,1,15.0,2.0,5.0,8.0,143.27,889.43,0.4
52437,0,19.0,Mobile Phone,3,6.0,Debit Card,Male,3.0,4,Mobile Phone,2,Married,6,1,11.0,1.0,2.0,2.0,170.29,825.1,0.5
52438,0,9.0,Phone,1,13.0,Credit Card,Male,4.0,5,Mobile Phone,5,Married,5,1,16.0,2.0,4.0,3.0,201.11,1072.22,0.5
52439,1,17.0,Phone,3,20.0,UPI,Male,2.0,2,Laptop & Accessory,1,Divorced,8,0,13.0,0.0,1.0,1.0,112.1,574.98,0.0
52440,0,14.0,Computer,1,6.0,Credit Card,Male,2.0,4,Mobile Phone,2,Single,5,0,16.0,1.0,2.0,16.0,228.36,1085.77,0.5
52441,1,17.0,Mobile Phone,2,22.0,Debit Card,Male,4.0,3,Laptop & Accessory,3,Married,3,0,17.0,1.0,5.0,6.0,190.94,1086.57,0.2
52442,0,4.0,Mobile Phone,1,15.0,Debit Card,Female,3.0,3,Fashion,4,Married,3,0,19.0,1.0,3.0,1.0,230.17,1161.65,0.333
52443,0,1.0,Computer,2,26.0,Debit Card,Male,3.0,3,Mobile Phone,5,Divorced,3,0,15.0,1.0,1.0,13.0,197.29,914.7,1.0
52444,0,12.0,Mobile Phone,1,8.0,Credit Card,Male,2.0,2,Mobile Phone,3,Single,6,0,13.0,4.0,6.0,,206.76,1159.69,0.667
52445,0,8.0,Mobile Phone,3,26.0,Credit Card,Male,5.0,3,Grocery,5,Married,5,0,21.0,0.0,1.0,2.0,175.42,879.6,0.0
52446,0,1.0,Mobile Phone,1,6.0,E wallet,Male,4.0,4,Laptop & Accessory,3,Single,5,0,19.0,2.0,3.0,1.0,193.85,1023.63,0.667
52447,0,21.0,Computer,1,11.0,Debit Card,Male,1.0,4,Mobile Phone,4,Married,3,1,15.0,1.0,1.0,3.0,217.67,992.15,1.0
52448,1,17.0,Mobile Phone,1,8.0,E wallet,Male,3.0,5,Mobile Phone,2,Married,4,1,19.0,2.0,2.0,16.0,147.6,802.88,1.0
52449,1,12.0,Computer,3,30.0,E wallet,Male,4.0,4,Others,3,Married,3,0,18.0,,1.0,3.0,178.35,866.73,1.0
52450,1,5.0,Mobile Phone,1,20.0,Debit Card,Male,3.0,4,Fashion,5,Single,4,0,22.0,6.0,9.0,5.0,113.57,1012.57,0.667
52451,0,2.0,Mobile Phone,1,5.0,Debit Card,Male,3.0,3,Fashion,3,Single,5,0,18.0,4.0,6.0,17.0,127.31,897.78,0.667
52452,1,1.0,Mobile Phone,1,5.0,Credit Card,Female,3.0,4,Laptop & Accessory,1,Married,4,0,17.0,0.0,2.0,4.0,166.25,857.75,0.0
52453,1,,Mobile Phone,3,9.0,Credit Card,Male,1.0,4,Laptop & Accessory,3,Married,5,1,14.0,2.0,5.0,2.0,213.89,1149.78,0.4
52454,0,15.0,Phone,1,7.0,Debit Card,Male,3.0,2,Laptop & Accessory,3,Single,7,0,17.0,1.0,1.0,2.0,193.87,917.71,1.0
52455,0,8.0,Phone,3,17.0,Debit Card,Female,3.0,4,Mobile Phone,2,Single,1,0,12.0,2.0,2.0,1.0,181.84,876.99,1.0
52456,1,13.0,Mobile Phone,1,18.0,E wallet,Female,3.0,3,Mobile Phone,5,Divorced,4,0,19.0,1.0,,13.0,214.03,1190.31,0.2
52457,0,14.0,Mobile Phone,1,39.0,Debit Card,Male,2.0,3,Laptop & Accessory,4,Married,2,0,13.0,1.0,3.0,10.0,175.7,906.66,0.333
52458,0,,Phone,1,41.0,Debit Card,Male,3.0,4,Mobile Phone,3,Single,4,0,18.0,1.0,2.0,5.0,171.44,885.47,0.5
52459,0,2.0,Computer,3,18.0,E wallet,Female,3.0,4,Fashion,5,Single,3,0,15.0,2.0,2.0,,200.84,973.19,1.0
52460,1,6.0,Phone,1,5.0,Credit Card,Male,3.0,5,Laptop & Accessory,2,Single,2,0,18.0,1.0,1.0,7.0,179.53,871.21,1.0
52461,0,13.0,Computer,1,10.0,Credit Card,Male,4.0,4,Grocery,5,Married,4,0,19.0,1.0,2.0,8.0,78.62,540.76,0.5
52462,1,,Mobile Phone,1,14.0,Credit Card,Male,2.0,2,Laptop & Accessory,2,Divorced,5,0,18.0,0.0,1.0,6.0,139.79,720.2,0.0
52463,0,20.0,Computer,1,13.0,Credit Card,Female,3.0,1,Laptop & Accessory,2,Married,8,0,15.0,2.0,4.0,1.0,171.67,952.35,0.5
52464,0,12.0,Mobile Phone,1,16.0,Credit Card,Male,3.0,3,Fashion,3,Married,3,0,18.0,2.0,13.0,1.0,215.57,1548.17,0.154
52465,1,21.0,Mobile Phone,3,44.0,COD,Male,2.0,4,Mobile Phone,4,Married,7,1,11.0,0.0,1.0,8.0,172.14,787.13,0.0
52466,1,12.0,Computer,1,31.0,Debit Card,Male,2.0,3,Grocery,4,Married,4,1,,3.0,4.0,3.0,189.17,1066.85,0.75
52467,1,3.0,Computer,1,6.0,Debit Card,Male,2.0,4,Mobile Phone,1,Married,8,1,19.0,3.0,,1.0,209.77,1174.13,0.6
52468,0,15.0,Phone,1,9.0,Debit Card,Male,4.0,3,Grocery,3,Married,3,0,11.0,,1.0,5.0,200.44,894.67,0.0
52469,0,20.0,Mobile Phone,1,26.0,Credit Card,Female,3.0,4,Laptop & Accessory,4,Single,5,0,21.0,2.0,3.0,4.0,160.3,912.14,0.667
52470,0,28.0,Mobile Phone,2,26.0,Credit Card,Male,3.0,2,Mobile Phone,5,Single,4,0,11.0,3.0,6.0,3.0,208.85,1151.63,0.5
52471,0,6.0,Mobile Phone,1,9.0,Debit Card,Female,2.0,3,Others,4,Married,4,1,18.0,0.0,2.0,2.0,198.92,989.9,0.0
52472,1,4.0,Computer,3,21.0,Debit Card,Male,4.0,3,Mobile Phone,2,Married,5,0,12.0,2.0,,7.0,147.56,791.73,0.667
52473,0,17.0,Mobile Phone,1,18.0,Debit Card,Male,2.0,3,Laptop & Accessory,3,Married,3,0,16.0,5.0,13.0,4.0,157.74,1312.41,0.385
52474,1,13.0,Computer,2,13.0,Debit Card,Male,3.0,3,Laptop & Accessory,4,Single,5,0,17.0,4.0,6.0,9.0,197.23,1155.47,0.667
52475,0,12.0,Mobile Phone,1,8.0,COD,Male,4.0,4,Fashion,2,Single,6,0,20.0,2.0,3.0,8.0,169.77,940.13,0.667
52476,1,21.0,Computer,1,31.0,Credit Card,Male,2.0,3,Mobile Phone,3,Married,5,1,,1.0,2.0,13.0,170.53,866.01,0.5
52477,0,16.0,Computer,3,,Debit Card,Female,3.0,4,Mobile Phone,3,Married,5,0,14.0,0.0,1.0,6.0,266.61,1170.12,0.0
52478,0,14.0,Mobile Phone,3,7.0,Debit Card,Male,1.0,5,Fashion,3,Married,7,0,11.0,2.0,5.0,1.0,175.32,979.22,0.4
52479,0,7.0,Mobile Phone,1,20.0,Debit Card,Male,2.0,4,Fashion,4,Married,3,0,16.0,0.0,1.0,2.0,149.05,739.39,0.0
52480,0,16.0,Computer,1,21.0,E wallet,Female,3.0,3,Mobile Phone,4,Married,5,0,11.0,1.0,1.0,6.0,169.34,776.49,1.0
52481,0,4.0,Mobile Phone,1,31.0,Credit Card,Male,2.0,4,Fashion,5,Married,4,0,18.0,,1.0,1.0,244.8,1119.24,0.0
52482,0,12.0,Phone,2,8.0,COD,Male,3.0,1,Mobile Phone,3,Divorced,4,0,16.0,,1.0,5.0,129.89,666.58,1.0
52483,0,10.0,Phone,1,59.0,E wallet,Male,2.0,3,Mobile Phone,3,Married,3,0,17.0,2.0,4.0,2.0,183.23,1012.27,0.5
52484,1,3.0,Mobile Phone,3,7.0,Credit Card,Male,3.0,3,Laptop & Accessory,2,Single,6,0,19.0,5.0,9.0,1.0,132.78,1061.56,0.556
52485,1,13.0,Computer,1,16.0,E wallet,Female,2.0,2,Laptop & Accessory,3,Married,2,1,18.0,2.0,3.0,4.0,257.91,1259.06,0.667
52486,1,6.0,Mobile Phone,1,18.0,E wallet,Male,3.0,4,Fashion,1,Married,7,0,20.0,0.0,1.0,0.0,232.63,1088.99,0.0
52487,0,13.0,Computer,1,12.0,Debit Card,Female,2.0,3,Laptop & Accessory,2,Married,2,0,13.0,,5.0,5.0,205.54,1110.05,0.2
52488,0,5.0,Mobile Phone,1,13.0,Credit Card,Female,4.0,3,Laptop & Accessory,2,Married,7,0,16.0,1.0,4.0,2.0,166.71,941.5,0.25
52489,0,17.0,Phone,1,32.0,Credit Card,Male,3.0,3,Mobile Phone,4,Married,3,0,12.0,3.0,5.0,4.0,161.55,934.89,0.6
52490,0,26.0,Mobile Phone,1,17.0,Credit Card,Male,3.0,3,Mobile Phone,3,Single,2,0,11.0,1.0,1.0,0.0,150.99,706.76,1.0
52491,1,,Mobile Phone,3,13.0,Debit Card,Female,4.0,3,Laptop & Accessory,5,Single,7,0,13.0,1.0,2.0,3.0,105.84,596.19,0.5
52492,0,5.0,Mobile Phone,1,,Debit Card,Female,2.0,3,Fashion,3,Married,2,0,15.0,1.0,3.0,7.0,106.52,659.78,0.333
52493,0,3.0,Phone,2,5.0,Debit Card,Male,2.0,3,Mobile Phone,3,Single,6,0,18.0,1.0,3.0,6.0,163.31,899.58,0.333
52494,1,8.0,Phone,1,7.0,Debit Card,Female,2.0,4,Fashion,2,Married,5,1,,2.0,3.0,3.0,249.88,1204.54,0.667
52495,0,12.0,Computer,3,43.0,UPI,Female,3.0,4,Mobile Phone,4,Single,7,0,18.0,0.0,1.0,1.0,109.12,603.66,0.0
52496,1,15.0,Mobile Phone,3,22.0,Credit Card,Male,5.0,3,Mobile Phone,1,Divorced,3,1,23.0,4.0,8.0,4.0,139.73,1074.97,0.5
52497,0,12.0,Phone,3,46.0,Credit Card,Female,2.0,5,Mobile Phone,3,Married,6,0,12.0,2.0,3.0,5.0,127.42,715.2,0.667
52498,0,15.0,Phone,3,5.0,Credit Card,Male,,3,Laptop & Accessory,2,Single,5,0,18.0,1.0,1.0,4.0,180.46,874.75,1.0
52499,1,9.0,Mobile Phone,1,19.0,Credit Card,Male,3.0,4,Laptop & Accessory,4,Married,7,0,12.0,2.0,4.0,6.0,233.38,1162.84,0.5
52500,0,6.0,Mobile Phone,3,6.0,COD,Male,1.0,2,Laptop & Accessory,4,Married,8,1,19.0,0.0,1.0,2.0,197.43,947.23,0.0
52501,1,5.0,Mobile Phone,3,23.0,Credit Card,Male,4.0,4,Grocery,4,Single,4,0,18.0,1.0,1.0,2.0,186.62,898.16,1.0
52502,1,9.0,Mobile Phone,1,11.0,E wallet,Female,4.0,3,Grocery,2,Married,1,1,11.0,2.0,2.0,13.0,208.31,969.58,1.0
52503,0,5.0,Mobile Phone,1,,Debit Card,Male,4.0,3,Mobile Phone,4,Married,4,0,13.0,1.0,2.0,11.0,150.96,767.65,0.5
52504,0,12.0,Phone,1,15.0,E wallet,Male,3.0,2,Laptop & Accessory,4,Single,3,0,25.0,0.0,2.0,1.0,207.64,1079.03,0.0
52505,1,5.0,Mobile Phone,1,9.0,E wallet,Female,2.0,3,Laptop & Accessory,1,Married,3,1,11.0,,1.0,1.0,87.54,465.65,0.0
52506,0,7.0,Phone,1,18.0,UPI,Male,3.0,4,Laptop & Accessory,3,Single,4,0,,3.0,4.0,4.0,182.87,962.91,0.75
52507,1,19.0,Computer,1,18.0,Debit Card,Male,,4,Grocery,1,Divorced,6,0,18.0,1.0,1.0,4.0,211.56,992.93,1.0
52508,0,20.0,Phone,1,20.0,Debit Card,Male,3.0,3,Mobile Phone,4,Married,3,0,,2.0,3.0,0.0,141.84,793.99,0.667
52509,0,19.0,Phone,3,64.0,Debit Card,Male,3.0,3,Fashion,2,Married,5,0,,5.0,7.0,,124.8,877.24,0.714
52510,0,9.0,Mobile Phone,1,11.0,Credit Card,Female,3.0,1,Mobile Phone,2,Married,5,0,18.0,0.0,,7.0,171.3,839.94,0.0
52511,0,7.0,Computer,3,13.0,Credit Card,Male,2.0,2,Mobile Phone,1,Single,3,0,19.0,4.0,5.0,7.0,172.56,1032.73,0.8
52512,0,13.0,Mobile Phone,1,25.0,Debit Card,Male,3.0,2,Mobile Phone,3,Married,3,0,11.0,0.0,1.0,5.0,249.43,1080.83,0.0
52513,1,5.0,Phone,1,15.0,E wallet,Male,4.0,3,Laptop & Accessory,1,Single,5,0,23.0,1.0,2.0,1.0,210.19,1072.72,0.5
52514,0,16.0,Computer,1,5.0,Debit Card,Male,,4,Mobile Phone,5,Married,4,1,19.0,3.0,9.0,2.0,215.2,1374.76,0.333
52515,1,6.0,Phone,1,27.0,E wallet,Male,3.0,3,Fashion,1,Single,7,1,17.0,0.0,4.0,2.0,259.05,1300.39,0.0
52516,0,8.0,Phone,1,,Debit Card,Male,1.0,4,Mobile Phone,1,Single,6,1,12.0,0.0,,20.0,203.2,958.16,0.0
52517,0,,Mobile Phone,1,7.0,Debit Card,Male,3.0,4,Mobile Phone,4,Married,4,0,13.0,1.0,1.0,1.0,169.01,791.24,1.0
52518,0,2.0,Mobile Phone,1,6.0,Credit Card,Male,3.0,3,Mobile Phone,5,Married,4,1,11.0,0.0,1.0,,232.6,1016.88,0.0
52519,1,6.0,Phone,1,6.0,Credit Card,Male,2.0,3,Mobile Phone,5,Married,8,0,11.0,1.0,2.0,,17.75,245.45,0.5
52520,0,12.0,Mobile Phone,1,5.0,Debit Card,Male,1.0,5,Mobile Phone,1,Single,3,0,16.0,4.0,9.0,2.0,214.02,1346.28,0.444
52521,0,14.0,Phone,1,6.0,E wallet,Male,3.0,3,Laptop & Accessory,3,Married,4,0,15.0,0.0,1.0,3.0,150.82,738.12,0.0
52522,0,13.0,Mobile Phone,1,12.0,Credit Card,Female,2.0,3,Others,3,Married,5,0,19.0,2.0,,1.0,215.55,1061.09,1.0
52523,1,8.0,Computer,1,8.0,UPI,Female,1.0,4,Laptop & Accessory,1,Married,6,0,18.0,0.0,1.0,1.0,179.18,869.88,0.0
52524,0,17.0,Mobile Phone,1,7.0,UPI,Male,4.0,2,Mobile Phone,3,Married,7,0,17.0,0.0,3.0,5.0,207.65,1060.07,0.0
52525,0,5.0,Mobile Phone,1,18.0,Credit Card,Female,3.0,4,Laptop & Accessory,3,Married,5,0,16.0,2.0,5.0,6.0,131.85,854.03,0.4
52526,0,4.0,Phone,1,8.0,UPI,Female,2.0,2,Laptop & Accessory,4,Married,9,0,12.0,0.0,1.0,4.0,188.4,856.92,0.0
52527,1,12.0,Mobile Phone,1,5.0,E wallet,Male,4.0,4,Mobile Phone,5,Single,3,1,18.0,,1.0,11.0,202.19,957.32,0.0
52528,0,4.0,Mobile Phone,1,12.0,COD,Female,2.0,4,Others,3,Married,5,0,16.0,1.0,2.0,2.0,179.67,900.75,0.5
52529,0,26.0,Mobile Phone,1,9.0,E wallet,Male,2.0,3,Fashion,4,Married,4,0,15.0,1.0,3.0,6.0,133.78,763.36,0.333
52530,1,6.0,Mobile Phone,2,10.0,E wallet,Female,4.0,4,Laptop & Accessory,3,Married,2,1,14.0,2.0,2.0,,171.44,853.47,1.0
52531,0,17.0,Mobile Phone,1,12.0,Credit Card,Male,2.0,4,Mobile Phone,3,Single,2,0,15.0,1.0,1.0,3.0,254.19,1130.92,1.0
52532,0,4.0,Mobile Phone,1,18.0,Debit Card,Female,4.0,3,Laptop & Accessory,4,Married,9,0,12.0,1.0,1.0,8.0,93.86,497.67,1.0
52533,0,23.0,Phone,3,17.0,UPI,Male,4.0,5,Mobile Phone,5,Single,4,0,20.0,0.0,1.0,,78.59,503.64,0.0
52534,0,10.0,Mobile Phone,3,38.0,E wallet,Male,2.0,3,Laptop & Accessory,5,Married,6,0,11.0,2.0,5.0,4.0,144.75,863.05,0.4
52535,0,6.0,Computer,1,14.0,Debit Card,Female,1.0,4,Fashion,4,Married,4,0,16.0,2.0,2.0,0.0,202.2,986.36,1.0
52536,1,8.0,Mobile Phone,3,13.0,Debit Card,Female,2.0,3,Laptop & Accessory,3,Single,5,1,16.0,0.0,3.0,5.0,134.7,774.86,0.0
52537,0,6.0,Mobile Phone,1,8.0,Credit Card,Female,2.0,3,Laptop & Accessory,3,Divorced,1,0,,1.0,1.0,5.0,173.61,840.72,1.0
52538,0,8.0,Mobile Phone,1,22.0,Credit Card,Female,4.0,1,Fashion,4,Single,6,0,14.0,0.0,3.0,11.0,186.29,954.9,0.0
52539,1,4.0,Computer,3,7.0,Debit Card,Female,3.0,3,Grocery,2,Married,7,0,16.0,5.0,5.0,1.0,115.23,790.87,1.0
52540,1,6.0,Mobile Phone,3,13.0,Debit Card,Female,1.0,4,Laptop & Accessory,4,Single,6,1,20.0,1.0,1.0,1.0,180.86,892.27,1.0
52541,0,16.0,Phone,1,12.0,E wallet,Male,3.0,3,Laptop & Accessory,3,Married,5,0,13.0,0.0,1.0,3.0,187.94,863.17,0.0
52542,1,11.0,Mobile Phone,2,18.0,Debit Card,Male,2.0,3,Fashion,4,Single,4,0,20.0,1.0,3.0,2.0,138.81,822.48,0.333
52543,1,5.0,Mobile Phone,2,35.0,Credit Card,Male,2.0,3,Mobile Phone,2,Married,5,1,,3.0,4.0,1.0,175.87,968.31,0.75
52544,0,9.0,Computer,1,40.0,E wallet,Female,2.0,3,Grocery,4,Single,2,0,17.0,0.0,3.0,1.0,186.59,980.04,0.0
52545,0,20.0,Mobile Phone,1,7.0,E wallet,Male,3.0,3,Mobile Phone,4,Divorced,2,0,11.0,0.0,2.0,6.0,174.33,840.45,0.0
52546,0,7.0,Mobile Phone,1,9.0,Debit Card,Male,1.0,3,Laptop & Accessory,2,Married,1,0,19.0,1.0,3.0,6.0,100.31,668.18,0.333
52547,1,4.0,Computer,3,25.0,Debit Card,Male,3.0,5,Laptop & Accessory,3,Single,3,0,23.0,10.0,14.0,10.0,191.92,1543.3,0.714
52548,0,14.0,Phone,1,14.0,Credit Card,Female,2.0,3,Mobile Phone,4,Married,7,0,12.0,1.0,,2.0,209.63,1027.59,0.333
52549,0,1.0,Computer,3,12.0,E wallet,Male,3.0,4,Fashion,5,Married,5,1,15.0,1.0,2.0,3.0,250.97,1163.69,0.5
52550,0,8.0,Phone,1,20.0,Debit Card,Male,3.0,4,Fashion,2,Divorced,5,0,20.0,1.0,2.0,1.0,222.0,1093.6,0.5
52551,1,21.0,Phone,1,16.0,Debit Card,Male,1.0,3,Grocery,1,Married,1,0,12.0,0.0,2.0,1.0,159.37,791.61,0.0
52552,0,8.0,Computer,1,47.0,UPI,Male,3.0,4,Laptop & Accessory,2,Married,3,0,19.0,2.0,3.0,0.0,125.44,763.67,0.667
52553,0,17.0,Mobile Phone,2,16.0,COD,Male,3.0,2,Fashion,5,Married,3,0,11.0,2.0,5.0,1.0,151.98,890.52,0.4
52554,0,4.0,Phone,1,13.0,Credit Card,Male,2.0,3,Fashion,4,Divorced,5,0,13.0,1.0,3.0,1.0,153.0,820.4,0.333
52555,0,8.0,Phone,1,14.0,Debit Card,Male,3.0,3,Fashion,4,Married,3,0,18.0,1.0,1.0,4.0,154.3,775.34,1.0
52556,0,8.0,Mobile Phone,1,25.0,Debit Card,Female,3.0,3,Mobile Phone,2,Married,5,0,20.0,1.0,2.0,4.0,119.58,704.4,0.5
52557,0,13.0,Mobile Phone,1,16.0,Debit Card,Female,3.0,3,Mobile Phone,3,Married,3,0,19.0,2.0,3.0,4.0,212.09,1092.94,0.667
52558,0,10.0,Mobile Phone,1,17.0,Debit Card,Male,3.0,4,Mobile Phone,4,Divorced,8,0,17.0,5.0,12.0,0.0,157.41,1274.16,0.417
52559,0,23.0,Phone,2,48.0,Credit Card,Female,4.0,5,Mobile Phone,5,Married,6,0,12.0,1.0,1.0,3.0,159.69,747.82,1.0
52560,0,7.0,Mobile Phone,1,17.0,Credit Card,Female,3.0,4,Laptop & Accessory,3,Divorced,5,0,16.0,1.0,1.0,3.0,142.33,713.85,1.0
52561,0,10.0,Computer,1,11.0,Debit Card,Female,2.0,3,Mobile Phone,5,Married,5,0,15.0,3.0,4.0,7.0,216.57,1122.97,0.75
52562,1,8.0,Mobile Phone,1,19.0,UPI,Male,4.0,4,Mobile Phone,2,Single,10,1,18.0,0.0,1.0,11.0,217.88,1016.94,0.0
52563,0,10.0,Phone,3,18.0,Credit Card,Male,3.0,4,Laptop & Accessory,3,Single,2,0,16.0,1.0,3.0,5.0,242.89,1185.98,0.333
52564,0,9.0,Mobile Phone,1,5.0,Credit Card,Female,4.0,3,Mobile Phone,5,Divorced,4,0,14.0,3.0,13.0,6.0,185.68,1402.58,0.231
52565,0,5.0,Phone,1,13.0,COD,Male,2.0,2,Mobile Phone,4,Married,6,0,18.0,2.0,3.0,2.0,58.55,501.49,0.667
52566,0,16.0,Phone,1,21.0,Credit Card,Male,,2,Fashion,5,Married,3,1,15.0,0.0,2.0,4.0,172.6,865.88,0.0
52567,0,6.0,Phone,1,13.0,UPI,Male,3.0,3,Mobile Phone,5,Single,6,0,13.0,2.0,5.0,4.0,152.73,909.37,0.4
52568,0,6.0,Computer,1,23.0,Debit Card,Female,3.0,4,Mobile Phone,3,Single,5,0,16.0,3.0,4.0,16.0,159.58,914.4,0.75
52569,1,3.0,Computer,1,12.0,Debit Card,Male,5.0,4,Mobile Phone,2,Married,5,0,13.0,2.0,3.0,6.0,267.76,1256.49,0.667
52570,0,7.0,Mobile Phone,3,54.0,Credit Card,Male,3.0,3,Laptop & Accessory,4,Single,1,0,13.0,0.0,1.0,1.0,228.25,1016.35,0.0
52571,1,6.0,Mobile Phone,1,9.0,Credit Card,Female,3.0,4,Laptop & Accessory,3,Married,6,1,20.0,2.0,3.0,10.0,153.94,879.97,0.667
52572,0,2.0,Phone,1,6.0,Debit Card,Female,3.0,4,Laptop & Accessory,4,Married,6,0,11.0,0.0,1.0,3.0,258.33,1114.65,0.0
52573,0,8.0,Mobile Phone,1,12.0,Credit Card,Male,2.0,4,Laptop & Accessory,3,Single,3,0,,1.0,1.0,1.0,168.27,852.43,1.0
52574,0,22.0,Mobile Phone,1,14.0,Debit Card,Male,3.0,3,Mobile Phone,5,Divorced,6,0,20.0,1.0,1.0,8.0,79.48,507.02,1.0
52575,0,3.0,Phone,1,10.0,Credit Card,Female,1.0,3,Others,5,Single,8,1,,1.0,1.0,3.0,112.18,559.28,1.0
52576,0,10.0,Mobile Phone,3,8.0,Credit Card,Male,2.0,3,Laptop & Accessory,4,Divorced,3,0,16.0,1.0,2.0,0.0,120.09,674.34,0.5
52577,0,8.0,Mobile Phone,3,18.0,Credit Card,Female,2.0,4,Grocery,4,Married,2,0,17.0,1.0,7.0,2.0,182.23,1143.47,0.143
52578,0,15.0,Computer,3,11.0,Credit Card,Female,3.0,4,Mobile Phone,4,Single,3,0,16.0,1.0,1.0,,51.89,370.18,1.0
52579,1,15.0,Mobile Phone,1,17.0,COD,Male,3.0,3,Laptop & Accessory,3,Married,6,0,15.0,1.0,3.0,1.0,158.43,857.03,0.333
52580,0,32.0,Mobile Phone,3,23.0,Debit Card,Male,3.0,2,Laptop & Accessory,5,Married,5,0,14.0,1.0,2.0,2.0,118.58,652.6,0.5
52581,0,11.0,Mobile Phone,1,22.0,COD,Male,3.0,4,Fashion,4,Married,7,1,13.0,0.0,1.0,1.0,178.67,827.95,0.0
52582,0,5.0,Computer,2,11.0,Debit Card,Female,3.0,3,Mobile Phone,5,Married,3,0,14.0,1.0,1.0,6.0,171.54,808.85,1.0
52583,1,6.0,Computer,3,15.0,Credit Card,Male,2.0,3,Laptop & Accessory,3,Married,4,0,20.0,1.0,1.0,0.0,134.79,717.2,1.0
52584,0,7.0,Phone,1,12.0,Credit Card,Male,4.0,2,Laptop & Accessory,3,Divorced,1,0,22.0,1.0,3.0,1.0,83.33,627.65,0.333
52585,0,6.0,Mobile Phone,1,30.0,E wallet,Male,2.0,1,Grocery,4,Single,3,1,11.0,1.0,1.0,1.0,141.06,669.03,1.0
52586,0,25.0,Computer,1,30.0,E wallet,Male,5.0,3,Laptop & Accessory,4,Single,2,0,16.0,0.0,1.0,3.0,201.71,939.5,0.0
52587,0,15.0,Phone,2,10.0,E wallet,Male,3.0,3,Fashion,3,Single,3,0,16.0,2.0,2.0,7.0,244.24,1146.11,1.0
52588,1,13.0,Computer,1,6.0,Debit Card,Male,2.0,4,Laptop & Accessory,3,Divorced,9,1,16.0,1.0,2.0,2.0,175.1,883.38,0.5
52589,1,4.0,Phone,3,7.0,E wallet,Female,3.0,5,Mobile Phone,2,Married,4,0,14.0,1.0,3.0,9.0,219.27,1080.23,0.333
52590,1,15.0,Mobile Phone,1,10.0,Debit Card,Male,1.0,3,Mobile Phone,3,Single,5,1,18.0,3.0,3.0,9.0,244.13,1206.69,1.0
52591,0,19.0,Mobile Phone,1,15.0,Debit Card,Male,2.0,3,Mobile Phone,2,Single,9,0,20.0,1.0,2.0,2.0,179.76,933.09,0.5
52592,0,8.0,Mobile Phone,1,18.0,Debit Card,Female,3.0,3,Laptop & Accessory,3,Married,3,0,19.0,2.0,3.0,8.0,247.19,1226.32,0.667
52593,0,6.0,Mobile Phone,3,10.0,Credit Card,Female,3.0,3,Laptop & Accessory,5,Married,5,0,11.0,0.0,1.0,,224.44,985.87,0.0
52594,0,23.0,Phone,1,18.0,E wallet,Female,2.0,4,Fashion,5,Married,5,0,15.0,0.0,1.0,1.0,200.45,926.71,0.0
52595,0,6.0,Computer,1,38.0,Debit Card,Male,3.0,3,Laptop & Accessory,4,Divorced,3,0,14.0,2.0,7.0,9.0,281.46,1496.55,0.286
52596,0,5.0,Phone,1,18.0,Debit Card,Male,4.0,2,Mobile Phone,2,Married,9,0,14.0,2.0,2.0,5.0,230.93,1079.53,1.0
52597,0,5.0,Mobile Phone,1,7.0,Credit Card,Male,3.0,4,Fashion,3,Single,3,0,16.0,1.0,1.0,1.0,208.79,966.4,1.0
52598,0,9.0,Mobile Phone,2,15.0,COD,Female,2.0,4,Fashion,4,Married,6,0,11.0,3.0,5.0,0.0,186.06,1020.03,0.6
52599,0,11.0,Mobile Phone,1,14.0,Credit Card,Female,2.0,3,Laptop & Accessory,3,Married,4,0,23.0,2.0,3.0,6.0,134.12,828.66,0.667
52600,0,18.0,Mobile Phone,3,30.0,Credit Card,Female,1.0,2,Mobile Phone,2,Married,4,0,24.0,0.0,,2.0,172.28,981.66,0.0
52601,1,14.0,Mobile Phone,3,10.0,Credit Card,Male,3.0,3,Mobile Phone,2,Married,6,0,18.0,0.0,1.0,0.0,178.98,869.12,0.0
52602,1,14.0,Phone,1,12.0,E wallet,Female,3.0,3,Laptop & Accessory,3,Married,6,1,14.0,2.0,4.0,2.0,138.16,817.01,0.5
52603,0,,Mobile Phone,2,16.0,COD,Female,3.0,3,Mobile Phone,2,Single,6,0,19.0,1.0,1.0,3.0,160.03,805.11,1.0
52604,0,5.0,Computer,3,14.0,Credit Card,Male,2.0,4,Laptop & Accessory,2,Divorced,5,0,13.0,0.0,1.0,1.0,201.94,916.37,0.0
52605,0,3.0,Mobile Phone,2,20.0,Credit Card,Male,2.0,3,Mobile Phone,5,Married,8,0,21.0,0.0,1.0,0.0,212.09,1018.94,0.0
52606,0,,Computer,2,5.0,UPI,Male,4.0,4,Fashion,4,Married,3,0,24.0,2.0,3.0,2.0,156.89,923.18,0.667
52607,0,9.0,Mobile Phone,1,15.0,COD,Male,3.0,4,Grocery,1,Single,1,0,15.0,0.0,4.0,3.0,131.31,798.98,0.0
52608,0,18.0,Mobile Phone,1,7.0,Debit Card,Male,4.0,3,Fashion,3,Married,4,0,19.0,,1.0,7.0,197.44,947.27,0.0
52609,1,9.0,Phone,1,10.0,Credit Card,Female,5.0,3,Mobile Phone,3,Divorced,4,0,20.0,0.0,1.0,7.0,220.17,1041.65,0.0
52610,1,6.0,Phone,2,18.0,E wallet,Female,,4,Grocery,1,Single,3,0,14.0,0.0,1.0,1.0,107.04,563.75,0.0
52611,0,14.0,Mobile Phone,3,7.0,Credit Card,Female,2.0,3,Mobile Phone,4,Single,10,0,14.0,,2.0,3.0,184.12,901.66,0.5
52612,0,10.0,Mobile Phone,1,9.0,Credit Card,Male,2.0,2,Mobile Phone,3,Single,4,0,14.0,1.0,1.0,,159.23,762.07,1.0
52613,1,10.0,Mobile Phone,1,20.0,Credit Card,Male,2.0,3,Fashion,3,Married,3,1,18.0,5.0,10.0,0.0,230.39,1469.48,0.5
52614,0,36.0,Phone,1,18.0,Debit Card,Female,5.0,4,Laptop & Accessory,2,Married,3,0,,0.0,4.0,3.0,324.99,1534.96,0.0
52615,1,20.0,Computer,2,6.0,Debit Card,Male,3.0,3,Laptop & Accessory,3,Single,5,0,14.0,0.0,,3.0,88.15,581.97,0.0
52616,0,15.0,Mobile Phone,1,15.0,COD,Male,3.0,2,Fashion,5,Married,3,0,23.0,2.0,3.0,8.0,252.99,1280.36,0.667
52617,0,11.0,Mobile Phone,1,7.0,Credit Card,Female,4.0,5,Grocery,4,Divorced,3,0,16.0,0.0,1.0,3.0,129.08,663.5,0.0
52618,0,10.0,Computer,1,8.0,UPI,Male,4.0,4,Laptop & Accessory,5,Single,2,0,14.0,2.0,4.0,0.0,234.69,1183.82,0.5
52619,0,8.0,Mobile Phone,1,,E wallet,Male,3.0,4,Fashion,4,Married,2,0,21.0,1.0,1.0,5.0,187.29,924.7,1.0
52620,0,11.0,Phone,1,6.0,Credit Card,Male,2.0,4,Mobile Phone,4,Married,2,0,14.0,1.0,2.0,4.0,182.97,897.29,0.5
52621,0,7.0,Mobile Phone,3,66.0,E wallet,Female,2.0,3,Mobile Phone,2,Single,6,0,17.0,2.0,6.0,3.0,169.36,1049.57,0.333
52622,0,4.0,Phone,1,7.0,Debit Card,Male,3.0,6,Laptop & Accessory,4,Married,5,1,16.0,3.0,7.0,,125.2,918.76,0.429
52623,0,9.0,Mobile Phone,3,23.0,Credit Card,Male,4.0,2,Others,5,Single,4,0,16.0,2.0,4.0,0.0,174.9,972.62,0.5
52624,0,12.0,Mobile Phone,1,26.0,Credit Card,Female,4.0,4,Grocery,1,Married,5,0,11.0,2.0,4.0,11.0,159.98,875.92,0.5
52625,0,,Mobile Phone,1,67.0,Credit Card,Male,2.0,3,Mobile Phone,3,Single,8,0,17.0,1.0,,8.0,259.05,1300.39,0.25
52626,0,5.0,Phone,1,12.0,Debit Card,Male,2.0,4,Grocery,2,Married,2,0,19.0,2.0,3.0,13.0,154.26,873.19,0.667
52627,0,10.0,Phone,3,30.0,Debit Card,Male,3.0,4,Grocery,5,Single,8,0,19.0,0.0,1.0,13.0,217.05,1021.79,0.0
52628,0,14.0,Phone,2,,Debit Card,Male,3.0,3,Mobile Phone,4,Divorced,3,0,23.0,1.0,3.0,1.0,161.93,934.33,0.333
52629,0,13.0,Phone,1,7.0,Credit Card,Male,2.0,5,Grocery,5,Married,5,0,12.0,1.0,1.0,2.0,231.97,1022.49,1.0
52630,1,25.0,Mobile Phone,2,13.0,COD,Female,3.0,5,Others,1,Married,7,0,12.0,0.0,1.0,3.0,71.29,411.9,0.0
52631,0,8.0,Mobile Phone,1,6.0,COD,Male,4.0,2,Laptop & Accessory,5,Divorced,3,0,19.0,4.0,5.0,2.0,143.38,921.84,0.8
52632,1,5.0,Computer,1,17.0,Debit Card,Female,4.0,2,Laptop & Accessory,1,Married,3,0,13.0,0.0,,15.0,153.5,777.3,0.0
52633,0,10.0,Mobile Phone,1,15.0,Debit Card,Male,3.0,4,Laptop & Accessory,3,Divorced,4,0,21.0,0.0,1.0,2.0,132.09,714.94,0.0
52634,0,8.0,Mobile Phone,3,8.0,Debit Card,Male,3.0,5,Mobile Phone,2,Married,6,0,18.0,0.0,1.0,1.0,266.37,1201.21,0.0
52635,0,7.0,Mobile Phone,1,24.0,Credit Card,Male,2.0,3,Laptop & Accessory,2,Single,4,0,18.0,1.0,3.0,3.0,248.07,1221.67,0.333
52636,0,7.0,Mobile Phone,1,5.0,E wallet,Male,3.0,1,Laptop & Accessory,2,Single,3,0,,3.0,7.0,3.0,253.79,1407.4,0.429
52637,0,12.0,Mobile Phone,1,25.0,UPI,Male,2.0,4,Others,3,Married,2,0,15.0,1.0,5.0,2.0,82.88,659.94,0.2
52638,0,6.0,Computer,1,5.0,Debit Card,Male,2.0,2,Fashion,4,Married,5,1,18.0,0.0,2.0,7.0,171.89,887.18,0.0
52639,0,15.0,Computer,1,18.0,Debit Card,Male,1.0,3,Grocery,5,Married,8,0,19.0,0.0,1.0,3.0,151.45,772.51,0.0
52640,1,15.0,Computer,1,6.0,Debit Card,Female,3.0,3,Others,3,Divorced,8,0,18.0,0.0,1.0,2.0,152.63,768.99,0.0
52641,0,13.0,Computer,1,8.0,Debit Card,Male,4.0,3,Mobile Phone,2,Divorced,6,0,15.0,1.0,4.0,3.0,86.4,628.32,0.25
52642,1,5.0,Computer,3,20.0,E wallet,Male,5.0,5,Mobile Phone,1,Single,3,0,11.0,0.0,4.0,10.0,193.58,1003.6,0.0
52643,1,11.0,Mobile Phone,1,9.0,Credit Card,Female,3.0,3,Laptop & Accessory,3,Married,3,1,14.0,0.0,2.0,9.0,245.21,1133.8,0.0
52644,0,18.0,Mobile Phone,1,14.0,E wallet,Male,3.0,1,Mobile Phone,4,Divorced,7,0,15.0,3.0,3.0,5.0,190.58,979.2,1.0
52645,1,16.0,Phone,1,35.0,Credit Card,Female,2.0,3,Laptop & Accessory,4,Married,4,1,18.0,2.0,4.0,5.0,11.45,367.51,0.5
52646,0,,Mobile Phone,1,6.0,Debit Card,Female,3.0,3,Laptop & Accessory,4,Married,5,0,22.0,4.0,5.0,4.0,178.14,1077.93,0.8
52647,0,10.0,Mobile Phone,3,25.0,Debit Card,Female,3.0,4,Laptop & Accessory,1,Single,3,0,11.0,1.0,3.0,1.0,170.19,869.72,0.333
52648,1,10.0,Mobile Phone,1,6.0,Debit Card,Male,3.0,3,Mobile Phone,3,Married,5,1,14.0,3.0,5.0,4.0,201.72,1103.54,0.6
52649,0,,Mobile Phone,3,7.0,E wallet,Female,2.0,4,Grocery,3,Married,3,0,13.0,1.0,1.0,4.0,200.93,912.53,1.0
52650,0,12.0,Mobile Phone,3,7.0,E wallet,Female,3.0,5,Laptop & Accessory,4,Single,3,1,12.0,0.0,3.0,4.0,109.3,646.34,0.0
52651,0,12.0,Mobile Phone,2,67.0,E wallet,Female,2.0,3,Mobile Phone,1,Married,2,0,17.0,1.0,2.0,7.0,163.53,847.41,0.5
52652,0,42.0,Mobile Phone,1,7.0,Debit Card,Female,2.0,6,Mobile Phone,2,Single,5,0,18.0,2.0,7.0,0.0,235.75,1354.85,0.286
52653,0,8.0,Computer,1,,E wallet,Male,3.0,2,Mobile Phone,5,Married,6,0,15.0,0.0,1.0,3.0,142.88,707.94,0.0
52654,0,1.0,Phone,1,61.0,Debit Card,Female,2.0,4,Grocery,3,Married,4,0,18.0,1.0,4.0,0.0,173.84,984.59,0.25
52655,0,9.0,Computer,3,11.0,Debit Card,Male,3.0,1,Laptop & Accessory,4,Single,2,0,26.0,4.0,7.0,7.0,235.23,1416.87,0.571
52656,0,9.0,Mobile Phone,1,17.0,Credit Card,Male,3.0,3,Laptop & Accessory,3,Married,3,0,18.0,2.0,3.0,1.0,217.21,1104.4,0.667
52657,0,12.0,Mobile Phone,1,23.0,Credit Card,Male,2.0,4,Mobile Phone,4,Single,6,0,11.0,3.0,4.0,2.0,234.38,1158.64,0.75
52658,0,13.0,Phone,1,11.0,E wallet,Male,4.0,1,Mobile Phone,3,Single,3,0,17.0,1.0,6.0,2.0,181.82,1096.92,0.167
52659,1,2.0,Mobile Phone,2,7.0,Credit Card,Male,4.0,2,Laptop & Accessory,3,Single,3,1,17.0,1.0,1.0,12.0,209.22,976.04,1.0
52660,0,14.0,Phone,2,12.0,Debit Card,Female,2.0,3,Laptop & Accessory,3,Married,6,0,12.0,0.0,1.0,2.0,224.76,995.09,0.0
52661,0,9.0,Phone,1,23.0,Debit Card,Female,3.0,3,Fashion,3,Single,8,0,16.0,5.0,7.0,0.0,200.24,1203.91,0.714
52662,0,8.0,Phone,1,23.0,Debit Card,Female,3.0,1,Laptop & Accessory,3,Single,4,0,18.0,1.0,1.0,0.0,146.97,747.49,1.0
52663,1,3.0,Computer,1,8.0,Debit Card,Female,3.0,3,Mobile Phone,2,Divorced,6,1,16.0,2.0,2.0,1.0,158.06,818.63,1.0
52664,0,23.0,Mobile Phone,1,7.0,Debit Card,Male,4.0,4,Grocery,4,Single,2,0,20.0,0.0,1.0,0.0,235.96,1101.65,0.0
52665,0,7.0,Mobile Phone,2,35.0,E wallet,Male,,3,Mobile Phone,3,Married,7,0,17.0,1.0,2.0,7.0,237.89,1129.98,0.5
52666,0,15.0,Phone,3,6.0,Debit Card,Male,3.0,2,Mobile Phone,2,Single,7,0,16.0,5.0,11.0,,151.61,1199.12,0.455
52667,0,5.0,Mobile Phone,1,21.0,E wallet,Male,4.0,4,Laptop & Accessory,4,Divorced,4,0,11.0,1.0,1.0,7.0,217.94,961.17,1.0
52668,0,12.0,Mobile Phone,1,6.0,Credit Card,Female,3.0,4,Mobile Phone,4,Married,6,0,11.0,4.0,4.0,3.0,192.66,1000.11,1.0
52669,0,8.0,Mobile Phone,2,27.0,Debit Card,Female,2.0,3,Fashion,5,Single,9,1,11.0,0.0,1.0,3.0,117.01,577.64,0.0
52670,1,15.0,Mobile Phone,3,33.0,Credit Card,Male,1.0,4,Fashion,3,Married,5,1,18.0,1.0,1.0,2.0,215.4,1007.52,1.0
52671,0,8.0,Mobile Phone,3,9.0,E wallet,Male,2.0,3,Mobile Phone,3,Married,8,0,14.0,0.0,3.0,8.0,107.5,655.5,0.0
52672,0,5.0,Mobile Phone,3,6.0,Credit Card,Male,1.0,4,Fashion,5,Divorced,4,0,12.0,0.0,1.0,0.0,107.46,549.35,0.0
52673,0,10.0,Phone,1,13.0,Debit Card,Male,3.0,2,Laptop & Accessory,3,Married,3,0,15.0,2.0,,3.0,142.19,795.32,0.667
52674,0,9.0,Phone,3,9.0,UPI,Male,2.0,3,Laptop & Accessory,4,Single,4,0,,4.0,8.0,2.0,149.57,1048.37,0.5
52675,0,,Phone,3,11.0,Debit Card,Male,2.0,2,Fashion,2,Married,5,0,13.0,3.0,5.0,1.0,139.63,859.59,0.6
52676,0,17.0,Phone,2,18.0,UPI,Male,3.0,4,Laptop & Accessory,4,Married,6,0,17.0,3.0,5.0,6.0,178.93,1040.93,0.6
52677,0,4.0,Mobile Phone,1,8.0,Debit Card,Female,5.0,3,Grocery,5,Married,5,0,22.0,1.0,1.0,1.0,63.58,462.6,1.0
52678,1,17.0,Mobile Phone,3,10.0,E wallet,Male,4.0,5,Mobile Phone,3,Married,4,1,12.0,1.0,1.0,2.0,117.68,588.18,1.0
52679,0,4.0,Mobile Phone,1,23.0,Credit Card,Female,2.0,5,Mobile Phone,3,Married,6,0,17.0,2.0,4.0,,154.26,902.19,0.5
52680,0,14.0,Computer,1,17.0,Credit Card,Female,3.0,6,Fashion,5,Single,5,0,11.0,2.0,4.0,4.0,165.6,897.28,0.5
52681,1,14.0,Phone,1,10.0,Debit Card,Male,4.0,2,Fashion,1,Married,3,0,21.0,1.0,1.0,0.0,230.06,1087.23,1.0
52682,0,,Mobile Phone,1,18.0,Debit Card,Female,4.0,4,Mobile Phone,3,Married,5,0,11.0,2.0,2.0,5.0,258.37,1159.81,1.0
52683,1,6.0,Mobile Phone,1,22.0,E wallet,Male,4.0,3,Mobile Phone,5,Divorced,7,0,11.0,1.0,3.0,2.0,187.9,937.02,0.333
52684,0,5.0,Computer,1,16.0,UPI,Male,3.0,3,Mobile Phone,4,Single,4,0,17.0,0.0,2.0,6.0,259.22,1211.04,0.0
52685,0,10.0,Phone,2,8.0,Credit Card,Male,2.0,3,Grocery,3,Married,4,0,12.0,,2.0,8.0,96.95,554.41,0.5
52686,0,15.0,Computer,3,5.0,Debit Card,Female,2.0,1,Grocery,4,Single,4,0,,1.0,1.0,3.0,180.41,922.56,1.0
52687,0,9.0,Mobile Phone,2,24.0,Debit Card,Male,3.0,4,Laptop & Accessory,3,Single,9,0,11.0,0.0,2.0,9.0,217.35,1003.93,0.0
52688,1,1.0,Mobile Phone,1,26.0,Credit Card,Male,2.0,5,Fashion,1,Single,7,0,11.0,4.0,12.0,1.0,62.74,866.41,0.333
52689,0,7.0,Phone,2,19.0,Debit Card,Male,5.0,3,Grocery,3,Married,3,0,16.0,0.0,1.0,0.0,186.99,883.56,0.0
52690,1,6.0,Phone,1,6.0,Debit Card,Male,3.0,3,Mobile Phone,3,Married,5,1,11.0,2.0,3.0,10.0,156.09,816.14,0.667
52691,0,13.0,Phone,1,16.0,Credit Card,Female,4.0,5,Mobile Phone,3,Married,6,0,11.0,1.0,2.0,1.0,201.81,944.88,0.5
52692,0,,Phone,1,26.0,Credit Card,Female,3.0,3,Mobile Phone,3,Married,2,0,12.0,1.0,4.0,1.0,202.03,1043.71,0.25
52693,0,11.0,Phone,3,11.0,Debit Card,Male,,5,Laptop & Accessory,3,Single,2,0,11.0,2.0,4.0,1.0,153.1,849.78,0.5
52694,0,17.0,Phone,1,8.0,Debit Card,Male,2.0,4,Laptop & Accessory,2,Married,4,0,13.0,1.0,7.0,1.0,130.6,915.28,0.143
52695,1,17.0,Mobile Phone,1,16.0,Credit Card,Female,2.0,3,Fashion,2,Married,6,1,13.0,0.0,3.0,10.0,188.05,953.59,0.0
52696,1,7.0,Mobile Phone,1,26.0,Debit Card,Female,3.0,4,Mobile Phone,3,Married,4,0,12.0,1.0,7.0,8.0,143.74,957.21,0.143
52697,1,5.0,Computer,1,6.0,UPI,Female,4.0,4,Laptop & Accessory,3,Married,5,1,19.0,0.0,1.0,1.0,266.63,1210.19,0.0
52698,1,9.0,Mobile Phone,3,16.0,Debit Card,Male,4.0,4,Mobile Phone,3,Single,4,1,15.0,0.0,2.0,5.0,144.83,760.35,0.0
52699,0,11.0,Mobile Phone,3,17.0,Debit Card,Male,2.0,2,Laptop & Accessory,4,Divorced,8,1,16.0,3.0,3.0,7.0,161.94,878.37,1.0
52700,0,7.0,Phone,1,16.0,E wallet,Female,2.0,4,Grocery,3,Divorced,2,0,15.0,1.0,2.0,1.0,168.25,849.35,0.5
52701,0,48.0,Computer,1,18.0,Credit Card,Male,,1,Mobile Phone,2,Married,3,0,15.0,4.0,7.0,1.0,201.0,1198.8,0.571
52702,0,22.0,Mobile Phone,1,17.0,Debit Card,Female,2.0,4,Mobile Phone,5,Married,3,1,16.0,0.0,1.0,3.0,204.97,951.89,0.0
52703,1,6.0,Mobile Phone,3,7.0,Credit Card,Female,4.0,3,Laptop & Accessory,2,Married,4,1,17.0,2.0,2.0,5.0,227.52,1090.58,1.0
52704,0,4.0,Computer,1,,Debit Card,Male,2.0,3,Fashion,5,Single,4,1,20.0,3.0,5.0,2.0,172.03,1038.71,0.6
52705,0,6.0,Computer,1,17.0,Credit Card,Female,3.0,4,Grocery,5,Married,4,0,19.0,,4.0,7.0,147.44,892.27,0.25
52706,1,18.0,Phone,1,5.0,Debit Card,Male,,3,Fashion,4,Divorced,8,1,25.0,1.0,4.0,21.0,115.34,818.29,0.25
52707,0,18.0,Mobile Phone,1,17.0,E wallet,Female,3.0,3,Mobile Phone,3,Married,5,0,12.0,1.0,2.0,9.0,163.46,807.15,0.5
52708,1,22.0,Mobile Phone,1,18.0,Credit Card,Female,3.0,1,Fashion,5,Married,5,1,13.0,1.0,1.0,,168.57,789.57,1.0
52709,0,5.0,Phone,1,8.0,Credit Card,Female,3.0,3,Laptop & Accessory,5,Divorced,3,0,18.0,1.0,2.0,1.0,228.17,1101.05,0.5
52710,0,13.0,Computer,1,16.0,E wallet,Female,3.0,2,Laptop & Accessory,4,Divorced,1,0,12.0,1.0,1.0,11.0,262.41,1138.16,1.0
52711,0,5.0,Computer,1,14.0,Credit Card,Male,,3,Mobile Phone,1,Married,4,0,16.0,2.0,3.0,,231.52,1142.78,0.667
52712,1,25.0,Mobile Phone,3,9.0,Credit Card,Female,2.0,3,Laptop & Accessory,1,Single,3,1,24.0,2.0,4.0,4.0,168.61,1012.72,0.5
52713,0,5.0,Mobile Phone,1,12.0,Credit Card,Female,3.0,1,Laptop & Accessory,2,Single,5,0,22.0,1.0,1.0,6.0,29.58,333.4,1.0
52714,1,4.0,Mobile Phone,1,34.0,Debit Card,Male,4.0,3,Mobile Phone,2,Divorced,6,0,12.0,1.0,3.0,4.0,158.21,832.2,0.333
52715,1,4.0,Computer,3,12.0,E wallet,Male,,3,Mobile Phone,2,Divorced,9,0,11.0,2.0,,22.0,169.45,821.91,1.0
52716,1,10.0,Phone,3,17.0,E wallet,Male,3.0,3,Fashion,3,Married,5,1,11.0,1.0,1.0,4.0,179.96,816.85,1.0
52717,0,15.0,Mobile Phone,1,5.0,Debit Card,Male,3.0,3,Laptop & Accessory,3,Single,2,0,16.0,9.0,13.0,3.0,215.48,1531.82,0.692
52718,0,14.0,Mobile Phone,2,6.0,UPI,Female,4.0,4,Others,4,Married,5,1,14.0,0.0,2.0,1.0,151.47,777.59,0.0
52719,1,4.0,Phone,1,6.0,Credit Card,Male,3.0,1,Laptop & Accessory,2,Married,4,1,15.0,2.0,6.0,8.0,186.69,1099.42,0.333
52720,1,7.0,Mobile Phone,2,23.0,Credit Card,Male,3.0,4,Mobile Phone,1,Single,8,1,14.0,0.0,1.0,1.0,165.76,786.89,0.0
52721,0,7.0,Computer,3,10.0,Debit Card,Male,3.0,4,Laptop & Accessory,4,Divorced,4,0,14.0,2.0,4.0,5.0,234.7,1183.86,0.5
52722,0,4.0,Phone,1,8.0,Credit Card,Female,4.0,1,Mobile Phone,3,Single,8,0,14.0,0.0,1.0,1.0,202.78,927.56,0.0
52723,0,7.0,Mobile Phone,1,22.0,Credit Card,Female,2.0,3,Others,4,Married,5,0,16.0,,,5.0,187.8,886.64,0.0
52724,0,21.0,Mobile Phone,1,7.0,Debit Card,Male,4.0,3,Fashion,3,Married,6,0,20.0,1.0,1.0,0.0,154.82,793.32,1.0
52725,0,4.0,Computer,1,8.0,Credit Card,Female,3.0,2,Laptop & Accessory,4,Married,2,1,11.0,3.0,4.0,1.0,172.36,922.97,0.75
52726,0,11.0,Mobile Phone,1,12.0,COD,Male,3.0,3,Mobile Phone,4,Married,3,0,14.0,7.0,14.0,,263.78,1744.36,0.5
52727,0,22.0,Mobile Phone,2,10.0,E wallet,Male,3.0,4,Mobile Phone,4,Single,7,0,11.0,2.0,4.0,4.0,179.18,948.88,0.5
52728,1,21.0,Computer,1,16.0,Credit Card,Female,3.0,3,Laptop & Accessory,1,Married,8,0,17.0,0.0,2.0,4.0,122.31,690.78,0.0
52729,0,25.0,Computer,1,10.0,Credit Card,Male,2.0,3,Grocery,5,Single,4,0,14.0,2.0,3.0,0.0,247.24,1186.51,0.667
52730,0,12.0,Computer,1,11.0,Debit Card,Male,2.0,4,Mobile Phone,3,Married,7,1,20.0,1.0,2.0,9.0,245.11,1181.42,0.5
52731,0,13.0,Mobile Phone,1,29.0,COD,Male,3.0,4,Mobile Phone,2,Married,7,0,19.0,0.0,1.0,,137.21,718.4,0.0
52732,0,7.0,Mobile Phone,1,31.0,UPI,Male,3.0,3,Laptop & Accessory,4,Married,5,0,12.0,2.0,3.0,4.0,204.03,1006.31,0.667
52733,0,3.0,Mobile Phone,1,26.0,Credit Card,Male,3.0,3,Laptop & Accessory,3,Single,7,0,17.0,0.0,2.0,15.0,194.35,964.53,0.0
52734,1,9.0,Mobile Phone,2,29.0,Debit Card,Male,1.0,4,Grocery,1,Single,4,0,20.0,1.0,2.0,4.0,85.77,575.93,0.5
52735,0,19.0,Phone,1,15.0,Debit Card,Female,3.0,3,Laptop & Accessory,4,Single,2,1,14.0,0.0,1.0,7.0,191.64,885.23,0.0
52736,0,1.0,Mobile Phone,3,17.0,Debit Card,Male,2.0,4,Mobile Phone,3,Married,8,0,15.0,1.0,1.0,1.0,160.15,773.57,1.0
52737,0,7.0,Phone,1,15.0,Credit Card,Male,2.0,3,Fashion,4,Married,5,0,13.0,1.0,2.0,2.0,210.07,992.27,0.5
52738,0,14.0,Mobile Phone,3,23.0,Debit Card,Male,2.0,3,Laptop & Accessory,4,Married,9,1,15.0,1.0,2.0,5.0,228.69,1079.02,0.5
52739,1,10.0,Mobile Phone,2,15.0,Credit Card,Female,3.0,3,Mobile Phone,1,Married,5,0,17.0,0.0,2.0,4.0,219.57,1060.37,0.0
52740,0,20.0,Computer,1,6.0,Credit Card,Female,2.0,5,Mobile Phone,4,Married,5,0,18.0,2.0,2.0,0.0,89.49,574.06,1.0
52741,1,18.0,Mobile Phone,1,25.0,Debit Card,Female,2.0,4,Others,3,Married,3,1,18.0,3.0,,0.0,240.15,1191.57,1.0
52742,1,3.0,Mobile Phone,1,22.0,E wallet,Male,3.0,3,Fashion,3,Married,4,1,15.0,0.0,1.0,1.0,111.16,587.41,0.0
52743,1,10.0,Mobile Phone,3,26.0,Debit Card,Female,2.0,3,Others,1,Married,5,1,12.0,2.0,7.0,3.0,151.09,985.14,0.286
52744,0,6.0,Mobile Phone,1,8.0,E wallet,Male,3.0,2,Mobile Phone,4,Married,3,0,14.0,1.0,2.0,7.0,158.91,805.86,0.5
52745,0,6.0,Mobile Phone,1,9.0,Debit Card,Female,3.0,4,Laptop & Accessory,4,Married,4,0,20.0,1.0,1.0,2.0,258.38,1186.84,1.0
52746,0,3.0,Mobile Phone,1,9.0,Debit Card,Male,4.0,3,Laptop & Accessory,5,Married,10,1,21.0,1.0,1.0,1.0,175.84,881.19,1.0
52747,1,11.0,Phone,3,14.0,Debit Card,Female,3.0,4,Fashion,3,Married,3,1,15.0,2.0,2.0,4.0,227.35,1073.93,1.0
52748,0,21.0,Computer,1,7.0,COD,Male,5.0,4,Mobile Phone,2,Single,7,0,17.0,2.0,3.0,0.0,161.63,885.19,0.667
52749,1,12.0,Mobile Phone,1,11.0,Credit Card,Male,3.0,1,Mobile Phone,3,Single,1,1,16.0,2.0,4.0,1.0,182.94,1003.17,0.5
52750,1,3.0,Mobile Phone,1,7.0,Credit Card,Female,3.0,4,Grocery,1,Single,5,0,16.0,1.0,4.0,3.0,189.26,1027.19,0.25
52751,0,9.0,Phone,1,9.0,Debit Card,Female,4.0,3,Laptop & Accessory,3,Single,8,0,11.0,2.0,2.0,15.0,188.67,894.95,1.0
52752,0,13.0,Mobile Phone,1,20.0,Credit Card,Male,3.0,3,Mobile Phone,5,Married,6,0,11.0,,2.0,2.0,243.22,1102.24,0.5
52753,0,,Phone,1,28.0,Debit Card,Female,3.0,4,Fashion,2,Divorced,6,0,18.0,1.0,2.0,9.0,152.75,814.45,0.5
52754,0,12.0,Phone,3,5.0,COD,Male,3.0,3,Fashion,3,Married,5,0,16.0,4.0,8.0,17.0,180.98,1175.72,0.5
52755,1,,Mobile Phone,3,15.0,COD,Female,3.0,4,Laptop & Accessory,4,Divorced,7,1,19.0,6.0,8.0,8.0,280.25,1576.95,0.75
52756,1,8.0,Computer,3,,E wallet,Female,2.0,2,Mobile Phone,2,Single,4,1,15.0,0.0,4.0,3.0,292.17,1410.25,0.0
52757,0,8.0,Computer,1,6.0,COD,Male,3.0,3,Laptop & Accessory,3,Married,4,0,11.0,1.0,1.0,8.0,104.52,530.18,1.0
52758,0,,Computer,3,20.0,Debit Card,Male,5.0,6,Mobile Phone,5,Married,2,1,15.0,4.0,7.0,0.0,192.57,1166.77,0.571
52759,1,4.0,Mobile Phone,1,21.0,Debit Card,Male,2.0,4,Mobile Phone,3,Divorced,5,1,19.0,0.0,3.0,9.0,203.36,1059.77,0.0
52760,0,1.0,Phone,1,25.0,Debit Card,Male,4.0,4,Grocery,4,Married,2,0,17.0,2.0,2.0,,170.37,873.41,1.0
52761,1,22.0,Computer,3,13.0,Debit Card,Female,2.0,3,Laptop & Accessory,2,Divorced,5,1,11.0,1.0,2.0,3.0,169.49,822.06,0.5
52762,1,11.0,Mobile Phone,3,29.0,COD,Female,2.0,2,Fashion,4,Married,3,0,12.0,1.0,,6.0,233.83,1074.55,0.5
52763,1,4.0,Computer,1,7.0,Debit Card,Female,3.0,5,Mobile Phone,3,Married,5,0,13.0,1.0,2.0,12.0,245.36,1126.37,0.5
52764,0,17.0,Mobile Phone,3,,E wallet,Male,1.0,2,Mobile Phone,2,Single,5,0,11.0,1.0,2.0,1.0,157.31,775.78,0.5
52765,0,14.0,Mobile Phone,3,,E wallet,Male,3.0,6,Mobile Phone,2,Divorced,5,0,14.0,3.0,6.0,2.0,253.98,1347.12,0.5
52766,1,25.0,Phone,1,24.0,Debit Card,Male,1.0,2,Laptop & Accessory,1,Married,5,0,19.0,2.0,2.0,5.0,99.03,618.31,1.0
52767,0,11.0,Phone,1,8.0,Debit Card,Female,3.0,2,Mobile Phone,5,Divorced,3,0,12.0,1.0,,4.0,164.84,767.39,1.0
52768,1,36.0,Phone,3,7.0,Debit Card,Male,3.0,3,Others,3,Married,3,1,19.0,1.0,1.0,1.0,191.71,925.5,1.0
52769,0,9.0,Computer,1,17.0,Debit Card,Female,4.0,3,Mobile Phone,4,Single,6,0,17.0,0.0,1.0,0.0,151.72,757.54,0.0
52770,0,14.0,Mobile Phone,1,6.0,Credit Card,Male,3.0,4,Grocery,5,Single,9,0,14.0,0.0,2.0,1.0,266.01,1212.84,0.0
52771,1,15.0,Mobile Phone,3,6.0,Credit Card,Female,2.0,5,Mobile Phone,2,Married,3,1,17.0,1.0,1.0,0.0,180.74,867.81,1.0
52772,0,48.0,Computer,1,,Credit Card,Male,3.0,3,Fashion,5,Single,3,1,14.0,0.0,2.0,0.0,111.03,623.91,0.0
52773,0,7.0,Mobile Phone,1,5.0,E wallet,Female,4.0,1,Laptop & Accessory,4,Married,8,0,18.0,3.0,7.0,1.0,179.81,1142.28,0.429
52774,0,7.0,Phone,1,19.0,Debit Card,Male,3.0,4,Fashion,4,Married,2,0,24.0,3.0,8.0,6.0,225.3,1408.14,0.375
52775,0,15.0,Mobile Phone,1,15.0,Debit Card,Female,3.0,4,Fashion,5,Married,4,0,23.0,1.0,1.0,1.0,182.19,921.32,1.0
52776,1,4.0,Mobile Phone,3,8.0,E wallet,Female,3.0,3,Fashion,1,Married,2,1,11.0,0.0,1.0,1.0,209.84,930.39,0.0
52777,0,6.0,Mobile Phone,2,8.0,Debit Card,Male,3.0,2,Fashion,2,Single,4,1,14.0,0.0,,5.0,197.33,906.85,0.0
52778,0,9.0,Mobile Phone,1,25.0,Debit Card,Male,3.0,3,Laptop & Accessory,2,Married,3,0,14.0,1.0,1.0,4.0,158.16,758.01,1.0
52779,0,25.0,Computer,3,13.0,E wallet,Female,3.0,4,Mobile Phone,5,Married,6,0,18.0,1.0,2.0,3.0,245.68,1167.58,0.5
52780,1,15.0,Phone,3,19.0,UPI,Male,2.0,3,Laptop & Accessory,1,Divorced,6,1,19.0,1.0,3.0,5.0,97.52,657.58,0.333
52781,0,10.0,Phone,1,12.0,UPI,Female,4.0,4,Laptop & Accessory,5,Single,6,0,18.0,0.0,1.0,2.0,111.75,613.65,0.0
52782,0,7.0,Mobile Phone,3,8.0,Debit Card,Female,2.0,3,Laptop & Accessory,1,Married,3,0,17.0,1.0,1.0,0.0,84.07,500.47,1.0
52783,0,30.0,Mobile Phone,1,47.0,Credit Card,Male,3.0,4,Laptop & Accessory,4,Divorced,7,0,12.0,0.0,1.0,3.0,198.01,893.44,0.0
52784,0,9.0,Mobile Phone,1,15.0,Debit Card,Male,1.0,2,Mobile Phone,4,Married,3,0,21.0,4.0,4.0,2.0,122.39,813.08,1.0
52785,0,6.0,Mobile Phone,1,7.0,COD,Female,3.0,3,Mobile Phone,5,Divorced,5,1,14.0,0.0,1.0,7.0,123.63,626.79,0.0
52786,0,34.0,Mobile Phone,2,11.0,Debit Card,Female,3.0,3,Laptop & Accessory,3,Divorced,4,0,11.0,0.0,2.0,0.0,111.24,600.71,0.0
52787,0,4.0,Mobile Phone,1,10.0,Debit Card,Female,2.0,4,Mobile Phone,3,Divorced,7,0,11.0,1.0,2.0,7.0,149.58,746.4,0.5
52788,0,21.0,Mobile Phone,2,8.0,UPI,Male,5.0,3,Laptop & Accessory,5,Married,10,0,14.0,2.0,2.0,6.0,123.71,672.1,1.0
52789,1,10.0,Mobile Phone,2,38.0,COD,Female,3.0,5,Laptop & Accessory,5,Married,3,1,,2.0,3.0,2.0,254.91,1255.66,0.667
52790,1,15.0,Mobile Phone,1,31.0,Credit Card,Male,,4,Fashion,1,Single,8,0,12.0,1.0,2.0,4.0,158.11,786.82,0.5
52791,0,14.0,Phone,1,8.0,Debit Card,Female,3.0,3,Laptop & Accessory,4,Single,2,0,,1.0,1.0,3.0,166.29,820.9,1.0
52792,0,15.0,Mobile Phone,1,10.0,Credit Card,Male,2.0,4,Mobile Phone,2,Single,6,0,,1.0,2.0,1.0,194.78,934.16,0.5
52793,0,,Mobile Phone,1,22.0,E wallet,Male,3.0,4,Laptop & Accessory,4,Single,4,0,13.0,4.0,5.0,11.0,158.25,930.35,0.8
52794,1,33.0,Computer,1,8.0,Credit Card,Male,3.0,4,Mobile Phone,4,Single,4,0,11.0,0.0,2.0,1.0,150.24,748.91,0.0
52795,1,6.0,Mobile Phone,1,16.0,Debit Card,Male,3.0,5,Laptop & Accessory,4,Single,4,0,19.0,4.0,9.0,1.0,160.85,1168.23,0.444
52796,0,13.0,Computer,1,19.0,Debit Card,Female,4.0,4,Laptop & Accessory,3,Single,5,0,13.0,3.0,4.0,2.0,209.51,1080.14,0.75
52797,1,2.0,Mobile Phone,1,18.0,UPI,Male,2.0,3,Mobile Phone,2,Single,5,1,17.0,2.0,5.0,6.0,203.09,1132.74,0.4
52798,0,16.0,Computer,1,20.0,Credit Card,Male,3.0,4,Fashion,4,Single,3,0,15.0,3.0,4.0,1.0,178.44,978.07,0.75
52799,0,19.0,Mobile Phone,3,20.0,E wallet,Male,1.0,4,Laptop & Accessory,4,Married,9,0,15.0,0.0,2.0,9.0,66.87,464.11,0.0
52800,1,1.0,Phone,3,45.0,Debit Card,Male,2.0,3,Laptop & Accessory,5,Married,5,1,16.0,0.0,4.0,4.0,157.39,906.08,0.0
52801,0,10.0,Mobile Phone,3,10.0,Credit Card,Male,3.0,3,Laptop & Accessory,3,Married,5,0,18.0,1.0,,,148.96,845.05,0.333
52802,1,15.0,Phone,1,30.0,COD,Male,,5,Mobile Phone,2,Divorced,4,1,19.0,1.0,,4.0,261.48,1190.62,1.0
52803,1,12.0,Mobile Phone,1,5.0,Debit Card,Male,3.0,3,Laptop & Accessory,1,Married,4,0,12.0,1.0,1.0,1.0,169.78,786.16,1.0
52804,0,4.0,Mobile Phone,2,9.0,Credit Card,Male,2.0,4,Laptop & Accessory,5,Single,4,0,12.0,1.0,2.0,1.0,249.46,1133.95,0.5
52805,0,4.0,Phone,3,6.0,Debit Card,Male,5.0,3,Others,3,Married,7,1,23.0,2.0,3.0,1.0,164.44,943.87,0.667
52806,0,9.0,Mobile Phone,1,18.0,Debit Card,Male,3.0,4,Laptop & Accessory,4,Married,5,0,15.0,1.0,,4.0,237.05,1065.79,1.0
52807,0,7.0,Computer,1,6.0,E wallet,Female,2.0,3,Mobile Phone,2,Married,2,0,17.0,1.0,3.0,0.0,161.14,883.33,0.333
52808,1,8.0,Mobile Phone,1,27.0,E wallet,Female,2.0,4,Others,1,Married,5,0,12.0,0.0,1.0,14.0,122.96,608.25,0.0
52809,1,3.0,Mobile Phone,2,17.0,Credit Card,Female,1.0,2,Laptop & Accessory,5,Single,5,1,11.0,2.0,4.0,0.0,153.71,852.1,0.5
52810,0,10.0,Phone,1,5.0,Debit Card,Female,,4,Mobile Phone,5,Married,5,0,13.0,1.0,2.0,12.0,103.82,588.52,0.5
52811,0,25.0,Mobile Phone,1,20.0,Debit Card,Female,3.0,3,Mobile Phone,3,Married,11,0,14.0,1.0,4.0,2.0,196.31,1037.98,0.25
52812,0,4.0,Mobile Phone,3,29.0,UPI,Male,4.0,4,Grocery,3,Married,4,0,16.0,2.0,5.0,,140.16,885.61,0.4
52813,0,8.0,Phone,1,18.0,Debit Card,Male,2.0,3,Grocery,5,Single,5,0,24.0,1.0,1.0,3.0,234.4,1127.72,1.0
52814,0,14.0,Phone,1,5.0,E wallet,Female,3.0,2,Mobile Phone,2,Single,2,0,17.0,,2.0,2.0,202.12,994.06,0.0
52815,1,3.0,Computer,1,28.0,Debit Card,Female,,3,Laptop & Accessory,5,Married,6,0,12.0,0.0,1.0,2.0,145.7,694.66,0.0
52816,1,10.0,Mobile Phone,1,21.0,UPI,Male,3.0,5,Mobile Phone,1,Divorced,6,0,14.0,1.0,1.0,1.0,110.61,577.32,1.0
52817,0,18.0,Mobile Phone,1,11.0,UPI,Male,2.0,4,Others,5,Single,2,1,12.0,0.0,1.0,2.0,127.34,624.89,0.0
52818,0,5.0,Mobile Phone,1,10.0,Debit Card,Female,4.0,3,Laptop & Accessory,4,Married,5,0,,1.0,7.0,5.0,261.35,1396.13,0.143
52819,0,11.0,Mobile Phone,1,13.0,E wallet,Female,3.0,5,Others,3,Single,4,0,15.0,1.0,1.0,4.0,100.57,547.17,1.0
52820,1,18.0,Phone,3,29.0,Debit Card,Male,4.0,4,Fashion,4,Single,4,1,11.0,1.0,3.0,9.0,119.12,675.66,0.333
52821,1,35.0,Mobile Phone,2,8.0,Debit Card,Female,2.0,3,Laptop & Accessory,1,Married,3,1,18.0,0.0,1.0,1.0,49.57,377.37,0.0
52822,1,10.0,Mobile Phone,1,6.0,Credit Card,Female,3.0,4,Fashion,2,Married,6,1,14.0,2.0,3.0,1.0,172.35,901.93,0.667
52823,0,6.0,Mobile Phone,1,29.0,Credit Card,Male,3.0,3,Laptop & Accessory,3,Married,4,0,16.0,2.0,2.0,7.0,191.3,944.94,1.0
52824,0,2.0,Phone,3,5.0,Debit Card,Female,3.0,2,Mobile Phone,4,Married,6,0,14.0,0.0,1.0,7.0,178.39,834.88,0.0
52825,0,6.0,Computer,1,34.0,Credit Card,Female,,4,Laptop & Accessory,2,Married,3,0,,1.0,3.0,6.0,252.57,1238.77,0.333
52826,0,3.0,Phone,1,9.0,Debit Card,Male,5.0,2,Mobile Phone,3,Single,5,0,21.0,,1.0,1.0,172.99,870.36,1.0
52827,1,26.0,Mobile Phone,1,14.0,Debit Card,Female,,3,Mobile Phone,2,Single,3,0,12.0,1.0,1.0,10.0,208.98,935.12,1.0
52828,0,17.0,Phone,1,7.0,Credit Card,Male,2.0,4,Mobile Phone,4,Married,3,0,16.0,3.0,,2.0,271.35,1339.13,0.75
52829,0,4.0,Phone,1,33.0,Credit Card,Female,3.0,5,Mobile Phone,5,Single,2,0,20.0,2.0,2.0,2.0,214.74,1066.01,1.0
52830,1,6.0,Mobile Phone,2,22.0,Credit Card,Female,2.0,2,Mobile Phone,2,Single,4,1,23.0,1.0,2.0,1.0,242.6,1195.88,0.5
52831,1,10.0,Mobile Phone,1,36.0,Credit Card,Male,4.0,3,Others,2,Married,3,1,19.0,1.0,1.0,1.0,180.5,882.9,1.0
52832,0,18.0,Mobile Phone,3,19.0,UPI,Male,3.0,4,Fashion,4,Divorced,11,1,16.0,2.0,2.0,,170.85,867.23,1.0
52833,0,13.0,Mobile Phone,1,7.0,Credit Card,Female,,4,Mobile Phone,3,Single,7,0,17.0,1.0,2.0,3.0,216.16,1047.41,0.5
52834,0,13.0,Computer,3,9.0,Debit Card,Female,1.0,5,Mobile Phone,4,Married,5,1,12.0,3.0,4.0,2.0,165.27,904.03,0.75
52835,1,11.0,Mobile Phone,1,13.0,Credit Card,Male,2.0,1,Laptop & Accessory,3,Single,7,1,11.0,1.0,2.0,1.0,164.95,804.81,0.5
52836,0,4.0,Mobile Phone,1,,Credit Card,Female,1.0,4,Laptop & Accessory,3,Single,6,0,15.0,,5.0,5.0,136.7,864.46,0.6
52837,0,10.0,Computer,1,36.0,Credit Card,Male,2.0,1,Mobile Phone,3,Married,4,0,16.0,0.0,1.0,2.0,195.52,915.98,0.0
52838,0,,Computer,1,11.0,Credit Card,Male,3.0,4,Mobile Phone,3,Married,6,0,15.0,1.0,4.0,5.0,93.26,654.39,0.25
52839,1,3.0,Phone,3,20.0,Debit Card,Female,3.0,2,Mobile Phone,4,Single,7,1,16.0,0.0,1.0,7.0,95.22,534.84,0.0
52840,0,26.0,Mobile Phone,1,44.0,Debit Card,Female,3.0,4,Grocery,5,Divorced,5,0,15.0,3.0,5.0,4.0,216.2,1166.56,0.6
52841,0,6.0,Mobile Phone,1,7.0,Credit Card,Female,3.0,2,Mobile Phone,3,Married,4,0,20.0,1.0,2.0,0.0,192.6,981.88,0.5
52842,0,3.0,Mobile Phone,1,29.0,Debit Card,Male,2.0,4,Mobile Phone,4,Married,3,0,18.0,3.0,4.0,2.0,99.17,700.85,0.75
52843,1,7.0,Mobile Phone,2,12.0,Credit Card,Male,2.0,3,Grocery,2,Married,3,0,11.0,1.0,4.0,0.0,146.87,826.11,0.25
52844,0,8.0,Mobile Phone,1,21.0,Credit Card,Female,3.0,3,Mobile Phone,5,Single,6,0,14.0,0.0,1.0,2.0,154.09,742.54,0.0
52845,0,9.0,Phone,3,9.0,Credit Card,Male,3.0,4,Mobile Phone,3,Married,3,0,15.0,1.0,4.0,8.0,135.95,816.61,0.25
52846,1,8.0,Mobile Phone,3,10.0,Credit Card,Male,3.0,3,Grocery,2,Single,9,1,21.0,1.0,1.0,7.0,232.75,1097.45,1.0
52847,1,10.0,Mobile Phone,3,5.0,Debit Card,Female,2.0,3,Mobile Phone,5,Single,2,0,14.0,3.0,3.0,1.0,218.79,1078.4,1.0
52848,1,11.0,Mobile Phone,1,48.0,COD,Female,3.0,2,Fashion,3,Married,5,1,18.0,1.0,2.0,5.0,171.7,886.46,0.5
52849,0,10.0,Phone,1,25.0,E wallet,Male,4.0,1,Grocery,4,Single,6,0,11.0,1.0,3.0,9.0,272.75,1259.45,0.333
52850,0,13.0,Phone,1,6.0,Credit Card,Male,3.0,3,Mobile Phone,5,Married,6,0,14.0,2.0,4.0,9.0,118.41,741.96,0.5
52851,1,13.0,Phone,3,96.0,Debit Card,Female,2.0,3,Laptop & Accessory,4,Married,8,1,18.0,4.0,5.0,7.0,165.14,996.53,0.8
52852,0,13.0,Mobile Phone,2,16.0,Debit Card,Female,4.0,4,Fashion,3,Married,5,0,18.0,1.0,1.0,1.0,176.17,858.45,1.0
52853,1,15.0,Mobile Phone,1,28.0,Credit Card,Male,2.0,4,Fashion,3,Married,5,1,21.0,1.0,1.0,17.0,152.11,791.02,1.0
52854,0,6.0,Mobile Phone,2,6.0,Debit Card,Male,3.0,2,Laptop & Accessory,5,Divorced,5,1,18.0,1.0,1.0,6.0,53.64,392.83,1.0
52855,1,6.0,Mobile Phone,1,11.0,Debit Card,Male,2.0,3,Mobile Phone,2,Divorced,5,1,19.0,2.0,3.0,5.0,133.09,792.74,0.667
52856,1,18.0,Computer,1,18.0,Debit Card,Female,4.0,4,Mobile Phone,5,Divorced,7,1,14.0,0.0,2.0,11.0,255.41,1172.56,0.0
52857,0,7.0,Computer,1,6.0,Credit Card,Male,3.0,3,Fashion,4,Married,4,0,16.0,1.0,1.0,2.0,194.54,912.25,1.0
52858,0,9.0,Phone,3,13.0,Credit Card,Female,3.0,2,Laptop & Accessory,4,Married,3,1,18.0,0.0,2.0,3.0,218.11,1062.82,0.0
52859,1,8.0,Computer,3,12.0,Credit Card,Male,3.0,3,Mobile Phone,3,Single,5,1,,5.0,10.0,3.0,256.85,1586.03,0.5
52860,0,34.0,Phone,2,8.0,UPI,Male,3.0,3,Mobile Phone,2,Married,6,0,14.0,2.0,2.0,1.0,116.28,643.86,1.0
52861,0,5.0,Mobile Phone,3,,Debit Card,Female,2.0,2,Mobile Phone,3,Married,4,0,16.0,2.0,5.0,2.0,262.29,1349.7,0.4
52862,1,5.0,Computer,1,46.0,Credit Card,Male,3.0,4,Grocery,4,Married,5,1,17.0,0.0,1.0,5.0,155.99,773.76,0.0
52863,0,,Mobile Phone,3,9.0,Debit Card,Female,3.0,3,Others,4,Married,3,0,19.0,2.0,6.0,0.0,209.63,1218.59,0.333
52864,1,9.0,Phone,1,8.0,Credit Card,Male,3.0,5,Laptop & Accessory,4,Married,5,0,17.0,0.0,2.0,3.0,225.93,1084.53,0.0
52865,0,,Mobile Phone,2,14.0,Credit Card,Male,1.0,4,Laptop & Accessory,5,Divorced,5,0,12.0,0.0,2.0,6.0,158.92,789.9,0.0
52866,0,9.0,Mobile Phone,2,18.0,Debit Card,Male,2.0,4,Laptop & Accessory,5,Single,3,1,,1.0,,6.0,172.09,842.94,1.0
52867,0,10.0,Phone,1,20.0,Credit Card,Male,3.0,3,Mobile Phone,3,Married,4,0,23.0,1.0,2.0,11.0,171.5,925.7,0.5
52868,1,7.0,Mobile Phone,1,22.0,E wallet,Male,3.0,3,Mobile Phone,2,Married,2,0,11.0,1.0,2.0,4.0,121.94,641.37,0.5
52869,0,9.0,Mobile Phone,1,5.0,Debit Card,Female,2.0,3,Mobile Phone,3,Single,5,0,23.0,1.0,,1.0,135.7,744.66,1.0
52870,0,6.0,Mobile Phone,3,,Credit Card,Male,2.0,3,Laptop & Accessory,5,Married,6,0,,1.0,1.0,7.0,185.65,862.47,1.0
52871,1,4.0,Mobile Phone,1,23.0,UPI,Female,3.0,5,Laptop & Accessory,3,Married,6,1,13.0,2.0,5.0,,88.79,666.4,0.4
52872,0,7.0,Computer,1,33.0,Credit Card,Male,2.0,2,Laptop & Accessory,3,Married,6,0,14.0,0.0,1.0,8.0,161.73,771.57,0.0
52873,0,5.0,Phone,3,16.0,E wallet,Male,3.0,4,Mobile Phone,4,Married,4,0,15.0,1.0,2.0,1.0,167.44,846.27,0.5
52874,0,3.0,Mobile Phone,1,6.0,E wallet,Male,3.0,4,Mobile Phone,4,Single,4,1,15.0,1.0,4.0,0.0,148.82,865.52,0.25
52875,0,2.0,Mobile Phone,1,11.0,Debit Card,Female,2.0,4,Laptop & Accessory,5,Married,3,1,16.0,3.0,8.0,1.0,238.75,1395.25,0.375
52876,0,11.0,Computer,1,6.0,Debit Card,Male,4.0,3,Laptop & Accessory,3,Single,5,0,11.0,2.0,3.0,1.0,206.8,1008.84,0.667
52877,1,7.0,Mobile Phone,1,22.0,E wallet,Male,2.0,4,Fashion,5,Married,1,0,18.0,0.0,1.0,6.0,180.18,873.68,0.0
52878,0,18.0,Mobile Phone,3,6.0,E wallet,Male,4.0,5,Fashion,3,Single,3,0,21.0,,3.0,3.0,255.75,1274.85,0.0
52879,0,8.0,Mobile Phone,1,7.0,Debit Card,Male,3.0,2,Laptop & Accessory,5,Married,3,0,11.0,1.0,4.0,2.0,186.64,977.23,0.25
52880,1,11.0,Computer,1,11.0,Debit Card,Male,3.0,2,Mobile Phone,3,Married,7,1,16.0,2.0,2.0,0.0,136.16,735.41,1.0
52881,1,6.0,Mobile Phone,1,12.0,Credit Card,Male,4.0,3,Laptop & Accessory,5,Married,6,0,11.0,1.0,2.0,1.0,172.04,831.75,0.5
52882,0,9.0,Mobile Phone,1,11.0,E wallet,Male,,3,Laptop & Accessory,5,Married,9,0,11.0,1.0,2.0,12.0,147.3,737.74,0.5
52883,1,2.0,Mobile Phone,3,12.0,Credit Card,Male,4.0,2,Fashion,4,Married,1,0,,3.0,7.0,1.0,136.47,985.59,0.429
52884,0,7.0,Mobile Phone,3,,UPI,Female,3.0,2,Laptop & Accessory,4,Married,3,0,23.0,4.0,6.0,4.0,194.11,1191.62,0.667
52885,1,5.0,Phone,1,11.0,COD,Female,3.0,1,Mobile Phone,5,Married,6,1,15.0,0.0,1.0,8.0,251.41,1120.36,0.0
52886,0,17.0,Mobile Phone,1,15.0,E wallet,Female,3.0,4,Grocery,3,Single,6,0,19.0,0.0,1.0,2.0,229.27,1068.23,0.0
52887,0,11.0,Mobile Phone,1,9.0,Credit Card,Male,2.0,3,Fashion,3,Divorced,4,0,11.0,2.0,4.0,,166.11,899.22,0.5
52888,0,16.0,Mobile Phone,1,10.0,Credit Card,Male,4.0,4,Mobile Phone,5,Married,2,0,12.0,1.0,2.0,2.0,192.02,915.68,0.5
52889,0,20.0,Mobile Phone,1,16.0,Debit Card,Female,3.0,3,Laptop & Accessory,4,Divorced,4,0,11.0,1.0,,4.0,151.87,800.11,0.333
52890,0,7.0,Computer,3,13.0,Credit Card,Male,3.0,4,Laptop & Accessory,5,Married,2,0,20.0,4.0,7.0,1.0,228.45,1343.11,0.571
52891,0,10.0,Computer,1,20.0,Debit Card,Male,4.0,3,Fashion,4,Single,3,0,20.0,3.0,7.0,4.0,197.01,1223.64,0.429
52892,0,4.0,Mobile Phone,1,15.0,Debit Card,Female,,4,Laptop & Accessory,4,Single,6,0,19.0,0.0,5.0,1.0,172.18,1031.28,0.0
52893,1,12.0,Mobile Phone,1,25.0,Credit Card,Female,2.0,3,Laptop & Accessory,1,Married,7,0,17.0,0.0,,7.0,230.74,1057.81,0.0
52894,1,13.0,Mobile Phone,1,12.0,Credit Card,Female,3.0,2,Laptop & Accessory,3,Single,3,1,11.0,4.0,4.0,3.0,178.19,945.12,1.0
52895,1,12.0,Phone,2,13.0,E wallet,Female,3.0,5,Laptop & Accessory,4,Single,4,1,12.0,2.0,5.0,11.0,142.97,864.29,0.4
52896,0,7.0,Phone,1,18.0,Credit Card,Female,3.0,4,Mobile Phone,3,Single,3,0,25.0,0.0,1.0,4.0,260.48,1234.82,0.0
52897,0,27.0,Mobile Phone,1,8.0,Debit Card,Female,4.0,3,Fashion,3,Single,6,0,11.0,1.0,2.0,8.0,176.53,848.81,0.5
52898,1,10.0,Phone,1,11.0,Credit Card,Male,4.0,5,Others,5,Single,2,1,11.0,0.0,1.0,9.0,147.56,693.73,0.0
52899,0,4.0,Phone,3,17.0,COD,Female,3.0,3,Fashion,3,Married,3,0,15.0,3.0,5.0,3.0,199.04,1101.35,0.6
52900,1,14.0,Computer,1,5.0,E wallet,Female,3.0,3,Laptop & Accessory,2,Married,5,1,20.0,0.0,1.0,6.0,64.73,450.97,0.0
52901,0,18.0,Mobile Phone,3,12.0,Debit Card,Male,3.0,4,Laptop & Accessory,3,Single,8,0,22.0,1.0,3.0,4.0,190.56,1035.13,0.333
52902,0,4.0,Mobile Phone,1,16.0,Credit Card,Male,3.0,3,Laptop & Accessory,3,Married,5,0,17.0,1.0,2.0,0.0,261.3,1218.94,0.5
52903,0,8.0,Mobile Phone,3,46.0,UPI,Male,2.0,3,Laptop & Accessory,5,Single,3,0,17.0,,7.0,6.0,236.65,1350.27,0.286
52904,0,3.0,Computer,2,30.0,Debit Card,Female,3.0,3,Mobile Phone,4,Married,2,0,15.0,2.0,2.0,23.0,228.18,1077.08,1.0
52905,0,20.0,Phone,1,9.0,Debit Card,Male,2.0,3,Grocery,3,Married,5,1,14.0,0.0,1.0,9.0,208.24,948.31,0.0
52906,1,9.0,Phone,3,13.0,Debit Card,Male,3.0,2,Mobile Phone,3,Single,3,0,17.0,2.0,6.0,0.0,235.3,1300.14,0.333
52907,0,5.0,Mobile Phone,2,,Credit Card,Male,3.0,1,Fashion,5,Single,5,0,,0.0,3.0,12.0,159.31,852.38,0.0
52908,0,18.0,Mobile Phone,1,8.0,Credit Card,Female,1.0,5,Mobile Phone,4,Married,6,0,23.0,2.0,3.0,1.0,210.68,1119.58,0.667
52909,1,10.0,Mobile Phone,1,23.0,Debit Card,Female,3.0,3,Mobile Phone,3,Single,4,0,,1.0,3.0,0.0,197.45,973.31,0.333
52910,0,16.0,Phone,1,7.0,Credit Card,Male,1.0,2,Grocery,3,Divorced,5,0,11.0,3.0,5.0,0.0,229.14,1183.73,0.6
52911,1,13.0,Mobile Phone,2,9.0,Debit Card,Male,3.0,4,Fashion,3,Divorced,4,1,15.0,2.0,4.0,2.0,118.34,749.69,0.5
52912,0,5.0,Mobile Phone,2,40.0,Credit Card,Male,,3,Mobile Phone,5,Married,8,0,11.0,1.0,1.0,2.0,198.19,886.12,1.0
52913,0,7.0,Phone,2,26.0,Credit Card,Male,3.0,2,Laptop & Accessory,4,Single,6,0,20.0,2.0,8.0,1.0,192.99,1253.36,0.25
52914,0,5.0,Mobile Phone,2,23.0,Credit Card,Male,3.0,5,Laptop & Accessory,3,Married,5,0,17.0,1.0,1.0,0.0,231.16,1059.41,1.0
52915,0,4.0,Mobile Phone,3,29.0,Debit Card,Male,3.0,5,Fashion,2,Single,5,0,19.0,1.0,2.0,2.0,87.83,575.75,0.5
52916,1,2.0,Mobile Phone,1,22.0,Credit Card,Male,2.0,2,Laptop & Accessory,2,Single,5,0,13.0,0.0,2.0,1.0,171.49,845.66,0.0
52917,0,30.0,Computer,1,7.0,Credit Card,Male,3.0,4,Mobile Phone,3,Divorced,7,0,11.0,1.0,1.0,5.0,154.76,721.09,1.0
52918,0,12.0,Phone,3,14.0,Credit Card,Male,3.0,4,Mobile Phone,3,Single,1,0,17.0,0.0,1.0,2.0,166.31,812.98,0.0
52919,0,13.0,Computer,1,12.0,Credit Card,Female,3.0,4,Fashion,3,Single,3,0,17.0,,1.0,3.0,246.75,1118.65,0.0
52920,0,19.0,Mobile Phone,1,9.0,Credit Card,Male,2.0,3,Laptop & Accessory,5,Divorced,4,0,21.0,2.0,5.0,7.0,295.76,1516.89,0.4
52921,0,7.0,Computer,2,27.0,Debit Card,Male,2.0,3,Laptop & Accessory,5,Single,3,0,16.0,1.0,3.0,2.0,254.15,1228.77,0.333
52922,1,3.0,Computer,1,12.0,Debit Card,Male,2.0,2,Mobile Phone,3,Married,1,1,17.0,1.0,1.0,1.0,178.64,859.83,1.0
52923,1,15.0,Phone,1,6.0,Debit Card,Male,3.0,4,Mobile Phone,3,Divorced,3,1,19.0,4.0,4.0,2.0,127.19,815.32,1.0
52924,0,4.0,Computer,1,9.0,Credit Card,Male,3.0,4,Laptop & Accessory,4,Single,4,0,15.0,1.0,2.0,5.0,205.43,990.63,0.5
52925,0,15.0,Mobile Phone,1,8.0,Credit Card,Male,3.0,4,Others,3,Married,5,0,15.0,0.0,1.0,1.0,268.54,1185.45,0.0
52926,1,3.0,Mobile Phone,3,31.0,E wallet,Female,3.0,2,Fashion,2,Single,6,0,11.0,0.0,2.0,5.0,177.56,852.73,0.0
52927,1,4.0,Mobile Phone,1,18.0,E wallet,Male,4.0,3,Mobile Phone,2,Married,7,0,17.0,0.0,2.0,6.0,267.97,1244.29,0.0
52928,0,6.0,Phone,1,15.0,E wallet,Male,3.0,3,Mobile Phone,3,Married,3,0,12.0,1.0,3.0,5.0,70.42,498.6,0.333
52929,1,15.0,Phone,1,13.0,Debit Card,Female,3.0,4,Laptop & Accessory,1,Married,2,1,20.0,6.0,10.0,2.0,212.9,1419.02,0.6
52930,0,25.0,Phone,1,18.0,Debit Card,Male,1.0,2,Others,5,Married,6,0,17.0,2.0,4.0,5.0,212.09,1121.94,0.5
52931,1,13.0,Mobile Phone,1,22.0,E wallet,Female,3.0,4,Others,3,Single,5,1,11.0,0.0,2.0,8.0,243.5,1103.3,0.0
52932,0,6.0,Mobile Phone,1,15.0,Debit Card,Male,3.0,4,Mobile Phone,1,Married,7,0,13.0,1.0,3.0,2.0,178.83,918.55,0.333
52933,0,17.0,Mobile Phone,1,38.0,Credit Card,Male,3.0,2,Mobile Phone,2,Single,6,0,16.0,3.0,4.0,1.0,147.05,866.79,0.75
52934,0,3.0,Phone,1,50.0,Debit Card,Male,4.0,3,Mobile Phone,3,Married,4,0,11.0,1.0,1.0,14.0,236.33,1031.05,1.0
52935,1,5.0,Mobile Phone,1,69.0,UPI,Male,3.0,3,Mobile Phone,3,Married,3,1,18.0,0.0,1.0,10.0,19.82,264.32,0.0
52936,0,10.0,Computer,2,18.0,Credit Card,Female,4.0,5,Mobile Phone,4,Married,5,1,14.0,1.0,2.0,1.0,120.23,658.87,0.5
52937,1,16.0,Mobile Phone,3,37.0,Debit Card,Male,2.0,3,Mobile Phone,3,Married,7,0,13.0,2.0,4.0,1.0,173.59,943.64,0.5
52938,0,8.0,Mobile Phone,3,11.0,Credit Card,Male,2.0,3,Laptop & Accessory,5,Divorced,6,0,23.0,1.0,2.0,2.0,179.04,954.35,0.5
52939,0,8.0,Computer,1,29.0,Debit Card,Female,2.0,4,Mobile Phone,4,Married,3,0,14.0,0.0,1.0,3.0,254.83,1125.35,0.0
52940,1,8.0,Mobile Phone,1,34.0,COD,Male,3.0,3,Mobile Phone,5,Single,9,1,21.0,2.0,3.0,1.0,244.17,1230.85,0.667
52941,0,19.0,Mobile Phone,2,33.0,Debit Card,Female,3.0,2,Laptop & Accessory,3,Married,5,0,21.0,1.0,,0.0,172.3,957.74,0.333
52942,0,6.0,Mobile Phone,1,26.0,Credit Card,Male,3.0,4,Fashion,3,Married,5,0,21.0,1.0,4.0,8.0,91.08,694.1,0.25
52943,1,5.0,Mobile Phone,2,11.0,Debit Card,Female,3.0,4,Mobile Phone,3,Single,4,0,12.0,1.0,3.0,12.0,176.02,899.88,0.333
52944,0,8.0,Computer,3,7.0,E wallet,Female,2.0,3,Mobile Phone,3,Single,5,0,14.0,2.0,2.0,,161.93,817.33,1.0
52945,0,20.0,Phone,2,10.0,UPI,Male,2.0,1,Laptop & Accessory,2,Divorced,4,0,19.0,0.0,1.0,8.0,134.36,707.57,0.0
52946,1,6.0,Mobile Phone,3,22.0,E wallet,Male,2.0,4,Mobile Phone,5,Single,7,0,,1.0,1.0,3.0,142.3,705.74,1.0
52947,0,8.0,Phone,2,8.0,E wallet,Male,2.0,4,Fashion,5,Married,4,0,14.0,0.0,2.0,1.0,207.89,991.98,0.0
52948,1,3.0,Mobile Phone,2,13.0,Debit Card,Male,2.0,1,Mobile Phone,2,Single,5,1,20.0,1.0,4.0,2.0,159.16,944.81,0.25
52949,0,8.0,Phone,1,15.0,UPI,Male,1.0,4,Mobile Phone,5,Married,4,0,15.0,2.0,4.0,9.0,186.47,1008.59,0.5
52950,0,11.0,Computer,3,16.0,Credit Card,Female,3.0,5,Mobile Phone,4,Single,3,0,,5.0,7.0,1.0,119.89,930.58,0.714
52951,1,4.0,Computer,1,38.0,UPI,Male,3.0,2,Mobile Phone,1,Single,3,0,17.0,1.0,1.0,0.0,184.15,880.77,1.0
52952,1,19.0,Mobile Phone,3,18.0,Credit Card,Male,1.0,3,Laptop & Accessory,3,Married,3,1,14.0,0.0,1.0,15.0,216.16,978.41,0.0
52953,1,11.0,Mobile Phone,1,24.0,Debit Card,Male,3.0,4,Laptop & Accessory,1,Married,3,1,11.0,1.0,3.0,2.0,228.57,1091.57,0.333
52954,1,7.0,Mobile Phone,1,15.0,Credit Card,Male,4.0,3,Mobile Phone,1,Married,4,0,14.0,,2.0,9.0,235.94,1098.57,0.5
52955,0,11.0,Phone,3,27.0,Debit Card,Male,3.0,4,Mobile Phone,2,Single,5,0,18.0,1.0,3.0,4.0,133.18,785.08,0.333
52956,1,13.0,Mobile Phone,1,9.0,Credit Card,Male,5.0,4,Mobile Phone,3,Single,4,1,13.0,2.0,2.0,1.0,233.51,1081.34,1.0
52957,1,2.0,Mobile Phone,3,8.0,Credit Card,Male,3.0,4,Laptop & Accessory,3,Married,4,0,11.0,1.0,2.0,2.0,107.7,587.26,0.5
52958,0,12.0,Computer,1,36.0,Debit Card,Male,4.0,3,Laptop & Accessory,2,Married,3,0,,2.0,3.0,2.0,40.98,418.72,0.667
52959,0,20.0,Mobile Phone,3,19.0,COD,Female,2.0,4,Laptop & Accessory,3,Married,8,0,13.0,0.0,,1.0,173.64,853.83,0.0
52960,1,5.0,Mobile Phone,2,18.0,UPI,Female,2.0,3,Laptop & Accessory,3,Married,2,0,11.0,1.0,1.0,,233.44,1020.07,1.0
52961,0,7.0,Mobile Phone,2,13.0,UPI,Male,3.0,3,Mobile Phone,3,Married,2,0,21.0,0.0,1.0,2.0,119.72,667.94,0.0
52962,0,8.0,Mobile Phone,1,11.0,E wallet,Female,5.0,2,Laptop & Accessory,2,Married,6,0,16.0,0.0,1.0,10.0,142.51,714.54,0.0
52963,1,16.0,Mobile Phone,1,15.0,Credit Card,Male,4.0,5,Mobile Phone,4,Married,3,1,,0.0,1.0,11.0,139.47,718.99,0.0
52964,1,4.0,Mobile Phone,3,7.0,Credit Card,Female,3.0,3,Others,1,Single,7,0,,1.0,3.0,11.0,261.9,1226.22,0.333
52965,0,13.0,Mobile Phone,1,12.0,Debit Card,Male,2.0,4,Laptop & Accessory,3,Married,5,0,15.0,1.0,,5.0,226.57,1160.97,0.25
52966,0,8.0,Mobile Phone,1,12.0,UPI,Female,3.0,2,Grocery,5,Married,4,0,18.0,2.0,4.0,3.0,187.91,1038.06,0.5
52967,0,26.0,Phone,1,14.0,UPI,Female,2.0,4,Mobile Phone,3,Married,4,0,14.0,0.0,1.0,0.0,123.42,626.0,0.0
52968,1,8.0,Mobile Phone,1,17.0,E wallet,Female,2.0,2,Fashion,3,Married,5,0,11.0,1.0,6.0,6.0,145.57,911.17,0.167
52969,1,1.0,Phone,1,43.0,UPI,Female,2.0,1,Laptop & Accessory,1,Single,6,0,14.0,0.0,1.0,0.0,257.95,1137.21,0.0
52970,0,14.0,Mobile Phone,1,18.0,Credit Card,Male,3.0,6,Grocery,4,Single,6,1,15.0,3.0,6.0,1.0,177.9,1066.02,0.5
52971,0,12.0,Mobile Phone,1,31.0,Credit Card,Male,4.0,2,Grocery,5,Single,3,0,18.0,0.0,1.0,8.0,175.83,857.15,0.0
52972,0,11.0,Computer,3,15.0,COD,Female,2.0,3,Grocery,3,Married,5,0,16.0,0.0,1.0,9.0,187.75,886.45,0.0
52973,0,20.0,Mobile Phone,1,17.0,Credit Card,Male,2.0,4,Fashion,3,Married,9,0,14.0,0.0,2.0,3.0,163.71,824.1,0.0
52974,0,2.0,Mobile Phone,3,6.0,Credit Card,Male,2.0,4,Laptop & Accessory,4,Married,2,0,13.0,1.0,2.0,6.0,233.04,1079.55,0.5
52975,0,5.0,Computer,1,7.0,Debit Card,Male,2.0,3,Laptop & Accessory,1,Married,4,0,20.0,2.0,6.0,1.0,177.28,1103.66,0.333
52976,1,9.0,Phone,1,15.0,Credit Card,Female,3.0,4,Grocery,5,Married,3,1,20.0,1.0,3.0,10.0,129.38,786.64,0.333
52977,1,11.0,Mobile Phone,1,11.0,E wallet,Male,,4,Laptop & Accessory,3,Married,5,0,11.0,0.0,5.0,5.0,154.18,898.88,0.0
52978,1,9.0,Mobile Phone,1,24.0,Credit Card,Female,4.0,2,Laptop & Accessory,1,Divorced,6,1,18.0,2.0,5.0,9.0,153.16,951.01,0.4
52979,0,3.0,Phone,1,14.0,Credit Card,Female,3.0,3,Laptop & Accessory,3,Married,5,0,11.0,0.0,2.0,2.0,169.0,820.2,0.0
52980,0,7.0,Computer,3,31.0,Debit Card,Male,2.0,3,Mobile Phone,3,Married,3,0,19.0,2.0,,0.0,182.95,1117.21,0.333
52981,1,25.0,Mobile Phone,1,48.0,Credit Card,Male,3.0,3,Mobile Phone,3,Single,8,1,17.0,0.0,3.0,22.0,131.4,770.32,0.0
52982,1,4.0,Mobile Phone,3,7.0,UPI,Female,2.0,3,Others,4,Married,3,1,20.0,1.0,1.0,6.0,108.75,618.25,1.0
52983,1,9.0,Mobile Phone,1,11.0,Debit Card,Female,2.0,3,Grocery,3,Married,6,1,18.0,0.0,1.0,1.0,187.35,900.93,0.0
52984,0,13.0,Mobile Phone,1,18.0,Debit Card,Male,2.0,3,Mobile Phone,3,Divorced,4,0,11.0,0.0,1.0,5.0,215.49,951.86,0.0
52985,0,16.0,Mobile Phone,1,9.0,Debit Card,Male,,3,Mobile Phone,3,Married,2,0,17.0,2.0,3.0,13.0,172.44,926.27,0.667
52986,1,14.0,Mobile Phone,3,9.0,UPI,Male,3.0,3,Mobile Phone,4,Single,5,0,20.0,,1.0,10.0,167.76,842.49,1.0
52987,0,7.0,Mobile Phone,1,25.0,Credit Card,Male,3.0,2,Laptop & Accessory,3,Married,1,0,21.0,5.0,7.0,13.0,181.24,1171.71,0.714
52988,0,5.0,Mobile Phone,3,52.0,COD,Male,3.0,4,Fashion,1,Divorced,4,0,11.0,3.0,6.0,1.0,169.16,1000.81,0.5
52989,0,26.0,Computer,1,23.0,Credit Card,Female,3.0,4,Mobile Phone,3,Married,2,0,13.0,2.0,4.0,,148.15,846.97,0.5
52990,0,16.0,Mobile Phone,1,14.0,Credit Card,Female,3.0,3,Mobile Phone,3,Single,5,0,20.0,2.0,5.0,10.0,145.16,936.61,0.4
52991,0,10.0,Mobile Phone,1,12.0,E wallet,Female,2.0,2,Laptop & Accessory,5,Married,6,1,16.0,3.0,5.0,1.0,194.77,1093.13,0.6
52992,0,22.0,Mobile Phone,3,14.0,Debit Card,Male,3.0,4,Mobile Phone,3,Single,5,0,19.0,1.0,1.0,6.0,141.25,733.75,1.0
52993,0,3.0,Computer,2,12.0,Credit Card,Male,3.0,5,Mobile Phone,2,Divorced,4,0,16.0,0.0,1.0,5.0,92.3,523.74,0.0
52994,0,3.0,Phone,1,13.0,Credit Card,Male,1.0,1,Laptop & Accessory,5,Married,6,0,11.0,0.0,3.0,5.0,183.48,920.22,0.0
52995,1,1.0,Phone,3,8.0,Debit Card,Female,3.0,1,Grocery,2,Married,2,0,17.0,1.0,1.0,4.0,195.69,924.62,1.0
52996,1,10.0,Mobile Phone,1,33.0,Debit Card,Male,3.0,2,Laptop & Accessory,4,Single,5,1,21.0,1.0,3.0,1.0,243.58,1228.6,0.333
52997,0,11.0,Computer,3,22.0,Debit Card,Female,4.0,4,Mobile Phone,4,Divorced,8,0,14.0,1.0,3.0,1.0,164.12,870.66,0.333
52998,1,3.0,Mobile Phone,3,19.0,Debit Card,Female,,5,Fashion,3,Single,6,1,16.0,1.0,5.0,1.0,145.09,904.34,0.2
52999,0,16.0,Mobile Phone,2,41.0,Debit Card,Female,1.0,4,Fashion,3,Married,4,0,11.0,0.0,,11.0,171.09,783.14,0.0
53000,1,2.0,Phone,3,9.0,E wallet,Male,2.0,3,Fashion,5,Single,2,0,13.0,4.0,6.0,1.0,167.28,1009.66,0.667
53001,1,12.0,Computer,1,6.0,Debit Card,Female,4.0,4,Grocery,3,Single,6,1,16.0,1.0,1.0,3.0,183.76,871.29,1.0
53002,0,14.0,Phone,2,26.0,Debit Card,Male,3.0,3,Laptop & Accessory,3,Divorced,4,0,15.0,3.0,6.0,3.0,81.44,699.47,0.5
53003,0,10.0,Computer,1,82.0,Debit Card,Female,4.0,4,Grocery,3,Single,3,0,14.0,0.0,1.0,12.0,140.78,691.96,0.0
53004,0,3.0,Computer,1,15.0,Credit Card,Male,3.0,3,Laptop & Accessory,3,Single,6,0,11.0,0.0,1.0,1.0,162.72,751.34,0.0
53005,0,20.0,Mobile Phone,1,6.0,Credit Card,Male,3.0,3,Laptop & Accessory,3,Divorced,6,0,11.0,2.0,3.0,3.0,227.89,1088.98,0.667
53006,0,,Mobile Phone,1,23.0,UPI,Male,,3,Laptop & Accessory,1,Married,6,0,23.0,2.0,6.0,7.0,237.39,1356.08,0.333
53007,1,7.0,Mobile Phone,1,6.0,E wallet,Male,4.0,4,Grocery,1,Married,7,0,19.0,,2.0,0.0,191.94,971.37,0.5
53008,1,6.0,Computer,1,14.0,Debit Card,Female,4.0,4,Mobile Phone,3,Single,6,1,17.0,1.0,1.0,6.0,152.6,760.88,1.0
53009,1,15.0,Mobile Phone,1,9.0,Debit Card,Male,3.0,3,Laptop & Accessory,3,Married,3,1,13.0,3.0,5.0,0.0,196.34,1075.09,0.6
53010,0,6.0,Computer,1,35.0,Debit Card,Female,3.0,2,Laptop & Accessory,2,Married,4,0,12.0,,2.0,3.0,233.48,1073.22,1.0
53011,1,4.0,Mobile Phone,3,12.0,COD,Male,3.0,1,Laptop & Accessory,1,Single,6,1,15.0,1.0,2.0,1.0,121.98,673.52,0.5
53012,0,17.0,Mobile Phone,1,32.0,Credit Card,Male,1.0,3,Mobile Phone,2,Married,2,0,11.0,1.0,1.0,2.0,153.26,715.39,1.0
53013,0,9.0,Mobile Phone,2,9.0,Debit Card,Male,4.0,3,Laptop & Accessory,3,Married,3,0,16.0,1.0,,0.0,135.03,686.11,1.0
53014,0,18.0,Mobile Phone,1,,Debit Card,Male,3.0,3,Mobile Phone,3,Married,6,0,14.0,0.0,3.0,8.0,261.79,1241.8,0.0
53015,0,10.0,Computer,1,40.0,Credit Card,Female,3.0,2,Fashion,2,Married,7,0,18.0,1.0,2.0,1.0,151.36,809.17,0.5
53016,0,5.0,Mobile Phone,1,8.0,Debit Card,Male,3.0,4,Mobile Phone,4,Married,4,0,11.0,1.0,1.0,1.0,67.04,387.75,1.0
53017,1,2.0,Mobile Phone,1,15.0,E wallet,Female,3.0,4,Fashion,2,Married,4,0,16.0,0.0,9.0,,198.44,1287.07,0.0
53018,0,10.0,Mobile Phone,1,11.0,Credit Card,Male,2.0,3,Laptop & Accessory,2,Married,5,0,15.0,0.0,1.0,0.0,227.53,1029.61,0.0
53019,0,8.0,Mobile Phone,1,23.0,Credit Card,Male,4.0,3,Laptop & Accessory,5,Married,3,0,17.0,1.0,1.0,11.0,84.51,502.14,1.0
53020,0,15.0,Mobile Phone,1,7.0,Credit Card,Male,5.0,2,Fashion,3,Married,4,0,12.0,7.0,9.0,2.0,205.38,1281.44,0.778
53021,0,6.0,Mobile Phone,1,,Debit Card,Female,3.0,3,Fashion,2,Divorced,6,0,12.0,1.0,1.0,3.0,100.46,522.75,1.0
53022,0,,Computer,3,19.0,Credit Card,Female,3.0,4,Mobile Phone,5,Married,4,0,11.0,1.0,1.0,9.0,168.94,774.97,1.0
53023,0,9.0,Mobile Phone,1,11.0,E wallet,Male,3.0,4,Fashion,2,Married,6,0,11.0,1.0,2.0,4.0,223.55,1027.49,0.5
53024,0,5.0,Mobile Phone,1,6.0,Debit Card,Male,3.0,2,Mobile Phone,5,Married,3,0,21.0,,1.0,0.0,218.15,1041.97,0.0
53025,0,7.0,Phone,2,20.0,Credit Card,Female,4.0,4,Laptop & Accessory,1,Single,6,0,23.0,,4.0,7.0,239.23,1273.07,1.0
53026,0,3.0,Mobile Phone,1,13.0,E wallet,Female,2.0,4,Mobile Phone,5,Married,5,0,,1.0,1.0,11.0,150.89,746.38,1.0
53027,1,27.0,Mobile Phone,3,5.0,Debit Card,Male,2.0,3,Laptop & Accessory,2,Divorced,2,0,19.0,0.0,4.0,7.0,183.2,1028.16,0.0
53028,0,12.0,Mobile Phone,1,,Credit Card,Female,4.0,4,Mobile Phone,5,Single,3,0,12.0,0.0,2.0,1.0,183.95,885.01,0.0
53029,0,3.0,Mobile Phone,1,35.0,Debit Card,Male,2.0,2,Laptop & Accessory,4,Married,7,0,14.0,2.0,4.0,,133.51,799.34,0.5
53030,1,26.0,Phone,1,6.0,E wallet,Male,3.0,3,Laptop & Accessory,2,Single,2,1,15.0,1.0,3.0,2.0,166.08,886.1,0.333
53031,1,4.0,Mobile Phone,1,16.0,Debit Card,Female,2.0,4,Grocery,5,Married,5,0,14.0,1.0,4.0,4.0,175.69,959.62,0.25
53032,0,6.0,Phone,1,21.0,Credit Card,Female,4.0,5,Laptop & Accessory,3,Married,2,0,18.0,1.0,2.0,8.0,225.23,1089.87,0.5
53033,0,8.0,Computer,3,6.0,Debit Card,Female,3.0,2,Laptop & Accessory,4,Married,5,1,17.0,2.0,2.0,2.0,189.38,945.64,1.0
53034,0,10.0,Mobile Phone,1,5.0,Debit Card,Male,4.0,3,Others,4,Single,4,0,18.0,1.0,2.0,4.0,224.33,1086.45,0.5
53035,0,15.0,Mobile Phone,1,12.0,E wallet,Male,4.0,5,Mobile Phone,4,Married,3,0,22.0,1.0,4.0,0.0,216.16,1177.41,0.25
53036,0,2.0,Mobile Phone,1,24.0,Credit Card,Female,2.0,3,Mobile Phone,3,Single,4,0,11.0,,2.0,2.0,89.27,517.23,0.5
53037,0,10.0,Mobile Phone,1,7.0,UPI,Female,3.0,4,Fashion,5,Married,9,0,11.0,0.0,1.0,4.0,182.84,827.79,0.0
53038,0,,Computer,1,27.0,Credit Card,Female,3.0,1,Mobile Phone,3,Married,6,0,15.0,1.0,4.0,21.0,198.88,1055.74,0.25
53039,1,11.0,Phone,1,18.0,Credit Card,Male,4.0,1,Laptop & Accessory,1,Married,5,1,16.0,1.0,2.0,,191.45,945.51,0.5
53040,1,7.0,Mobile Phone,1,10.0,E wallet,Male,2.0,3,Mobile Phone,1,Single,5,0,20.0,0.0,2.0,1.0,189.45,969.91,0.0
53041,0,7.0,Mobile Phone,1,14.0,Debit Card,Male,4.0,4,Fashion,4,Married,3,0,16.0,1.0,1.0,10.0,123.49,642.26,1.0
53042,1,9.0,Mobile Phone,1,45.0,Debit Card,Male,2.0,2,Grocery,5,Married,4,1,12.0,0.0,2.0,4.0,160.07,794.27,0.0
53043,1,25.0,Phone,1,8.0,Debit Card,Male,4.0,3,Laptop & Accessory,4,Married,4,0,11.0,,5.0,25.0,206.27,1096.83,0.6
53044,1,7.0,Phone,1,13.0,Debit Card,Male,3.0,2,Laptop & Accessory,3,Married,6,1,14.0,3.0,3.0,1.0,183.09,942.74,1.0
53045,0,19.0,Phone,1,17.0,Debit Card,Female,3.0,3,Laptop & Accessory,2,Married,6,0,18.0,0.0,1.0,1.0,252.79,1149.6,0.0
53046,0,10.0,Mobile Phone,1,7.0,COD,Female,3.0,3,Mobile Phone,3,Divorced,5,0,12.0,2.0,2.0,2.0,246.68,1123.38,1.0
53047,0,10.0,Phone,2,6.0,E wallet,Female,2.0,3,Laptop & Accessory,2,Married,8,0,17.0,4.0,7.0,4.0,231.39,1330.28,0.571
53048,0,11.0,Mobile Phone,3,,UPI,Female,3.0,3,Grocery,3,Married,4,0,20.0,1.0,1.0,0.0,198.6,959.68,1.0
53049,0,13.0,Mobile Phone,3,10.0,COD,Male,3.0,3,Others,4,Divorced,4,0,11.0,2.0,5.0,2.0,121.67,775.35,0.4
53050,0,7.0,Mobile Phone,3,6.0,Credit Card,Female,3.0,4,Mobile Phone,3,Married,5,0,21.0,0.0,2.0,0.0,122.4,723.12,0.0
53051,0,18.0,Mobile Phone,3,25.0,Debit Card,Female,3.0,2,Others,3,Married,3,0,21.0,2.0,2.0,5.0,135.38,772.44,1.0
53052,0,13.0,Phone,3,,Credit Card,Female,3.0,3,Laptop & Accessory,3,Married,3,0,11.0,7.0,,2.0,141.91,1032.26,0.778
53053,0,4.0,Computer,3,6.0,UPI,Male,3.0,3,Fashion,3,Divorced,2,0,21.0,2.0,3.0,16.0,233.26,1189.39,0.667
53054,0,1.0,Mobile Phone,3,12.0,Credit Card,Male,4.0,3,Mobile Phone,4,Married,6,0,16.0,0.0,1.0,0.0,173.12,830.86,0.0
53055,1,25.0,Computer,2,5.0,Credit Card,Female,3.0,4,Laptop & Accessory,4,Married,5,1,17.0,0.0,1.0,10.0,231.76,1061.69,0.0
53056,0,11.0,Mobile Phone,1,7.0,Debit Card,Female,1.0,5,Laptop & Accessory,4,Single,3,0,11.0,1.0,5.0,0.0,192.78,1045.56,0.2
53057,1,3.0,Phone,1,10.0,Credit Card,Female,4.0,3,Mobile Phone,1,Single,2,0,,1.0,3.0,5.0,128.59,735.64,0.333
53058,0,7.0,Computer,3,11.0,Credit Card,Female,5.0,4,Fashion,5,Married,3,0,14.0,0.0,1.0,13.0,225.59,1014.24,0.0
53059,0,,Mobile Phone,1,39.0,Debit Card,Male,4.0,4,Grocery,4,Single,4,0,19.0,2.0,2.0,6.0,189.24,961.11,1.0
53060,0,8.0,Computer,3,11.0,UPI,Female,4.0,4,Mobile Phone,5,Single,5,1,14.0,1.0,2.0,0.0,271.78,1234.76,0.5
53061,1,9.0,Mobile Phone,1,13.0,Debit Card,Female,3.0,4,Fashion,5,Divorced,2,0,13.0,3.0,4.0,5.0,192.72,1016.34,0.75
53062,1,15.0,Mobile Phone,1,8.0,COD,Female,2.0,3,Laptop & Accessory,3,Divorced,3,1,11.0,1.0,1.0,2.0,117.82,580.72,1.0
53063,0,12.0,Phone,2,5.0,Debit Card,Female,3.0,6,Fashion,5,Single,7,0,,1.0,2.0,6.0,175.36,876.37,0.5
53064,1,13.0,Computer,3,33.0,COD,Male,,5,Mobile Phone,3,Married,4,1,16.0,1.0,1.0,3.0,129.39,664.68,1.0
53065,0,15.0,Computer,1,6.0,Credit Card,Female,2.0,3,Laptop & Accessory,2,Divorced,5,0,18.0,1.0,1.0,4.0,107.31,596.78,1.0
53066,1,6.0,Phone,3,45.0,E wallet,Male,2.0,3,Grocery,1,Married,7,1,12.0,2.0,4.0,,108.32,687.62,0.5
53067,1,6.0,Mobile Phone,3,7.0,Debit Card,Female,3.0,4,Mobile Phone,3,Single,8,1,13.0,1.0,2.0,1.0,204.52,971.18,0.5
53068,0,5.0,Mobile Phone,1,16.0,Credit Card,Female,3.0,3,Fashion,4,Single,6,0,21.0,1.0,2.0,2.0,177.97,934.29,0.5
53069,1,6.0,Computer,1,94.0,UPI,Female,2.0,4,Mobile Phone,5,Single,3,1,19.0,1.0,1.0,3.0,77.22,490.44,1.0
53070,0,9.0,Mobile Phone,1,7.0,Debit Card,Female,3.0,3,Grocery,3,Married,1,0,19.0,6.0,8.0,10.0,144.27,1060.23,0.75
53071,1,9.0,Phone,1,12.0,Debit Card,Male,,1,Laptop & Accessory,4,Married,5,1,11.0,1.0,2.0,,243.13,1101.89,0.5
53072,0,21.0,Mobile Phone,1,23.0,Debit Card,Male,2.0,4,Mobile Phone,5,Married,10,0,12.0,1.0,2.0,5.0,191.01,911.84,0.5
53073,1,11.0,Phone,1,5.0,Debit Card,Female,4.0,5,Laptop & Accessory,3,Married,2,1,16.0,3.0,,2.0,92.54,929.65,0.3
53074,1,9.0,Mobile Phone,1,19.0,Debit Card,Male,3.0,1,Laptop & Accessory,2,Married,3,1,16.0,2.0,4.0,1.0,140.82,843.12,0.5
53075,1,4.0,Computer,3,6.0,Credit Card,Male,2.0,4,Laptop & Accessory,5,Single,2,0,13.0,1.0,2.0,3.0,211.37,997.21,0.5
53076,0,8.0,Phone,1,8.0,Debit Card,Female,2.0,3,Mobile Phone,4,Married,9,0,18.0,1.0,2.0,1.0,144.52,783.18,0.5
53077,0,26.0,Computer,1,7.0,Credit Card,Male,3.0,3,Fashion,4,Married,5,0,16.0,1.0,2.0,0.0,175.45,884.71,0.5
53078,1,26.0,Mobile Phone,1,34.0,UPI,Male,,3,Mobile Phone,4,Married,4,0,17.0,0.0,2.0,1.0,132.76,730.49,0.0
53079,0,8.0,Phone,3,7.0,Credit Card,Male,4.0,3,Mobile Phone,1,Single,4,0,14.0,1.0,3.0,0.0,247.98,1189.32,0.333
53080,1,2.0,Phone,3,5.0,Debit Card,Male,3.0,3,Grocery,2,Single,6,1,13.0,5.0,9.0,0.0,109.23,924.07,0.556
53081,0,7.0,Phone,1,16.0,Credit Card,Male,4.0,4,Fashion,3,Married,4,0,18.0,1.0,4.0,6.0,76.01,612.84,0.25
53082,0,21.0,Computer,3,10.0,Credit Card,Male,3.0,4,Laptop & Accessory,3,Married,5,0,17.0,0.0,3.0,5.0,205.18,1050.68,0.0
53083,0,9.0,Mobile Phone,3,11.0,Debit Card,Female,3.0,3,Laptop & Accessory,5,Married,4,1,11.0,1.0,1.0,1.0,173.21,791.2,1.0
53084,0,15.0,Mobile Phone,2,7.0,Debit Card,Male,2.0,4,Laptop & Accessory,4,Married,3,0,16.0,0.0,1.0,0.0,275.6,1220.28,0.0
53085,1,9.0,Mobile Phone,2,22.0,UPI,Male,3.0,5,Laptop & Accessory,1,Married,2,0,14.0,0.0,1.0,0.0,207.03,943.71,0.0
53086,0,3.0,Mobile Phone,1,16.0,E wallet,Male,3.0,2,Laptop & Accessory,3,Single,3,0,13.0,1.0,1.0,6.0,189.73,869.97,1.0
53087,1,10.0,Computer,1,10.0,Debit Card,Female,3.0,3,Fashion,3,Divorced,5,1,15.0,1.0,5.0,2.0,178.79,1024.4,0.2
53088,1,16.0,Mobile Phone,1,7.0,Credit Card,Male,4.0,4,Laptop & Accessory,2,Single,5,1,14.0,3.0,4.0,3.0,154.37,878.61,0.75
53089,0,6.0,Mobile Phone,1,16.0,Debit Card,Male,3.0,4,Mobile Phone,1,Single,2,0,15.0,2.0,4.0,0.0,136.76,819.69,0.5
53090,0,16.0,Mobile Phone,1,23.0,COD,Female,4.0,5,Mobile Phone,3,Single,3,0,21.0,0.0,1.0,7.0,146.09,768.14,0.0
53091,1,10.0,Mobile Phone,3,9.0,COD,Male,3.0,1,Mobile Phone,3,Divorced,2,0,17.0,1.0,3.0,2.0,217.72,1098.34,0.333
53092,0,15.0,Mobile Phone,1,5.0,Debit Card,Male,2.0,4,Grocery,5,Single,7,1,19.0,1.0,2.0,2.0,149.0,808.2,0.5
53093,0,12.0,Mobile Phone,3,8.0,Debit Card,Female,3.0,4,Others,5,Divorced,5,0,13.0,1.0,3.0,3.0,239.17,1147.85,0.333
53094,0,5.0,Mobile Phone,1,19.0,Credit Card,Male,2.0,4,Mobile Phone,3,Single,3,0,13.0,1.0,4.0,10.0,206.14,1067.33,0.25
53095,0,8.0,Mobile Phone,1,59.0,Credit Card,Male,3.0,3,Mobile Phone,3,Single,2,0,18.0,1.0,1.0,8.0,91.31,535.98,1.0
53096,0,7.0,Computer,1,5.0,Debit Card,Male,3.0,2,Mobile Phone,4,Married,3,0,11.0,1.0,1.0,2.0,176.94,805.37,1.0
53097,0,6.0,Mobile Phone,1,9.0,Credit Card,Female,2.0,3,Mobile Phone,2,Married,5,0,,0.0,1.0,0.0,104.43,537.83,0.0
53098,0,11.0,Mobile Phone,3,6.0,Debit Card,Female,3.0,3,Mobile Phone,3,Married,1,0,17.0,1.0,2.0,4.0,168.9,867.82,0.5
53099,0,29.0,Computer,3,10.0,Credit Card,Male,2.0,3,Fashion,1,Single,4,0,17.0,2.0,3.0,,197.7,1022.26,0.667
53100,1,18.0,Phone,1,11.0,Credit Card,Male,2.0,4,Mobile Phone,1,Divorced,4,0,14.0,0.0,1.0,2.0,131.17,655.45,0.0
53101,1,20.0,Computer,3,35.0,E wallet,Male,4.0,3,Others,2,Single,6,0,16.0,1.0,1.0,10.0,215.82,993.12,1.0
53102,0,,Computer,2,6.0,Credit Card,Female,3.0,3,Laptop & Accessory,4,Married,2,0,13.0,2.0,2.0,6.0,69.54,458.25,1.0
53103,0,20.0,Mobile Phone,1,23.0,Credit Card,Male,3.0,3,Mobile Phone,2,Married,5,0,20.0,1.0,1.0,2.0,128.2,692.16,1.0
53104,0,24.0,Phone,2,11.0,E wallet,Male,3.0,2,Mobile Phone,2,Single,9,0,20.0,0.0,2.0,5.0,229.91,1123.66,0.0
53105,0,6.0,Mobile Phone,1,25.0,Credit Card,Female,3.0,1,Fashion,4,Married,3,0,11.0,1.0,1.0,1.0,191.24,859.71,1.0
53106,0,13.0,Mobile Phone,1,14.0,Debit Card,Male,1.0,3,Laptop & Accessory,4,Married,5,1,11.0,1.0,1.0,,140.93,668.53,1.0
53107,0,13.0,Computer,3,5.0,Debit Card,Male,3.0,4,Mobile Phone,1,Divorced,5,0,22.0,1.0,1.0,0.0,160.05,829.19,1.0
53108,0,8.0,Mobile Phone,1,40.0,Debit Card,Female,3.0,4,Mobile Phone,4,Married,6,0,14.0,2.0,2.0,5.0,213.99,1015.16,1.0
53109,1,11.0,Phone,1,6.0,Debit Card,Female,4.0,3,Mobile Phone,4,Married,7,1,19.0,0.0,1.0,10.0,146.07,752.07,0.0
53110,0,13.0,Phone,1,16.0,E wallet,Female,3.0,4,Mobile Phone,3,Married,2,0,13.0,1.0,1.0,4.0,162.77,767.53,1.0
53111,0,8.0,Mobile Phone,3,30.0,Debit Card,Female,2.0,2,Mobile Phone,5,Married,4,0,14.0,1.0,1.0,2.0,191.43,884.43,1.0
53112,1,18.0,Computer,3,6.0,Debit Card,Male,3.0,5,Fashion,1,Married,4,1,14.0,,6.0,4.0,227.89,1247.98,0.333
53113,1,4.0,Mobile Phone,1,15.0,E wallet,Male,3.0,5,Mobile Phone,3,Single,3,1,17.0,0.0,5.0,2.0,171.74,1013.61,0.0
53114,0,7.0,Mobile Phone,1,26.0,Credit Card,Male,1.0,3,Grocery,2,Single,4,0,16.0,1.0,5.0,2.0,148.01,915.44,0.2
53115,0,15.0,Computer,1,57.0,Credit Card,Male,4.0,2,Fashion,3,Married,4,0,11.0,1.0,2.0,0.0,185.69,883.62,0.5
53116,0,27.0,Mobile Phone,3,20.0,Debit Card,Male,2.0,3,Laptop & Accessory,2,Married,4,0,13.0,3.0,5.0,1.0,206.61,1114.12,0.6
53117,1,18.0,Phone,1,9.0,Debit Card,Male,1.0,2,Mobile Phone,4,Single,3,1,,2.0,,10.0,254.4,1430.72,0.25
53118,1,,Mobile Phone,3,19.0,Credit Card,Male,1.0,4,Laptop & Accessory,3,Married,2,1,15.0,,,1.0,226.61,1341.12,0.5
53119,0,9.0,Mobile Phone,3,20.0,UPI,Male,3.0,2,Mobile Phone,5,Divorced,5,1,17.0,0.0,1.0,5.0,119.77,636.13,0.0
53120,0,8.0,Computer,2,19.0,Debit Card,Male,3.0,3,Mobile Phone,4,Single,2,0,15.0,2.0,5.0,4.0,153.48,928.22,0.4
53121,0,8.0,Phone,1,28.0,Credit Card,Male,2.0,3,Fashion,5,Married,4,1,11.0,1.0,1.0,1.0,145.07,684.27,1.0
53122,1,2.0,Mobile Phone,1,6.0,COD,Female,4.0,2,Laptop & Accessory,2,Single,1,0,17.0,1.0,2.0,7.0,176.8,897.84,0.5
53123,1,26.0,Mobile Phone,1,6.0,Credit Card,Male,2.0,3,Mobile Phone,3,Married,10,1,14.0,1.0,3.0,3.0,204.44,1023.87,0.333
53124,0,9.0,Computer,1,17.0,Credit Card,Male,3.0,1,Laptop & Accessory,3,Married,5,0,20.0,1.0,4.0,7.0,194.16,1077.81,0.25
53125,0,5.0,Mobile Phone,2,42.0,E wallet,Female,2.0,4,Grocery,5,Married,3,0,15.0,6.0,6.0,0.0,108.76,803.29,1.0
53126,0,12.0,Computer,1,13.0,E wallet,Female,4.0,3,Mobile Phone,2,Single,5,0,13.0,5.0,8.0,1.0,276.68,1515.38,0.625
53127,0,6.0,Mobile Phone,1,,Credit Card,Male,3.0,4,Mobile Phone,5,Married,6,0,13.0,,4.0,,107.81,693.68,0.0
53128,1,17.0,Phone,3,38.0,UPI,Male,3.0,4,Mobile Phone,1,Married,5,0,18.0,0.0,1.0,3.0,173.46,848.15,0.0
53129,1,5.0,Computer,1,33.0,Credit Card,Female,1.0,2,Laptop & Accessory,5,Single,7,1,11.0,1.0,2.0,4.0,237.54,1080.65,0.5
53130,1,15.0,Mobile Phone,1,34.0,E wallet,Male,3.0,3,Grocery,3,Single,4,1,12.0,0.0,1.0,7.0,152.63,720.99,0.0
53131,1,8.0,Phone,3,32.0,COD,Male,3.0,3,Mobile Phone,3,Married,1,1,14.0,3.0,5.0,,110.74,757.81,0.6
53132,0,11.0,Phone,1,26.0,Credit Card,Female,3.0,5,Mobile Phone,5,Single,3,0,18.0,1.0,2.0,2.0,177.46,908.35,0.5
53133,0,16.0,Phone,2,19.0,Credit Card,Male,3.0,3,Mobile Phone,5,Married,5,0,16.0,1.0,5.0,10.0,195.48,1095.82,0.2
53134,1,6.0,Mobile Phone,3,5.0,Credit Card,Male,4.0,3,Grocery,5,Single,6,0,15.0,4.0,9.0,1.0,221.62,1367.16,0.444
53135,0,16.0,Phone,2,7.0,E wallet,Male,1.0,4,Laptop & Accessory,4,Single,8,0,18.0,0.0,1.0,0.0,196.61,936.12,0.0
53136,1,2.0,Phone,1,7.0,E wallet,Male,3.0,4,Mobile Phone,5,Married,3,0,12.0,0.0,1.0,4.0,181.12,829.26,0.0
53137,1,23.0,Computer,1,5.0,Debit Card,Female,3.0,5,Fashion,4,Married,8,1,18.0,0.0,1.0,5.0,197.62,939.96,0.0
53138,1,17.0,Phone,1,6.0,E wallet,Male,3.0,3,Laptop & Accessory,5,Single,3,0,19.0,3.0,3.0,2.0,189.38,1006.64,1.0
53139,0,9.0,Mobile Phone,1,35.0,E wallet,Male,2.0,2,Mobile Phone,4,Married,6,0,21.0,4.0,4.0,1.0,140.61,882.32,1.0
53140,0,19.0,Computer,3,18.0,E wallet,Female,2.0,4,Mobile Phone,4,Married,8,1,26.0,1.0,4.0,0.0,152.73,968.37,0.25
53141,0,18.0,Mobile Phone,2,9.0,E wallet,Male,3.0,2,Laptop & Accessory,4,Married,8,0,18.0,2.0,4.0,3.0,96.12,689.26,0.5
53142,0,9.0,Mobile Phone,1,24.0,Debit Card,Male,4.0,3,Mobile Phone,4,Divorced,6,1,19.0,2.0,7.0,2.0,161.16,1079.41,0.286
53143,1,,Mobile Phone,3,13.0,Credit Card,Male,4.0,4,Fashion,3,Married,3,1,13.0,1.0,1.0,2.0,153.21,731.2,1.0
53144,0,5.0,Mobile Phone,2,7.0,E wallet,Male,2.0,4,Mobile Phone,4,Single,4,0,18.0,0.0,1.0,1.0,117.68,636.18,0.0
53145,0,10.0,Mobile Phone,1,31.0,UPI,Female,2.0,4,Laptop & Accessory,3,Single,3,0,23.0,1.0,1.0,0.0,146.46,785.55,1.0
53146,0,3.0,Mobile Phone,1,10.0,Debit Card,Male,3.0,2,Laptop & Accessory,4,Married,4,0,11.0,2.0,5.0,5.0,121.17,773.45,0.4
53147,0,15.0,Mobile Phone,1,19.0,Credit Card,Male,3.0,6,Others,3,Divorced,4,0,20.0,1.0,4.0,2.0,138.8,867.44,0.25
53148,0,15.0,Phone,3,9.0,E wallet,Female,3.0,2,Laptop & Accessory,5,Single,3,0,18.0,0.0,1.0,1.0,176.67,860.35,0.0
53149,0,2.0,Mobile Phone,1,13.0,E wallet,Male,3.0,2,Laptop & Accessory,4,Divorced,5,0,19.0,1.0,1.0,3.0,165.08,824.3,1.0
53150,0,22.0,Mobile Phone,3,25.0,Credit Card,Male,3.0,4,Others,4,Single,5,0,17.0,3.0,7.0,10.0,182.99,1146.36,0.429
53151,0,6.0,Mobile Phone,1,7.0,Debit Card,Male,3.0,5,Grocery,3,Single,5,0,11.0,2.0,2.0,1.0,173.75,838.25,1.0
53152,0,43.0,Mobile Phone,3,50.0,E wallet,Male,2.0,3,Mobile Phone,5,Divorced,5,0,11.0,,3.0,4.0,188.12,937.86,0.333
53153,1,11.0,Mobile Phone,1,6.0,E wallet,Male,3.0,3,Laptop & Accessory,1,Single,8,0,16.0,0.0,1.0,11.0,124.8,647.24,0.0
53154,0,22.0,Phone,3,14.0,E wallet,Male,3.0,3,Laptop & Accessory,5,Married,2,0,11.0,0.0,2.0,2.0,123.35,646.73,0.0
53155,1,5.0,Computer,3,35.0,E wallet,Male,4.0,1,Laptop & Accessory,4,Single,5,0,22.0,1.0,5.0,13.0,143.63,946.79,0.2
53156,0,8.0,Computer,1,40.0,Credit Card,Male,2.0,4,Mobile Phone,2,Single,4,0,12.0,4.0,6.0,0.0,150.3,937.14,0.667
53157,0,6.0,Computer,3,8.0,COD,Male,2.0,3,Mobile Phone,5,Married,3,0,19.0,1.0,2.0,1.0,169.68,886.78,0.5
53158,0,3.0,Mobile Phone,3,7.0,E wallet,Female,4.0,5,Laptop & Accessory,3,Divorced,5,0,17.0,,3.0,3.0,239.35,1180.53,0.667
53159,1,4.0,Mobile Phone,3,20.0,Credit Card,Female,3.0,2,Laptop & Accessory,2,Married,6,0,18.0,2.0,4.0,3.0,175.27,990.03,0.5
53160,1,9.0,Mobile Phone,1,6.0,UPI,Male,,3,Fashion,3,Married,2,1,12.0,2.0,2.0,18.0,146.62,743.16,1.0
53161,0,12.0,Phone,1,13.0,UPI,Female,3.0,3,Fashion,5,Married,7,0,23.0,1.0,1.0,1.0,231.13,1107.29,1.0
53162,1,4.0,Mobile Phone,3,24.0,E wallet,Female,4.0,3,Mobile Phone,4,Single,4,0,15.0,1.0,1.0,21.0,193.51,900.34,1.0
53163,0,7.0,Phone,3,15.0,Credit Card,Female,2.0,3,Laptop & Accessory,5,Married,2,0,23.0,1.0,1.0,9.0,139.01,757.24,1.0
53164,0,6.0,Mobile Phone,1,7.0,Credit Card,Male,2.0,3,Grocery,3,Married,3,0,17.0,5.0,10.0,1.0,285.12,1669.46,0.5
53165,0,9.0,Mobile Phone,3,13.0,Debit Card,Female,4.0,2,Mobile Phone,1,Married,6,0,13.0,4.0,5.0,2.0,166.27,960.83,0.8
53166,0,,Computer,1,36.0,Debit Card,Female,4.0,4,Mobile Phone,3,Married,2,0,18.0,1.0,1.0,1.0,254.09,1154.54,1.0
53167,0,10.0,Phone,3,17.0,Credit Card,Male,3.0,3,Grocery,3,Single,2,0,19.0,1.0,,,208.39,1168.88,0.2
53168,0,6.0,Computer,1,20.0,Credit Card,Female,3.0,3,Laptop & Accessory,4,Married,3,0,14.0,2.0,4.0,2.0,96.59,659.04,0.5
53169,0,18.0,Phone,1,10.0,Debit Card,Female,4.0,3,Mobile Phone,3,Divorced,4,1,17.0,5.0,8.0,0.0,44.22,664.04,0.625
53170,0,12.0,Computer,1,8.0,UPI,Male,2.0,3,Fashion,3,Single,6,0,19.0,,1.0,4.0,299.89,1336.58,1.0
53171,0,10.0,Phone,1,9.0,Credit Card,Male,3.0,4,Laptop & Accessory,1,Single,6,0,12.0,0.0,,1.0,197.26,980.59,0.0
53172,0,4.0,Computer,1,14.0,Credit Card,Male,1.0,4,Laptop & Accessory,3,Married,4,0,13.0,2.0,3.0,2.0,158.92,842.9,0.667
53173,0,17.0,Mobile Phone,1,9.0,Credit Card,Male,2.0,3,Others,2,Married,8,0,11.0,2.0,5.0,3.0,188.87,1030.71,0.4
53174,0,13.0,Phone,1,14.0,Debit Card,Male,3.0,3,Laptop & Accessory,5,Single,6,0,22.0,3.0,4.0,0.0,192.65,1088.07,0.75
53175,0,13.0,Phone,1,20.0,UPI,Male,4.0,3,Mobile Phone,5,Married,4,0,14.0,1.0,1.0,3.0,128.49,645.26,1.0
53176,0,8.0,Mobile Phone,3,21.0,Debit Card,Female,3.0,3,Fashion,5,Married,3,0,23.0,0.0,3.0,2.0,132.45,822.31,0.0
53177,0,7.0,Computer,1,7.0,Credit Card,Female,,3,Mobile Phone,2,Single,5,0,16.0,1.0,4.0,6.0,204.61,1085.52,0.25
53178,0,26.0,Computer,1,22.0,Credit Card,Male,1.0,1,Mobile Phone,2,Married,1,0,11.0,2.0,2.0,1.0,54.5,385.1,1.0
53179,1,7.0,Mobile Phone,1,18.0,Credit Card,Male,3.0,4,Laptop & Accessory,3,Single,6,1,18.0,1.0,2.0,13.0,209.48,1030.02,0.5
53180,0,4.0,Mobile Phone,3,5.0,Credit Card,Male,2.0,3,Laptop & Accessory,4,Married,3,0,17.0,1.0,2.0,6.0,163.45,847.11,0.5
53181,0,11.0,Mobile Phone,2,6.0,Debit Card,Female,1.0,5,Grocery,5,Married,6,0,14.0,0.0,1.0,1.0,208.28,948.46,0.0
53182,0,9.0,Computer,1,17.0,Debit Card,Male,2.0,3,Fashion,5,Married,7,0,15.0,1.0,5.0,1.0,181.88,1036.14,0.2
53183,1,18.0,Phone,3,11.0,Credit Card,Female,2.0,6,Laptop & Accessory,2,Single,3,1,21.0,0.0,2.0,2.0,136.54,776.85,0.0
53184,0,,Mobile Phone,3,7.0,E wallet,Male,3.0,3,Mobile Phone,5,Married,1,0,15.0,0.0,1.0,0.0,199.73,923.97,0.0
53185,0,14.0,Mobile Phone,1,6.0,Credit Card,Male,2.0,1,Mobile Phone,2,Single,4,0,14.0,2.0,6.0,0.0,228.89,1251.78,0.333
53186,0,22.0,Mobile Phone,3,7.0,Debit Card,Male,3.0,2,Laptop & Accessory,5,Single,1,0,11.0,0.0,5.0,6.0,177.0,985.6,0.0
53187,0,12.0,Phone,1,43.0,Debit Card,Male,4.0,2,Mobile Phone,4,Single,4,0,19.0,,2.0,2.0,99.08,618.5,1.0
53188,0,5.0,Mobile Phone,1,21.0,Credit Card,Female,3.0,2,Laptop & Accessory,4,Single,6,0,16.0,2.0,4.0,,146.71,865.5,0.5
53189,0,12.0,Mobile Phone,1,14.0,Credit Card,Male,4.0,3,Grocery,4,Divorced,3,0,,0.0,1.0,2.0,186.67,882.35,0.0
53190,1,7.0,Phone,2,39.0,Debit Card,Male,4.0,3,Laptop & Accessory,5,Married,7,1,18.0,4.0,9.0,18.0,209.51,1345.14,0.444
53191,1,11.0,Mobile Phone,1,,Credit Card,Female,3.0,2,Grocery,4,Divorced,5,1,17.0,1.0,1.0,10.0,140.99,716.76,1.0
53192,0,,Mobile Phone,1,21.0,Debit Card,Male,3.0,3,Mobile Phone,5,Single,5,0,11.0,3.0,5.0,1.0,207.8,1102.64,0.6
53193,1,4.0,Mobile Phone,1,9.0,Credit Card,Male,3.0,3,Fashion,2,Married,5,0,14.0,5.0,15.0,0.0,271.48,1818.62,0.333
53194,0,9.0,Mobile Phone,1,16.0,Debit Card,Female,2.0,4,Fashion,5,Single,5,0,16.0,1.0,1.0,2.0,128.27,660.43,1.0
53195,0,4.0,Mobile Phone,1,7.0,UPI,Male,4.0,2,Laptop & Accessory,5,Single,9,0,16.0,1.0,4.0,0.0,217.91,1136.06,0.25
53196,0,7.0,Computer,1,11.0,Debit Card,Female,3.0,5,Mobile Phone,4,Married,6,1,11.0,4.0,6.0,1.0,238.51,1264.34,0.667
53197,0,17.0,Computer,1,5.0,Credit Card,Female,1.0,3,Mobile Phone,5,Married,7,1,13.0,4.0,8.0,4.0,217.65,1291.07,0.5
53198,0,10.0,Computer,3,8.0,COD,Male,3.0,4,Mobile Phone,2,Single,6,0,,3.0,3.0,0.0,250.61,1247.32,1.0
53199,0,14.0,Computer,1,6.0,Debit Card,Male,3.0,1,Mobile Phone,5,Married,7,1,11.0,2.0,3.0,1.0,187.06,933.83,0.667
53200,0,10.0,Mobile Phone,1,11.0,Credit Card,Male,3.0,3,Laptop & Accessory,2,Single,4,0,11.0,0.0,1.0,3.0,109.82,550.32,0.0
53201,0,8.0,Mobile Phone,1,27.0,Debit Card,Male,2.0,3,Laptop & Accessory,3,Married,4,0,15.0,2.0,2.0,6.0,160.06,818.23,1.0
53202,0,11.0,Mobile Phone,1,11.0,Debit Card,Female,3.0,5,Mobile Phone,4,Married,6,0,16.0,2.0,2.0,3.0,102.0,605.6,1.0
53203,0,2.0,Computer,1,26.0,Credit Card,Male,3.0,4,Laptop & Accessory,4,Married,6,0,15.0,0.0,1.0,6.0,167.74,802.41,0.0
53204,0,15.0,Phone,1,18.0,UPI,Male,4.0,4,Grocery,4,Married,2,0,19.0,1.0,,0.0,144.36,745.57,1.0
53205,0,5.0,Mobile Phone,3,14.0,Credit Card,Male,4.0,4,Mobile Phone,3,Married,4,0,24.0,1.0,4.0,1.0,237.66,1275.11,0.25
53206,0,13.0,Mobile Phone,1,8.0,Credit Card,Male,3.0,4,Mobile Phone,5,Married,4,0,19.0,0.0,1.0,10.0,161.35,810.13,0.0
53207,1,8.0,Mobile Phone,1,36.0,Credit Card,Female,2.0,1,Laptop & Accessory,1,Married,3,0,11.0,0.0,1.0,14.0,185.14,836.53,0.0
53208,0,4.0,Mobile Phone,1,6.0,Credit Card,Female,3.0,4,Mobile Phone,4,Married,5,0,12.0,2.0,4.0,8.0,236.39,1174.28,0.5
53209,0,6.0,Computer,3,19.0,Credit Card,Female,3.0,2,Laptop & Accessory,5,Married,5,0,16.0,2.0,4.0,6.0,92.92,661.1,0.5
53210,0,13.0,Mobile Phone,3,17.0,Debit Card,Female,3.0,4,Mobile Phone,5,Married,5,1,11.0,1.0,1.0,0.0,265.67,1142.55,1.0
53211,1,31.0,Computer,1,12.0,Debit Card,Male,1.0,1,Laptop & Accessory,4,Single,6,0,17.0,2.0,5.0,30.0,176.85,1033.03,0.4
53212,0,9.0,Mobile Phone,1,8.0,Credit Card,Male,3.0,3,Mobile Phone,4,Divorced,8,0,18.0,0.0,4.0,,162.64,942.03,0.0
53213,0,29.0,Phone,3,12.0,UPI,Male,3.0,3,Mobile Phone,3,Married,2,0,11.0,2.0,3.0,2.0,150.19,793.72,0.667
53214,0,2.0,Computer,1,30.0,Debit Card,Female,,3,Mobile Phone,3,Married,6,0,16.0,0.0,1.0,4.0,153.05,754.59,0.0
53215,0,8.0,Computer,1,27.0,Credit Card,Male,1.0,4,Laptop & Accessory,3,Divorced,4,0,17.0,2.0,7.0,4.0,244.32,1379.42,0.286
53216,0,9.0,Mobile Phone,1,39.0,Debit Card,Female,3.0,3,Laptop & Accessory,4,Divorced,4,0,11.0,1.0,1.0,21.0,166.68,766.38,1.0
53217,0,14.0,Mobile Phone,1,9.0,Debit Card,Female,3.0,5,Laptop & Accessory,4,Married,5,0,15.0,1.0,3.0,4.0,172.63,910.99,0.333
53218,1,6.0,Mobile Phone,3,11.0,Credit Card,Female,3.0,3,Mobile Phone,3,Single,6,1,18.0,4.0,4.0,1.0,151.57,899.97,1.0
53219,1,12.0,Mobile Phone,3,5.0,E wallet,Male,3.0,4,Laptop & Accessory,4,Married,5,0,13.0,4.0,7.0,4.0,188.06,1133.63,0.571
53220,0,8.0,Phone,3,39.0,Credit Card,Male,3.0,4,Laptop & Accessory,3,Single,5,0,20.0,3.0,7.0,2.0,148.42,1039.0,0.429
53221,0,20.0,Computer,1,10.0,Debit Card,Male,4.0,3,Laptop & Accessory,1,Married,4,0,11.0,0.0,1.0,5.0,144.47,681.99,0.0
53222,0,11.0,Mobile Phone,1,11.0,UPI,Male,1.0,4,Mobile Phone,5,Married,4,1,14.0,0.0,1.0,0.0,185.73,862.77,0.0
53223,1,41.0,Mobile Phone,1,34.0,Debit Card,Female,2.0,3,Mobile Phone,5,Married,5,0,14.0,0.0,2.0,1.0,207.32,989.82,0.0
53224,0,8.0,Mobile Phone,3,14.0,E wallet,Female,3.0,2,Others,2,Married,3,1,15.0,4.0,7.0,4.0,79.03,735.31,0.571
53225,1,19.0,Computer,2,15.0,Credit Card,Female,4.0,1,Mobile Phone,4,Married,4,0,17.0,0.0,3.0,7.0,182.21,963.4,0.0
53226,1,23.0,Computer,1,7.0,Credit Card,Male,3.0,4,Laptop & Accessory,3,Single,4,1,12.0,5.0,6.0,8.0,165.67,995.55,0.833
53227,0,1.0,Mobile Phone,1,13.0,UPI,Male,3.0,2,Mobile Phone,2,Married,5,0,13.0,0.0,1.0,11.0,183.6,846.68,0.0
53228,1,15.0,Mobile Phone,1,35.0,E wallet,Female,2.0,2,Mobile Phone,3,Married,9,1,11.0,0.0,1.0,2.0,228.66,1001.91,0.0
53229,1,8.0,Phone,3,15.0,Debit Card,Male,3.0,3,Mobile Phone,1,Married,6,0,16.0,,1.0,4.0,228.34,1040.69,1.0
53230,0,4.0,Phone,1,9.0,Debit Card,Female,3.0,3,Grocery,4,Married,9,0,18.0,0.0,1.0,4.0,248.71,1134.1,0.0
53231,0,20.0,Mobile Phone,1,5.0,Credit Card,Female,3.0,4,Mobile Phone,2,Married,3,0,14.0,3.0,5.0,10.0,168.99,979.16,0.6
53232,0,6.0,Computer,1,10.0,Debit Card,Male,3.0,2,Mobile Phone,2,Married,3,0,12.0,3.0,5.0,8.0,157.28,918.66,0.6
53233,1,2.0,Computer,1,15.0,UPI,Female,2.0,2,Fashion,2,Married,5,0,13.0,1.0,6.0,2.0,198.45,1128.11,0.167
53234,1,11.0,Phone,3,6.0,Debit Card,Female,2.0,3,Fashion,2,Married,3,0,,0.0,2.0,4.0,202.72,1004.34,0.0
53235,0,22.0,Phone,3,16.0,Credit Card,Male,1.0,3,Mobile Phone,4,Married,4,0,,0.0,2.0,,190.79,903.0,0.0
53236,1,4.0,Mobile Phone,3,14.0,E wallet,Male,3.0,4,Laptop & Accessory,4,Single,2,0,15.0,0.0,1.0,39.0,72.86,441.87,0.0
53237,0,16.0,Phone,2,23.0,E wallet,Male,3.0,3,Others,2,Married,4,0,12.0,1.0,2.0,6.0,146.3,741.94,0.5
53238,0,2.0,Mobile Phone,1,5.0,Credit Card,Male,3.0,5,Mobile Phone,4,Married,4,1,12.0,1.0,1.0,0.0,218.88,972.74,1.0
53239,0,23.0,Mobile Phone,1,23.0,E wallet,Female,3.0,3,Laptop & Accessory,3,Divorced,2,0,18.0,1.0,3.0,10.0,224.96,1133.85,0.333
53240,0,12.0,Mobile Phone,1,14.0,Debit Card,Male,1.0,3,Others,3,Married,5,0,15.0,1.0,1.0,,199.95,924.81,1.0
53241,1,4.0,Mobile Phone,2,11.0,E wallet,Female,3.0,4,Grocery,2,Divorced,4,0,12.0,0.0,2.0,2.0,182.72,880.34,0.0
53242,0,15.0,Mobile Phone,1,45.0,Debit Card,Male,4.0,4,Laptop & Accessory,4,Single,7,1,17.0,6.0,10.0,2.0,138.62,1112.76,0.6
53243,0,,Mobile Phone,2,7.0,UPI,Female,3.0,6,Laptop & Accessory,3,Married,3,0,17.0,7.0,13.0,7.0,186.77,1430.73,0.538
53244,0,5.0,Phone,1,14.0,Debit Card,Female,3.0,3,Fashion,4,Divorced,6,0,20.0,3.0,4.0,10.0,203.66,1113.91,0.75
53245,0,6.0,Phone,1,10.0,Debit Card,Female,3.0,3,Laptop & Accessory,3,Married,4,0,16.0,1.0,1.0,5.0,248.09,1115.74,1.0
53246,1,14.0,Mobile Phone,3,14.0,Credit Card,Male,3.0,4,Laptop & Accessory,1,Married,6,0,14.0,1.0,1.0,0.0,124.02,628.28,1.0
53247,0,5.0,Mobile Phone,3,15.0,E wallet,Male,,2,Others,4,Married,3,0,,0.0,,19.0,220.26,1057.99,0.0
53248,0,1.0,Computer,1,6.0,E wallet,Male,2.0,1,Mobile Phone,3,Married,6,0,21.0,1.0,2.0,4.0,245.08,1189.3,0.5
53249,0,7.0,Mobile Phone,1,18.0,Debit Card,Male,2.0,3,Fashion,3,Divorced,3,0,25.0,1.0,2.0,8.0,144.93,840.73,0.5
53250,1,21.0,Computer,3,,Debit Card,Male,3.0,3,Mobile Phone,2,Married,4,1,20.0,0.0,1.0,6.0,196.82,952.92,0.0
53251,0,20.0,Mobile Phone,2,23.0,Debit Card,Female,2.0,3,Fashion,4,Married,1,0,18.0,2.0,5.0,2.0,82.23,681.47,0.4
53252,1,6.0,Phone,1,6.0,Credit Card,Male,4.0,6,Grocery,3,Divorced,4,0,11.0,2.0,3.0,11.0,196.97,971.49,0.667
53253,1,6.0,Mobile Phone,1,9.0,Credit Card,Male,4.0,3,Mobile Phone,3,Single,5,1,22.0,0.0,2.0,2.0,196.28,1011.86,0.0
53254,0,6.0,Phone,1,18.0,Credit Card,Male,3.0,4,Fashion,1,Married,5,0,16.0,4.0,5.0,18.0,142.15,893.17,0.8
53255,0,6.0,Computer,1,7.0,Credit Card,Female,3.0,3,Fashion,4,Divorced,3,0,15.0,2.0,2.0,19.0,161.82,824.92,1.0
53256,0,6.0,Computer,3,19.0,Credit Card,Male,1.0,3,Grocery,1,Married,2,0,17.0,2.0,5.0,0.0,233.23,1247.27,0.4
53257,0,11.0,Computer,1,6.0,COD,Male,3.0,3,Mobile Phone,5,Married,3,0,13.0,1.0,2.0,1.0,146.51,750.74,0.5
53258,0,21.0,Mobile Phone,1,10.0,Debit Card,Female,4.0,3,Grocery,5,Married,4,0,19.0,0.0,3.0,1.0,204.14,1062.73,0.0
53259,0,5.0,Phone,1,28.0,Credit Card,Male,1.0,3,Laptop & Accessory,5,Single,1,0,11.0,1.0,1.0,2.0,58.52,355.38,1.0
53260,0,5.0,Mobile Phone,1,23.0,Credit Card,Female,2.0,4,Laptop & Accessory,5,Married,4,0,19.0,0.0,1.0,5.0,140.63,731.39,0.0
53261,0,12.0,Phone,1,17.0,Debit Card,Female,,4,Laptop & Accessory,5,Married,7,0,18.0,1.0,3.0,2.0,237.63,1181.99,0.333
53262,0,15.0,Mobile Phone,1,30.0,Credit Card,Male,3.0,3,Laptop & Accessory,5,Married,4,0,16.0,1.0,2.0,12.0,199.02,974.28,0.5
53263,1,3.0,Computer,1,20.0,Debit Card,Male,2.0,1,Laptop & Accessory,1,Married,6,0,20.0,0.0,1.0,3.0,231.25,1083.75,0.0
53264,0,26.0,Computer,1,14.0,Debit Card,Female,3.0,1,Laptop & Accessory,3,Married,2,0,18.0,1.0,1.0,4.0,171.3,839.94,1.0
53265,0,,Mobile Phone,1,52.0,Credit Card,Male,3.0,3,Others,1,Single,7,0,26.0,1.0,3.0,4.0,136.38,861.24,0.333
53266,1,3.0,Mobile Phone,1,19.0,Credit Card,Male,2.0,4,Laptop & Accessory,3,Married,5,0,13.0,0.0,3.0,2.0,221.73,1081.57,0.0
53267,1,3.0,Mobile Phone,1,16.0,Debit Card,Male,3.0,3,Mobile Phone,3,Married,3,0,16.0,2.0,3.0,5.0,234.8,1155.24,0.667
53268,0,3.0,Phone,1,11.0,Credit Card,Male,,3,Fashion,5,Married,8,1,16.0,1.0,3.0,,182.41,956.16,0.333
53269,0,19.0,Mobile Phone,1,33.0,Credit Card,Male,2.0,4,Laptop & Accessory,5,Single,4,0,20.0,3.0,8.0,3.0,211.5,1323.7,0.375
53270,0,10.0,Computer,1,9.0,Debit Card,Female,2.0,2,Laptop & Accessory,2,Married,6,0,16.0,3.0,9.0,2.0,204.25,1309.15,0.333
53271,0,19.0,Phone,3,5.0,Debit Card,Female,3.0,3,Laptop & Accessory,4,Married,4,0,11.0,0.0,2.0,1.0,217.7,1005.26,0.0
53272,0,9.0,Phone,3,8.0,Credit Card,Male,4.0,3,Laptop & Accessory,3,Single,2,0,11.0,1.0,4.0,0.0,141.84,806.99,0.25
53273,1,19.0,Phone,1,6.0,E wallet,Male,2.0,3,Others,3,Married,5,1,12.0,3.0,4.0,7.0,201.06,1040.03,0.75
53274,0,9.0,Mobile Phone,3,10.0,COD,Male,2.0,6,Fashion,3,Single,7,0,17.0,1.0,1.0,1.0,172.07,834.87,1.0
53275,0,13.0,Computer,1,26.0,Debit Card,Female,4.0,3,Grocery,5,Married,3,0,17.0,3.0,4.0,1.0,223.53,1165.41,0.75
53276,0,9.0,Phone,1,18.0,Debit Card,Male,3.0,2,Fashion,5,Married,1,0,12.0,,5.0,,173.0,978.4,0.0
53277,0,8.0,Computer,1,7.0,Debit Card,Male,2.0,2,Laptop & Accessory,2,Single,8,0,14.0,1.0,1.0,18.0,202.42,926.2,1.0
53278,1,5.0,Mobile Phone,1,24.0,Credit Card,Female,3.0,3,Fashion,3,Single,4,1,11.0,1.0,2.0,1.0,186.57,886.97,0.5
53279,1,15.0,Phone,1,13.0,Credit Card,Male,4.0,3,Fashion,4,Single,4,0,13.0,1.0,1.0,1.0,102.54,538.65,1.0
53280,0,4.0,Mobile Phone,2,14.0,Credit Card,Male,2.0,6,Grocery,4,Divorced,7,0,19.0,4.0,7.0,,195.66,1210.51,0.571
53281,0,15.0,Phone,2,10.0,E wallet,Male,2.0,3,Laptop & Accessory,4,Married,3,1,,0.0,1.0,4.0,115.09,578.34,0.0
53282,0,10.0,Phone,1,29.0,Credit Card,Female,2.0,4,Mobile Phone,5,Single,5,0,20.0,1.0,3.0,5.0,215.73,1114.77,0.333
53283,0,15.0,Phone,1,10.0,COD,Female,3.0,3,Laptop & Accessory,3,Married,4,0,11.0,1.0,3.0,8.0,213.95,1036.01,0.333
53284,0,11.0,Phone,1,6.0,Debit Card,Female,2.0,2,Laptop & Accessory,3,Married,7,0,13.0,0.0,1.0,4.0,143.1,692.78,0.0
53285,0,20.0,Mobile Phone,1,9.0,Debit Card,Male,4.0,4,Mobile Phone,5,Married,5,0,23.0,1.0,4.0,4.0,120.36,821.37,0.25
53286,1,13.0,Computer,3,20.0,Debit Card,Male,3.0,4,Laptop & Accessory,4,Single,8,0,11.0,0.0,1.0,29.0,163.32,753.62,0.0
53287,0,10.0,Computer,3,18.0,Debit Card,Female,3.0,3,Mobile Phone,4,Single,8,0,15.0,1.0,3.0,5.0,176.25,924.75,0.333
53288,1,1.0,Mobile Phone,3,7.0,UPI,Female,2.0,3,Mobile Phone,2,Married,6,1,18.0,1.0,1.0,6.0,185.51,893.94,1.0
53289,1,,Computer,2,6.0,Debit Card,Male,5.0,3,Laptop & Accessory,2,Divorced,2,1,16.0,0.0,2.0,0.0,70.29,485.1,0.0
53290,0,3.0,Mobile Phone,1,18.0,Credit Card,Male,3.0,3,Laptop & Accessory,3,Single,3,0,19.0,1.0,1.0,1.0,161.11,809.22,1.0
53291,0,,Phone,1,19.0,Debit Card,Female,3.0,2,Others,3,Single,5,0,19.0,2.0,3.0,3.0,203.52,1060.38,0.667
53292,1,16.0,Mobile Phone,1,10.0,Debit Card,Male,5.0,4,Fashion,3,Single,3,1,13.0,0.0,3.0,6.0,95.06,600.23,0.0
53293,0,10.0,Computer,1,27.0,Debit Card,Male,,3,Mobile Phone,5,Married,1,1,18.0,1.0,2.0,6.0,175.8,902.04,0.5
53294,1,3.0,Mobile Phone,3,51.0,Debit Card,Male,3.0,3,Fashion,1,Single,3,0,14.0,1.0,1.0,7.0,198.99,913.16,1.0
53295,0,6.0,Mobile Phone,1,8.0,Credit Card,Female,,3,Laptop & Accessory,2,Single,4,0,17.0,1.0,3.0,6.0,153.99,856.16,0.333
53296,0,20.0,Mobile Phone,1,15.0,COD,Female,2.0,3,Laptop & Accessory,2,Married,5,0,13.0,0.0,1.0,1.0,181.11,837.22,0.0
53297,1,11.0,Mobile Phone,3,5.0,Credit Card,Male,4.0,3,Laptop & Accessory,4,Single,4,0,25.0,2.0,2.0,8.0,147.46,850.35,1.0
53298,0,10.0,Phone,3,20.0,Credit Card,Female,4.0,4,Mobile Phone,5,Single,5,1,14.0,6.0,10.0,7.0,198.09,1314.74,0.6
53299,0,6.0,Mobile Phone,1,11.0,Debit Card,Male,2.0,3,Mobile Phone,5,Married,9,0,12.0,2.0,5.0,2.0,202.7,1091.26,0.4
53300,0,16.0,Phone,2,8.0,E wallet,Male,3.0,4,Laptop & Accessory,4,Married,8,1,19.0,1.0,1.0,2.0,171.61,849.12,1.0
53301,0,,Computer,1,22.0,Debit Card,Male,3.0,3,Laptop & Accessory,1,Married,5,0,15.0,1.0,1.0,4.0,86.56,493.93,1.0
53302,0,14.0,Computer,1,25.0,UPI,Male,2.0,4,Fashion,3,Single,10,0,19.0,0.0,2.0,22.0,130.42,737.6,0.0
53303,0,5.0,Computer,1,6.0,Credit Card,Female,3.0,4,Mobile Phone,5,Single,3,0,14.0,0.0,1.0,6.0,245.56,1090.13,0.0
53304,0,31.0,Mobile Phone,1,6.0,Debit Card,Male,2.0,3,Others,4,Married,3,0,11.0,1.0,2.0,8.0,62.66,416.11,0.5
53305,1,22.0,Mobile Phone,1,10.0,Credit Card,Male,3.0,2,Laptop & Accessory,2,Married,5,1,20.0,2.0,2.0,1.0,231.42,1129.4,1.0
53306,0,11.0,Mobile Phone,1,17.0,COD,Female,2.0,4,Mobile Phone,3,Single,5,0,12.0,5.0,12.0,3.0,161.12,1248.26,0.417
53307,1,12.0,Mobile Phone,2,24.0,Debit Card,Male,3.0,3,Fashion,1,Single,4,1,12.0,1.0,1.0,4.0,199.25,898.15,1.0
53308,1,6.0,Computer,3,14.0,Debit Card,Male,3.0,3,Grocery,3,Single,4,0,15.0,0.0,5.0,0.0,179.06,1025.43,0.0
53309,0,15.0,Mobile Phone,1,15.0,Debit Card,Male,1.0,2,Laptop & Accessory,5,Divorced,4,0,13.0,2.0,7.0,1.0,185.98,1125.72,0.286
53310,1,1.0,Computer,2,24.0,Credit Card,Female,2.0,4,Laptop & Accessory,1,Divorced,7,0,12.0,2.0,3.0,1.0,195.09,972.34,0.667
53311,0,25.0,Mobile Phone,1,14.0,Debit Card,Male,3.0,3,Laptop & Accessory,4,Married,7,0,11.0,1.0,2.0,10.0,180.76,864.89,0.5
53312,0,14.0,Computer,1,16.0,E wallet,Male,2.0,3,Mobile Phone,2,Single,3,0,19.0,0.0,1.0,7.0,172.48,852.42,0.0
53313,0,5.0,Mobile Phone,2,14.0,UPI,Male,3.0,5,Mobile Phone,5,Married,3,1,21.0,,3.0,3.0,296.85,1431.03,0.667
53314,0,,Mobile Phone,1,30.0,UPI,Female,3.0,3,Mobile Phone,1,Married,4,0,13.0,2.0,4.0,7.0,170.85,933.23,0.5
53315,1,30.0,Phone,1,8.0,Debit Card,Female,3.0,4,Laptop & Accessory,4,Married,5,0,20.0,1.0,3.0,3.0,191.31,1021.98,0.333
53316,0,13.0,Mobile Phone,3,9.0,Credit Card,Male,3.0,4,Mobile Phone,2,Divorced,5,0,17.0,0.0,1.0,11.0,195.13,922.49,0.0
53317,1,5.0,Phone,1,7.0,Debit Card,Female,2.0,2,Laptop & Accessory,5,Single,9,0,18.0,1.0,4.0,2.0,169.04,966.35,0.25
53318,1,10.0,Phone,3,26.0,Credit Card,Female,,4,Fashion,2,Divorced,7,1,18.0,0.0,,1.0,149.95,758.81,0.0
53319,1,14.0,Mobile Phone,1,11.0,E wallet,Female,3.0,3,Fashion,3,Divorced,4,1,13.0,1.0,1.0,0.0,173.36,807.77,1.0
53320,0,12.0,Computer,1,10.0,Credit Card,Female,3.0,4,Mobile Phone,2,Married,4,0,13.0,1.0,2.0,3.0,188.88,911.74,0.5
53321,1,5.0,Mobile Phone,1,53.0,UPI,Male,3.0,4,Mobile Phone,5,Married,6,1,15.0,2.0,3.0,2.0,207.53,1043.61,0.667
53322,0,14.0,Phone,1,36.0,E wallet,Female,2.0,3,Laptop & Accessory,3,Married,3,0,15.0,0.0,2.0,15.0,217.82,1037.72,0.0
53323,0,20.0,Mobile Phone,1,48.0,Debit Card,Female,3.0,3,Mobile Phone,2,Married,5,0,19.0,0.0,3.0,10.0,102.24,675.51,0.0
53324,0,4.0,Phone,2,7.0,Credit Card,Male,2.0,4,Laptop & Accessory,4,Married,6,0,17.0,1.0,3.0,3.0,165.28,899.06,0.333
53325,0,4.0,Mobile Phone,1,32.0,Debit Card,Male,2.0,3,Mobile Phone,5,Single,7,0,16.0,0.0,3.0,0.0,124.36,735.57,0.0
53326,1,6.0,Mobile Phone,1,10.0,Credit Card,Male,3.0,4,Mobile Phone,3,Single,5,1,18.0,0.0,1.0,0.0,126.03,667.91,0.0
53327,1,8.0,Mobile Phone,1,5.0,Debit Card,Female,2.0,2,Laptop & Accessory,3,Married,1,1,12.0,1.0,3.0,1.0,107.27,638.63,0.333
53328,0,16.0,Mobile Phone,1,11.0,UPI,Female,3.0,4,Mobile Phone,4,Divorced,4,0,,0.0,4.0,2.0,245.1,1255.38,0.0
53329,0,19.0,Mobile Phone,2,14.0,Credit Card,Male,4.0,3,Laptop & Accessory,4,Single,5,0,16.0,1.0,1.0,7.0,157.35,770.93,1.0
53330,1,5.0,Phone,3,6.0,Credit Card,Female,2.0,4,Laptop & Accessory,4,Married,4,1,26.0,3.0,7.0,9.0,213.49,1334.26,0.429
53331,1,11.0,Phone,3,14.0,E wallet,Female,3.0,2,Others,3,Married,2,1,11.0,0.0,1.0,32.0,229.4,1004.72,0.0
53332,0,19.0,Mobile Phone,1,26.0,E wallet,Female,4.0,3,Mobile Phone,5,Single,2,0,17.0,1.0,4.0,3.0,89.06,654.43,0.25
53333,0,32.0,Mobile Phone,1,11.0,E wallet,Male,2.0,4,Mobile Phone,2,Divorced,3,0,13.0,0.0,3.0,13.0,189.17,957.85,0.0
53334,1,11.0,Mobile Phone,1,10.0,Debit Card,Male,3.0,3,Mobile Phone,3,Married,6,1,16.0,1.0,1.0,5.0,66.85,427.03,1.0
53335,0,11.0,Mobile Phone,3,10.0,Credit Card,Female,2.0,4,Mobile Phone,3,Divorced,5,0,21.0,1.0,,,254.36,1224.57,0.5
53336,1,13.0,Mobile Phone,1,36.0,Credit Card,Male,3.0,4,Laptop & Accessory,5,Married,9,1,23.0,3.0,6.0,1.0,184.56,1155.33,0.5
53337,0,8.0,Mobile Phone,1,6.0,Credit Card,Male,3.0,4,Laptop & Accessory,5,Married,6,0,13.0,1.0,5.0,11.0,207.99,1119.36,0.2
53338,1,11.0,Computer,1,12.0,Debit Card,Male,3.0,3,Mobile Phone,5,Single,6,1,15.0,0.0,2.0,10.0,173.33,868.65,0.0
53339,1,2.0,Phone,2,9.0,Debit Card,Female,3.0,1,Fashion,1,Married,3,0,11.0,0.0,2.0,10.0,162.69,796.22,0.0
53340,1,6.0,Mobile Phone,2,32.0,UPI,Male,3.0,3,Grocery,4,Single,1,1,22.0,0.0,1.0,15.0,144.9,771.62,0.0
53341,0,13.0,Mobile Phone,3,6.0,Debit Card,Male,1.0,3,Laptop & Accessory,2,Divorced,4,0,13.0,1.0,,8.0,205.35,974.33,0.5
53342,0,5.0,Phone,1,11.0,Credit Card,Male,4.0,3,Laptop & Accessory,5,Married,3,1,11.0,3.0,3.0,0.0,249.73,1171.97,1.0
53343,0,17.0,Mobile Phone,3,11.0,Debit Card,Male,2.0,4,Grocery,3,Single,8,0,16.0,1.0,2.0,6.0,186.04,924.95,0.5
53344,0,2.0,Phone,1,31.0,Debit Card,Female,2.0,4,Mobile Phone,3,Married,2,0,11.0,1.0,3.0,2.0,166.16,854.41,0.333
53345,1,16.0,Computer,3,,Debit Card,Male,4.0,1,Grocery,3,Single,7,1,12.0,2.0,4.0,13.0,221.59,1118.04,0.5
53346,1,16.0,Phone,3,17.0,Credit Card,Male,4.0,4,Mobile Phone,3,Married,3,1,13.0,1.0,1.0,7.0,264.15,1152.77,1.0
53347,0,33.0,Mobile Phone,2,7.0,UPI,Male,3.0,3,Mobile Phone,4,Married,6,1,20.0,0.0,3.0,,199.86,1054.47,0.0
53348,0,8.0,Phone,2,42.0,Debit Card,Male,2.0,3,Laptop & Accessory,3,Single,3,0,22.0,0.0,2.0,1.0,83.16,582.01,0.0
53349,0,10.0,Computer,1,16.0,Debit Card,Female,,3,Laptop & Accessory,4,Married,6,0,17.0,1.0,1.0,3.0,126.5,661.7,1.0
53350,0,24.0,Phone,1,17.0,Credit Card,Female,3.0,3,Mobile Phone,3,Single,1,0,15.0,0.0,1.0,3.0,99.3,542.34,0.0
53351,0,22.0,Phone,1,12.0,Debit Card,Male,3.0,4,Laptop & Accessory,4,Single,5,1,11.0,1.0,1.0,3.0,180.21,817.8,1.0
53352,0,18.0,Mobile Phone,1,10.0,UPI,Male,4.0,4,Mobile Phone,5,Single,5,0,14.0,3.0,4.0,7.0,90.17,634.65,0.75
53353,1,12.0,Mobile Phone,1,8.0,Debit Card,Male,2.0,3,Fashion,1,Divorced,4,1,17.0,1.0,3.0,1.0,172.13,925.09,0.333
53354,1,23.0,Phone,1,16.0,Credit Card,Male,3.0,4,Laptop & Accessory,1,Married,2,0,18.0,2.0,4.0,1.0,247.58,1264.8,0.5
53355,0,40.0,Computer,3,42.0,Credit Card,Female,3.0,3,Laptop & Accessory,4,Married,1,0,18.0,1.0,3.0,9.0,161.29,891.9,0.333
53356,1,,Phone,1,10.0,E wallet,Male,3.0,4,Others,3,Married,5,1,17.0,1.0,2.0,8.0,109.4,641.72,0.5
53357,0,10.0,Phone,2,31.0,Credit Card,Female,2.0,4,Laptop & Accessory,3,Married,1,0,17.0,1.0,,5.0,174.73,889.97,0.5
53358,1,15.0,Mobile Phone,2,7.0,Debit Card,Female,2.0,4,Mobile Phone,2,Single,3,1,17.0,0.0,1.0,0.0,159.03,785.31,0.0
53359,1,11.0,Mobile Phone,1,38.0,Debit Card,Male,3.0,3,Fashion,4,Single,5,1,18.0,4.0,5.0,6.0,105.91,771.46,0.8
53360,0,8.0,Mobile Phone,1,10.0,UPI,Female,2.0,3,Laptop & Accessory,3,Single,7,0,11.0,1.0,2.0,1.0,134.75,690.05,0.5
53361,0,17.0,Mobile Phone,1,11.0,E wallet,Female,2.0,3,Fashion,3,Single,5,0,11.0,0.0,1.0,2.0,185.85,839.23,0.0
53362,1,7.0,Phone,3,12.0,Debit Card,Male,3.0,3,Mobile Phone,5,Married,3,1,19.0,0.0,4.0,8.0,198.7,1087.06,0.0
53363,1,14.0,Mobile Phone,1,,E wallet,Female,2.0,3,Laptop & Accessory,4,Single,1,1,16.0,1.0,1.0,0.0,173.66,832.91,1.0
53364,1,3.0,Phone,1,20.0,Credit Card,Female,1.0,3,Fashion,5,Married,7,0,20.0,1.0,1.0,5.0,218.68,1035.98,1.0
53365,1,26.0,Computer,3,13.0,Credit Card,Male,2.0,4,Mobile Phone,2,Single,5,1,19.0,2.0,4.0,4.0,209.07,1126.47,0.5
53366,1,5.0,Mobile Phone,1,14.0,Debit Card,Female,4.0,2,Mobile Phone,3,Married,6,1,13.0,2.0,2.0,2.0,178.15,870.97,1.0
53367,1,,Mobile Phone,2,5.0,E wallet,Female,1.0,4,Mobile Phone,1,Divorced,3,1,20.0,0.0,1.0,1.0,153.06,786.63,0.0
53368,0,22.0,Phone,1,9.0,Debit Card,Male,3.0,2,Laptop & Accessory,5,Single,5,0,21.0,2.0,3.0,1.0,174.84,967.39,0.667
53369,0,24.0,Computer,2,,E wallet,Male,3.0,5,Laptop & Accessory,4,Single,2,0,15.0,3.0,4.0,,121.13,760.29,0.75
53370,1,12.0,Phone,3,15.0,Debit Card,Female,3.0,6,Laptop & Accessory,1,Single,4,0,21.0,1.0,2.0,1.0,203.85,1032.63,0.5
53371,0,9.0,Mobile Phone,3,15.0,E wallet,Male,2.0,3,Laptop & Accessory,3,Single,7,0,14.0,0.0,1.0,15.0,144.3,705.34,0.0
53372,1,8.0,Mobile Phone,1,20.0,Debit Card,Male,4.0,6,Laptop & Accessory,2,Single,5,1,18.0,1.0,1.0,1.0,154.25,775.15,1.0
53373,0,12.0,Mobile Phone,1,20.0,Debit Card,Male,3.0,4,Laptop & Accessory,3,Single,7,0,19.0,0.0,5.0,6.0,141.21,913.6,0.0
53374,0,9.0,Mobile Phone,3,,Debit Card,Male,2.0,2,Laptop & Accessory,2,Divorced,5,0,13.0,2.0,2.0,,161.82,808.92,1.0
53375,0,9.0,Computer,1,23.0,Debit Card,Female,3.0,5,Laptop & Accessory,1,Married,3,0,15.0,5.0,6.0,2.0,104.51,787.14,0.833
53376,0,5.0,Computer,1,5.0,Credit Card,Male,2.0,1,Mobile Phone,3,Divorced,9,0,13.0,0.0,3.0,11.0,129.02,729.28,0.0
53377,0,4.0,Mobile Phone,2,20.0,Debit Card,Male,3.0,2,Laptop & Accessory,3,Married,3,0,15.0,0.0,2.0,0.0,209.5,1006.1,0.0
53378,0,10.0,Mobile Phone,1,6.0,COD,Female,,3,Mobile Phone,4,Divorced,5,0,21.0,2.0,3.0,7.0,247.67,1244.15,0.667
53379,0,11.0,Mobile Phone,1,21.0,Credit Card,Female,3.0,2,Mobile Phone,3,Married,9,0,15.0,0.0,1.0,6.0,172.0,818.6,0.0
53380,0,6.0,Computer,3,14.0,Credit Card,Female,3.0,2,Fashion,3,Divorced,5,0,16.0,1.0,1.0,8.0,274.95,1217.81,1.0
53381,0,6.0,Mobile Phone,1,12.0,Debit Card,Male,4.0,5,Mobile Phone,4,Single,7,1,18.0,0.0,1.0,10.0,157.55,787.69,0.0
53382,0,11.0,Phone,1,19.0,Credit Card,Female,3.0,6,Grocery,1,Married,3,0,13.0,0.0,6.0,3.0,223.94,1224.97,0.0
53383,0,5.0,Mobile Phone,2,5.0,Debit Card,Female,3.0,4,Mobile Phone,4,Married,6,0,11.0,2.0,4.0,5.0,135.88,784.34,0.5
53384,0,19.0,Phone,3,8.0,E wallet,Male,3.0,3,Laptop & Accessory,2,Married,7,0,14.0,2.0,7.0,4.0,167.05,1061.79,0.286
53385,0,14.0,Mobile Phone,1,16.0,Debit Card,Female,3.0,5,Mobile Phone,3,Married,6,0,14.0,1.0,4.0,,177.45,966.31,0.25
53386,0,6.0,Mobile Phone,2,28.0,E wallet,Male,3.0,2,Mobile Phone,3,Married,5,0,,1.0,2.0,0.0,93.2,556.16,0.5
53387,0,13.0,Phone,3,11.0,Debit Card,Male,,5,Mobile Phone,3,Divorced,4,0,19.0,1.0,7.0,15.0,232.32,1349.82,0.143
53388,0,5.0,Phone,1,9.0,COD,Female,4.0,3,Mobile Phone,5,Married,6,0,11.0,1.0,3.0,1.0,191.14,949.33,0.333
53389,0,16.0,Mobile Phone,1,14.0,Debit Card,Male,3.0,4,Mobile Phone,3,Divorced,5,0,22.0,4.0,7.0,2.0,170.66,1139.51,0.571
53390,0,5.0,Mobile Phone,1,17.0,Debit Card,Female,2.0,4,Laptop & Accessory,3,Married,4,0,,1.0,1.0,5.0,128.91,694.86,1.0
53391,1,9.0,Mobile Phone,2,12.0,Credit Card,Male,3.0,5,Grocery,2,Married,2,0,11.0,1.0,2.0,1.0,158.07,778.67,0.5
53392,0,,Mobile Phone,3,30.0,COD,Female,3.0,4,Mobile Phone,3,Married,4,0,17.0,0.0,2.0,1.0,202.74,996.41,0.0
53393,0,24.0,Phone,1,14.0,Credit Card,Male,3.0,4,Mobile Phone,2,Married,5,0,,1.0,1.0,10.0,185.74,838.81,1.0
53394,0,5.0,Computer,3,5.0,Debit Card,Male,2.0,4,Others,2,Divorced,4,0,16.0,1.0,3.0,4.0,110.69,683.62,0.333
53395,0,5.0,Mobile Phone,3,8.0,Credit Card,Male,3.0,4,Fashion,5,Divorced,3,1,12.0,2.0,6.0,1.0,192.71,1098.3,0.333
53396,1,3.0,Mobile Phone,1,12.0,UPI,Male,3.0,4,Mobile Phone,1,Married,4,0,,2.0,,9.0,206.54,1158.85,0.333
53397,0,,Mobile Phone,2,19.0,Debit Card,Female,2.0,2,Fashion,4,Married,3,1,14.0,2.0,4.0,1.0,146.83,849.95,0.5
53398,0,10.0,Mobile Phone,1,8.0,Debit Card,Female,4.0,4,Mobile Phone,2,Married,1,0,17.0,0.0,1.0,5.0,213.3,991.54,0.0
53399,1,19.0,Mobile Phone,3,50.0,E wallet,Male,4.0,2,Mobile Phone,1,Married,3,0,15.0,0.0,2.0,,200.76,972.89,0.0
53400,0,6.0,Phone,1,10.0,UPI,Male,3.0,4,Grocery,5,Married,5,1,16.0,1.0,1.0,4.0,62.37,410.01,1.0
53401,0,7.0,Mobile Phone,1,14.0,E wallet,Male,3.0,2,Laptop & Accessory,4,Married,7,0,20.0,1.0,,0.0,242.08,1169.9,0.5
53402,0,9.0,Phone,2,5.0,COD,Female,3.0,6,Mobile Phone,3,Single,5,0,18.0,1.0,2.0,5.0,142.86,776.87,0.5
53403,0,10.0,Computer,1,31.0,Debit Card,Male,3.0,3,Laptop & Accessory,1,Married,1,0,16.0,3.0,6.0,4.0,226.32,1258.02,0.5
53404,0,15.0,Computer,3,24.0,Credit Card,Male,3.0,2,Mobile Phone,3,Married,3,0,14.0,1.0,1.0,3.0,101.11,541.22,1.0
53405,0,10.0,Computer,1,8.0,Credit Card,Male,3.0,5,Laptop & Accessory,2,Single,3,0,22.0,1.0,4.0,2.0,206.34,1140.09,0.25
53406,1,7.0,Phone,3,37.0,E wallet,Male,2.0,1,Mobile Phone,5,Married,10,1,19.0,2.0,2.0,4.0,242.67,1164.15,1.0
53407,1,28.0,Computer,1,10.0,E wallet,Male,3.0,3,Laptop & Accessory,3,Divorced,3,1,13.0,2.0,3.0,0.0,94.19,596.92,0.667
53408,0,5.0,Mobile Phone,1,19.0,UPI,Male,4.0,4,Laptop & Accessory,5,Divorced,4,0,17.0,3.0,6.0,3.0,238.85,1313.63,0.5
53409,0,5.0,Mobile Phone,3,26.0,Debit Card,Male,2.0,3,Others,3,Married,3,0,18.0,1.0,7.0,2.0,74.8,743.24,0.143
53410,1,,Mobile Phone,2,21.0,Debit Card,Male,3.0,3,Laptop & Accessory,3,Married,6,1,18.0,1.0,1.0,0.0,196.35,935.13,1.0
53411,0,15.0,Phone,2,35.0,Debit Card,Male,3.0,4,Laptop & Accessory,2,Single,7,0,16.0,1.0,5.0,1.0,148.87,918.71,0.2
53412,0,13.0,Computer,3,29.0,Credit Card,Male,3.0,5,Laptop & Accessory,5,Married,4,0,24.0,,1.0,,112.68,665.18,0.0
53413,1,9.0,Mobile Phone,1,,Debit Card,Male,2.0,2,Mobile Phone,1,Married,6,0,17.0,1.0,1.0,1.0,125.18,656.68,1.0
53414,0,5.0,Phone,1,7.0,E wallet,Male,4.0,2,Fashion,4,Married,7,0,11.0,1.0,6.0,3.0,162.34,974.89,0.167
53415,0,11.0,Phone,1,9.0,Debit Card,Female,1.0,3,Fashion,3,Married,4,0,11.0,4.0,7.0,4.0,287.98,1497.32,0.571
53416,0,17.0,Computer,1,17.0,Debit Card,Female,4.0,3,Laptop & Accessory,4,Single,4,0,11.0,1.0,2.0,,167.72,815.34,0.5
53417,0,24.0,Phone,3,21.0,Credit Card,Female,1.0,3,Mobile Phone,4,Married,5,1,17.0,1.0,1.0,4.0,180.68,867.58,1.0
53418,1,6.0,Computer,3,14.0,E wallet,Male,2.0,3,Mobile Phone,4,Married,3,0,19.0,1.0,4.0,14.0,130.11,826.42,0.25
53419,0,9.0,Mobile Phone,1,6.0,Debit Card,Female,4.0,3,Mobile Phone,2,Married,6,0,21.0,2.0,5.0,1.0,105.07,792.27,0.4
53420,0,13.0,Mobile Phone,3,27.0,E wallet,Male,4.0,4,Mobile Phone,3,Single,7,0,15.0,0.0,1.0,10.0,151.45,740.51,0.0
53421,0,7.0,Mobile Phone,3,44.0,Credit Card,Male,5.0,2,Fashion,3,Married,8,0,15.0,,,4.0,250.98,1523.72,0.3
53422,0,3.0,Mobile Phone,2,11.0,Debit Card,Male,2.0,3,Laptop & Accessory,3,Single,6,0,18.0,2.0,4.0,7.0,117.3,769.74,0.5
53423,0,9.0,Mobile Phone,1,,Debit Card,Male,3.0,4,Laptop & Accessory,3,Divorced,9,0,15.0,0.0,2.0,4.0,296.54,1336.85,0.0
53424,0,4.0,Phone,1,5.0,E wallet,Male,2.0,2,Fashion,5,Divorced,4,0,17.0,0.0,2.0,2.0,151.05,799.99,0.0
53425,0,18.0,Phone,3,8.0,Credit Card,Male,2.0,4,Mobile Phone,5,Single,5,0,13.0,1.0,1.0,4.0,257.21,1126.4,1.0
53426,1,8.0,Phone,3,19.0,UPI,Male,2.0,3,Mobile Phone,3,Married,3,1,16.0,1.0,4.0,2.0,216.39,1130.28,0.25
53427,0,9.0,Mobile Phone,1,,Credit Card,Female,2.0,3,Mobile Phone,5,Single,5,0,15.0,1.0,3.0,4.0,186.65,964.27,0.333
53428,0,6.0,Mobile Phone,3,6.0,Debit Card,Female,4.0,3,Mobile Phone,5,Divorced,9,0,21.0,1.0,4.0,4.0,204.27,1124.23,0.25
53429,1,10.0,Mobile Phone,1,15.0,Debit Card,Female,2.0,3,Mobile Phone,2,Single,4,1,18.0,1.0,2.0,5.0,169.07,876.47,0.5
53430,0,21.0,Mobile Phone,1,19.0,Debit Card,Male,3.0,4,Laptop & Accessory,4,Single,4,0,23.0,0.0,1.0,6.0,116.18,670.48,0.0
53431,0,19.0,Phone,3,9.0,Credit Card,Female,3.0,5,Mobile Phone,5,Single,3,0,17.0,1.0,5.0,4.0,160.93,972.53,0.2
53432,0,4.0,Mobile Phone,1,15.0,Credit Card,Female,,3,Laptop & Accessory,3,Married,5,0,14.0,0.0,2.0,7.0,163.32,822.62,0.0
53433,0,1.0,Mobile Phone,1,20.0,E wallet,Female,5.0,3,Fashion,3,Single,4,0,13.0,4.0,4.0,5.0,144.23,832.07,1.0
53434,0,9.0,Phone,1,27.0,Debit Card,Male,3.0,2,Fashion,4,Married,3,0,13.0,0.0,1.0,1.0,200.24,909.91,0.0
53435,1,8.0,Mobile Phone,1,12.0,Debit Card,Female,4.0,4,Mobile Phone,2,Married,4,1,19.0,1.0,1.0,13.0,182.9,892.02,1.0
53436,0,8.0,Computer,1,22.0,Debit Card,Male,4.0,3,Laptop & Accessory,2,Married,5,0,17.0,2.0,2.0,0.0,250.98,1179.72,1.0
53437,0,7.0,Mobile Phone,1,9.0,Debit Card,Male,4.0,2,Laptop & Accessory,5,Married,3,0,15.0,0.0,1.0,5.0,227.06,1027.83,0.0
53438,1,4.0,Computer,3,8.0,Credit Card,Male,3.0,2,Laptop & Accessory,1,Single,4,0,20.0,0.0,1.0,4.0,166.8,838.84,0.0
53439,0,34.0,Mobile Phone,3,7.0,COD,Female,2.0,3,Laptop & Accessory,5,Divorced,8,1,19.0,1.0,1.0,3.0,169.33,840.45,1.0
53440,0,28.0,Phone,1,10.0,Credit Card,Male,2.0,2,Laptop & Accessory,3,Single,3,0,18.0,0.0,1.0,,187.79,902.6,0.0
53441,0,7.0,Mobile Phone,1,5.0,E wallet,Male,3.0,4,Fashion,3,Divorced,5,0,,0.0,1.0,7.0,198.93,912.93,0.0
53442,0,11.0,Computer,2,9.0,Debit Card,Female,3.0,5,Grocery,3,Married,4,0,11.0,5.0,,6.0,239.12,1401.66,0.556
53443,0,18.0,Mobile Phone,2,18.0,Debit Card,Male,4.0,4,Laptop & Accessory,4,Married,3,0,19.0,0.0,1.0,,98.27,570.43,0.0
53444,0,11.0,Mobile Phone,1,18.0,Debit Card,Female,3.0,3,Laptop & Accessory,5,Single,2,0,17.0,2.0,2.0,1.0,175.88,894.34,1.0
53445,0,7.0,Computer,1,6.0,Debit Card,Female,2.0,3,Fashion,5,Single,5,0,20.0,1.0,5.0,0.0,189.54,1105.25,0.2
53446,0,3.0,Mobile Phone,1,9.0,Credit Card,Male,1.0,3,Mobile Phone,4,Married,3,1,11.0,1.0,1.0,6.0,186.95,843.41,1.0
53447,0,10.0,Mobile Phone,1,15.0,Debit Card,Male,2.0,4,Mobile Phone,3,Single,3,0,17.0,4.0,4.0,5.0,131.46,815.55,1.0
53448,0,4.0,Mobile Phone,1,10.0,E wallet,Male,,3,Others,3,Married,2,0,11.0,0.0,2.0,2.0,223.72,1028.14,0.0
53449,1,20.0,Phone,2,11.0,COD,Female,2.0,3,Mobile Phone,1,Married,2,0,16.0,0.0,1.0,14.0,175.13,838.49,0.0
53450,0,10.0,Mobile Phone,2,20.0,Debit Card,Female,3.0,4,Mobile Phone,2,Single,2,0,15.0,1.0,1.0,5.0,138.84,692.59,1.0
53451,0,14.0,Mobile Phone,3,5.0,E wallet,Male,3.0,3,Mobile Phone,3,Single,3,0,19.0,,5.0,5.0,135.04,890.15,0.8
53452,0,8.0,Mobile Phone,1,9.0,Credit Card,Male,,1,Laptop & Accessory,3,Divorced,6,0,19.0,0.0,1.0,4.0,115.37,635.41,0.0
53453,1,16.0,Phone,3,7.0,Debit Card,Male,3.0,1,Mobile Phone,1,Married,7,0,14.0,0.0,2.0,5.0,123.59,671.64,0.0
53454,1,6.0,Phone,1,7.0,UPI,Female,3.0,3,Laptop & Accessory,1,Married,4,0,15.0,,2.0,31.0,145.6,763.28,0.5
53455,0,12.0,Mobile Phone,1,43.0,Debit Card,Male,3.0,3,Mobile Phone,3,Single,3,0,14.0,1.0,5.0,7.0,170.06,983.23,0.2
53456,1,8.0,Mobile Phone,3,11.0,E wallet,Male,4.0,3,Laptop & Accessory,1,Single,4,0,11.0,0.0,1.0,2.0,108.87,546.71,0.0
53457,0,8.0,Mobile Phone,1,14.0,Debit Card,Female,2.0,1,Mobile Phone,3,Married,3,0,,3.0,10.0,1.0,214.39,1392.68,0.3
53458,0,18.0,Mobile Phone,1,21.0,Debit Card,Male,3.0,3,Mobile Phone,3,Married,5,0,11.0,0.0,1.0,6.0,90.24,475.91,0.0
53459,0,6.0,Mobile Phone,1,6.0,Credit Card,Male,4.0,2,Laptop & Accessory,2,Married,3,0,12.0,0.0,1.0,10.0,151.77,717.73,0.0
53460,1,12.0,Mobile Phone,3,8.0,UPI,Female,3.0,5,Laptop & Accessory,1,Married,4,1,17.0,1.0,2.0,3.0,174.09,887.54,0.5
53461,0,22.0,Mobile Phone,1,26.0,Debit Card,Male,3.0,3,Fashion,3,Single,4,0,16.0,1.0,,12.0,171.07,823.07,1.0
53462,1,17.0,Computer,3,29.0,Debit Card,Male,3.0,1,Mobile Phone,3,Divorced,8,1,19.0,1.0,1.0,4.0,257.94,1177.17,1.0
53463,0,6.0,Mobile Phone,3,11.0,Credit Card,Female,3.0,4,Fashion,5,Married,3,0,15.0,4.0,11.0,1.0,198.52,1369.38,0.364
53464,0,13.0,Phone,2,11.0,Debit Card,Male,1.0,3,Fashion,2,Single,3,1,20.0,2.0,3.0,2.0,111.62,719.16,0.667
53465,0,2.0,Mobile Phone,1,22.0,Credit Card,Female,3.0,3,Laptop & Accessory,4,Married,4,0,17.0,1.0,1.0,2.0,185.93,887.53,1.0
53466,1,18.0,Mobile Phone,1,9.0,E wallet,Female,3.0,2,Mobile Phone,3,Single,4,1,17.0,1.0,2.0,1.0,112.04,651.75,0.5
53467,0,40.0,Computer,1,6.0,E wallet,Female,3.0,6,Fashion,2,Married,2,0,11.0,2.0,3.0,5.0,236.06,1120.03,0.667
53468,0,12.0,Mobile Phone,1,9.0,E wallet,Female,3.0,5,Mobile Phone,3,Married,3,0,22.0,0.0,1.0,8.0,57.27,438.63,0.0
53469,0,22.0,Mobile Phone,3,11.0,UPI,Female,3.0,4,Fashion,3,Single,5,0,11.0,4.0,,1.0,150.69,930.62,0.667
53470,1,3.0,Phone,1,6.0,E wallet,Male,3.0,4,Mobile Phone,3,Single,6,1,17.0,2.0,4.0,7.0,181.23,1004.67,0.5
53471,0,4.0,Mobile Phone,3,13.0,UPI,Male,2.0,3,Mobile Phone,4,Married,3,0,23.0,1.0,2.0,1.0,108.32,685.62,0.5
53472,0,8.0,Mobile Phone,1,21.0,Debit Card,Male,2.0,5,Fashion,5,Married,2,0,11.0,1.0,4.0,2.0,224.05,1119.39,0.25
53473,1,9.0,Mobile Phone,2,14.0,Credit Card,Female,3.0,3,Laptop & Accessory,2,Married,6,1,14.0,1.0,2.0,6.0,234.01,1091.24,0.5
53474,0,12.0,Mobile Phone,1,6.0,COD,Male,2.0,3,Mobile Phone,2,Married,5,0,11.0,0.0,4.0,2.0,143.57,813.57,0.0
53475,1,6.0,Phone,1,12.0,Credit Card,Male,3.0,2,Laptop & Accessory,3,Single,6,1,18.0,0.0,2.0,0.0,151.29,808.9,0.0
53476,0,11.0,Mobile Phone,3,20.0,UPI,Female,3.0,3,Laptop & Accessory,3,Married,6,1,15.0,1.0,1.0,8.0,126.35,645.13,1.0
53477,0,18.0,Mobile Phone,1,6.0,Debit Card,Male,2.0,3,Laptop & Accessory,5,Divorced,4,0,13.0,1.0,1.0,,198.34,902.69,1.0
53478,0,13.0,Mobile Phone,1,6.0,UPI,Female,4.0,3,Mobile Phone,5,Married,7,0,12.0,1.0,3.0,9.0,161.53,844.81,0.333
53479,0,8.0,Mobile Phone,1,11.0,Credit Card,Male,3.0,4,Fashion,2,Single,8,0,14.0,4.0,8.0,1.0,111.65,896.27,0.5
53480,0,16.0,Computer,1,8.0,Debit Card,Male,2.0,3,Laptop & Accessory,4,Married,6,0,18.0,3.0,5.0,1.0,272.37,1404.01,0.6
53481,0,7.0,Mobile Phone,3,38.0,Debit Card,Male,2.0,4,Fashion,4,Single,4,0,12.0,3.0,5.0,10.0,255.2,1290.76,0.6
53482,1,10.0,Computer,3,15.0,Debit Card,Male,3.0,3,Laptop & Accessory,4,Single,4,1,15.0,2.0,2.0,2.0,270.96,1239.65,1.0
53483,1,17.0,Phone,1,9.0,UPI,Male,3.0,4,Laptop & Accessory,2,Married,4,1,16.0,1.0,1.0,5.0,93.97,530.09,1.0
53484,0,9.0,Phone,1,20.0,Credit Card,Male,4.0,3,Grocery,1,Single,5,0,14.0,1.0,1.0,2.0,226.92,1019.3,1.0
53485,1,4.0,Mobile Phone,2,11.0,UPI,Male,3.0,4,Laptop & Accessory,3,Divorced,4,1,16.0,1.0,2.0,,189.72,938.94,0.5
53486,0,10.0,Mobile Phone,3,7.0,Credit Card,Female,4.0,2,Laptop & Accessory,4,Married,3,1,11.0,0.0,4.0,7.0,194.5,1007.1,0.0
53487,0,17.0,Computer,3,8.0,UPI,Male,2.0,2,Laptop & Accessory,5,Married,10,0,12.0,1.0,1.0,11.0,107.66,550.11,1.0
53488,0,18.0,Computer,2,17.0,Credit Card,Female,3.0,4,Laptop & Accessory,4,Single,8,0,15.0,0.0,1.0,5.0,124.71,638.9,0.0
53489,0,4.0,Mobile Phone,1,6.0,Debit Card,Female,4.0,4,Laptop & Accessory,3,Married,8,0,11.0,1.0,1.0,2.0,142.53,674.61,1.0
53490,1,15.0,Mobile Phone,1,9.0,Debit Card,Male,2.0,3,Laptop & Accessory,5,Single,6,0,14.0,1.0,3.0,2.0,174.39,909.68,0.333
53491,1,8.0,Mobile Phone,1,8.0,COD,Male,2.0,3,Mobile Phone,3,Single,6,1,14.0,0.0,1.0,1.0,157.28,754.66,0.0
53492,0,23.0,Computer,1,8.0,Debit Card,Male,3.0,3,Mobile Phone,2,Married,6,0,18.0,1.0,3.0,,172.5,934.5,0.333
53493,0,4.0,Mobile Phone,2,19.0,Debit Card,Female,4.0,3,Mobile Phone,4,Divorced,2,0,,1.0,2.0,8.0,151.31,824.98,0.5
53494,1,15.0,Phone,1,,Debit Card,Female,3.0,5,Fashion,2,Divorced,4,1,20.0,5.0,12.0,1.0,131.73,1200.57,0.417
53495,0,8.0,Phone,2,20.0,Debit Card,Male,3.0,3,Laptop & Accessory,5,Single,4,0,16.0,,7.0,1.0,186.09,1150.14,0.714
53496,0,6.0,Phone,1,17.0,UPI,Male,3.0,4,Mobile Phone,3,Married,3,0,11.0,2.0,2.0,0.0,179.75,861.05,1.0
53497,0,18.0,Phone,2,35.0,Credit Card,Female,1.0,4,Mobile Phone,2,Married,3,0,11.0,2.0,4.0,3.0,176.72,939.54,0.5
53498,0,19.0,Mobile Phone,1,6.0,Credit Card,Female,3.0,1,Laptop & Accessory,2,Single,4,0,17.0,1.0,2.0,0.0,216.53,1048.81,0.5
53499,0,2.0,Computer,1,7.0,UPI,Male,2.0,1,Fashion,4,Married,7,1,18.0,1.0,1.0,4.0,165.13,816.49,1.0
53500,1,18.0,Phone,1,11.0,Credit Card,Male,2.0,3,Mobile Phone,3,Married,3,0,11.0,1.0,,2.0,179.78,816.16,1.0
53501,0,9.0,Phone,3,11.0,E wallet,Male,4.0,4,Laptop & Accessory,3,Married,6,0,21.0,0.0,3.0,7.0,179.88,986.54,0.0
53502,0,10.0,Mobile Phone,1,11.0,Debit Card,Female,3.0,3,Laptop & Accessory,4,Married,4,1,20.0,1.0,1.0,3.0,76.24,494.71,1.0
53503,1,4.0,Phone,3,8.0,COD,Female,5.0,1,Laptop & Accessory,2,Married,4,0,21.0,0.0,2.0,,215.64,1077.43,0.0
53504,0,14.0,Mobile Phone,1,7.0,Debit Card,Male,2.0,3,Fashion,2,Single,5,0,16.0,1.0,1.0,1.0,146.6,730.08,1.0
53505,0,35.0,Mobile Phone,1,14.0,E wallet,Male,3.0,2,Fashion,4,Single,3,0,11.0,0.0,1.0,12.0,201.66,899.31,0.0
53506,0,7.0,Phone,3,37.0,Credit Card,Female,4.0,3,Mobile Phone,1,Married,5,0,18.0,1.0,4.0,14.0,182.78,1018.56,0.25
53507,0,20.0,Mobile Phone,1,11.0,Debit Card,Female,2.0,3,Laptop & Accessory,5,Single,2,0,15.0,0.0,1.0,6.0,136.47,683.59,0.0
53508,1,10.0,Phone,1,6.0,Credit Card,Male,2.0,2,Mobile Phone,2,Single,2,1,15.0,1.0,1.0,2.0,200.1,925.38,1.0
53509,0,7.0,Mobile Phone,1,20.0,Debit Card,Male,3.0,4,Fashion,3,Married,5,0,20.0,0.0,1.0,7.0,117.78,652.56,0.0
53510,1,3.0,Phone,3,9.0,Debit Card,Male,3.0,3,Mobile Phone,2,Married,6,0,13.0,0.0,1.0,6.0,180.86,836.27,0.0
53511,1,22.0,Mobile Phone,1,8.0,Credit Card,Male,5.0,4,Laptop & Accessory,2,Single,4,1,17.0,1.0,1.0,1.0,157.18,778.28,1.0
53512,0,11.0,Phone,1,10.0,COD,Male,3.0,3,Laptop & Accessory,5,Divorced,6,0,14.0,1.0,,0.0,219.22,990.04,1.0
53513,0,,Mobile Phone,1,20.0,Credit Card,Male,4.0,4,Laptop & Accessory,4,Married,3,0,,2.0,4.0,1.0,228.51,1152.34,0.5
53514,0,8.0,Phone,1,25.0,Credit Card,Female,4.0,2,Laptop & Accessory,3,Married,7,0,13.0,5.0,10.0,9.0,168.31,1193.58,0.5
53515,1,15.0,Computer,1,16.0,Debit Card,Female,2.0,3,Fashion,2,Married,6,1,13.0,0.0,2.0,1.0,162.84,812.79,0.0
53516,0,7.0,Mobile Phone,2,10.0,Debit Card,Male,3.0,4,Laptop & Accessory,2,Married,6,0,11.0,,4.0,7.0,93.95,625.01,0.5
53517,0,5.0,Mobile Phone,2,9.0,Credit Card,Female,2.0,4,Grocery,3,Married,3,0,23.0,0.0,1.0,2.0,148.93,794.93,0.0
53518,0,9.0,Phone,1,7.0,COD,Female,2.0,2,Mobile Phone,4,Divorced,2,0,,1.0,3.0,6.0,160.97,874.69,0.333
53519,1,9.0,Phone,3,37.0,UPI,Male,4.0,2,Mobile Phone,2,Single,4,0,17.0,0.0,6.0,10.0,145.7,959.66,0.0
53520,0,9.0,Phone,3,17.0,Debit Card,Female,2.0,4,Mobile Phone,3,Married,5,0,13.0,1.0,3.0,7.0,198.72,994.14,0.333
53521,0,7.0,Phone,3,5.0,Credit Card,Male,3.0,2,Laptop & Accessory,4,Married,6,0,12.0,0.0,3.0,3.0,171.3,881.94,0.0
53522,0,21.0,Mobile Phone,1,18.0,Credit Card,Female,3.0,4,Laptop & Accessory,4,Married,4,1,13.0,1.0,1.0,,198.87,904.71,1.0
53523,0,42.0,Mobile Phone,1,12.0,Credit Card,Male,2.0,5,Others,2,Single,1,0,13.0,2.0,2.0,1.0,102.55,583.69,1.0
53524,1,4.0,Mobile Phone,3,48.0,Credit Card,Male,3.0,3,Mobile Phone,3,Married,3,1,16.0,0.0,1.0,7.0,184.82,875.32,0.0
53525,0,1.0,Mobile Phone,1,26.0,E wallet,Male,3.0,4,Laptop & Accessory,5,Married,5,0,15.0,1.0,1.0,0.0,154.22,751.04,1.0
53526,1,8.0,Phone,1,7.0,Debit Card,Male,3.0,3,Laptop & Accessory,4,Single,4,1,22.0,1.0,1.0,,206.97,1007.49,1.0
53527,1,2.0,Mobile Phone,3,,COD,Male,4.0,4,Laptop & Accessory,2,Married,4,0,12.0,2.0,8.0,16.0,202.88,1226.94,0.25
53528,1,3.0,Computer,1,13.0,Debit Card,Female,3.0,3,Laptop & Accessory,3,Married,3,1,17.0,1.0,1.0,,175.89,849.38,1.0
53529,0,7.0,Computer,1,7.0,Credit Card,Female,1.0,2,Laptop & Accessory,5,Married,4,0,11.0,0.0,2.0,0.0,198.73,933.17,0.0
53530,1,15.0,Computer,1,19.0,UPI,Male,2.0,4,Laptop & Accessory,3,Married,5,0,14.0,2.0,4.0,6.0,11.61,336.12,0.5
53531,0,8.0,Computer,3,15.0,Credit Card,Male,3.0,2,Mobile Phone,4,Married,2,1,25.0,0.0,2.0,1.0,223.26,1138.39,0.0
53532,1,1.0,Mobile Phone,1,5.0,Debit Card,Female,3.0,5,Fashion,1,Married,5,0,11.0,2.0,3.0,6.0,218.99,1055.16,0.667
53533,0,8.0,Computer,3,17.0,Debit Card,Male,4.0,3,Laptop & Accessory,5,Married,2,1,19.0,4.0,7.0,2.0,241.64,1385.23,0.571
53534,0,9.0,Mobile Phone,1,17.0,Credit Card,Male,3.0,2,Mobile Phone,4,Divorced,5,0,17.0,1.0,3.0,2.0,108.87,684.71,0.333
53535,1,9.0,Mobile Phone,1,7.0,Debit Card,Female,2.0,3,Laptop & Accessory,2,Single,3,1,14.0,2.0,4.0,4.0,133.06,797.63,0.5
53536,0,19.0,Phone,1,10.0,Credit Card,Female,2.0,4,Laptop & Accessory,3,Single,10,0,11.0,0.0,1.0,1.0,118.98,585.12,0.0
53537,0,17.0,Mobile Phone,1,16.0,Debit Card,Female,3.0,3,Mobile Phone,1,Married,8,0,14.0,1.0,4.0,16.0,221.23,1132.67,0.25
53538,0,10.0,Computer,1,7.0,E wallet,Male,3.0,4,Fashion,4,Married,3,0,13.0,0.0,2.0,0.0,160.0,802.0,0.0
53539,1,31.0,Phone,1,28.0,Debit Card,Male,2.0,2,Laptop & Accessory,4,Divorced,5,1,12.0,0.0,1.0,13.0,185.31,845.18,0.0
53540,1,7.0,Phone,3,5.0,Credit Card,Female,3.0,3,Mobile Phone,3,Single,8,1,11.0,4.0,5.0,2.0,193.07,1046.67,0.8
53541,1,9.0,Mobile Phone,1,6.0,Credit Card,Female,4.0,4,Others,3,Married,3,1,15.0,5.0,8.0,5.0,205.8,1262.04,0.625
53542,1,10.0,Phone,1,6.0,Credit Card,Female,3.0,1,Fashion,3,Single,1,1,13.0,1.0,3.0,28.0,132.27,741.63,0.333
53543,1,3.0,Mobile Phone,1,14.0,Debit Card,Male,3.0,3,Laptop & Accessory,1,Married,4,0,11.0,2.0,6.0,1.0,146.29,913.9,0.333
53544,0,10.0,Computer,3,17.0,Credit Card,Female,,5,Laptop & Accessory,3,Married,3,0,11.0,0.0,,3.0,156.0,725.8,0.0
53545,1,3.0,Mobile Phone,1,11.0,Credit Card,Male,2.0,3,Grocery,2,Divorced,2,0,13.0,2.0,3.0,0.0,222.53,1084.61,0.667
53546,0,6.0,Phone,1,9.0,Debit Card,Male,2.0,4,Laptop & Accessory,2,Married,5,0,18.0,0.0,2.0,1.0,178.18,911.08,0.0
53547,0,11.0,Mobile Phone,3,25.0,E wallet,Male,1.0,4,Mobile Phone,5,Married,5,0,16.0,1.0,1.0,1.0,247.53,1113.61,1.0
53548,1,3.0,Mobile Phone,1,6.0,UPI,Female,2.0,3,Laptop & Accessory,2,Married,7,1,16.0,1.0,3.0,6.0,112.5,690.5,0.333
53549,0,12.0,Mobile Phone,1,9.0,Debit Card,Male,4.0,4,Mobile Phone,3,Married,5,0,13.0,0.0,2.0,5.0,208.3,985.54,0.0
53550,0,,Mobile Phone,1,5.0,Credit Card,Male,2.0,4,Laptop & Accessory,5,Married,4,1,22.0,0.0,1.0,3.0,199.5,979.1,0.0
53551,0,8.0,Phone,2,5.0,Credit Card,Female,3.0,4,Mobile Phone,3,Divorced,3,0,13.0,1.0,1.0,0.0,177.28,822.66,1.0
53552,1,13.0,Mobile Phone,1,10.0,Debit Card,Male,3.0,2,Laptop & Accessory,3,Single,5,0,17.0,1.0,,1.0,148.09,743.74,1.0
53553,0,9.0,Mobile Phone,1,8.0,Debit Card,Male,3.0,5,Mobile Phone,2,Married,6,0,19.0,0.0,1.0,5.0,162.02,812.68,0.0
53554,0,,Phone,3,9.0,COD,Female,3.0,4,Laptop & Accessory,3,Married,3,0,15.0,3.0,3.0,0.0,205.82,1037.12,1.0
53555,1,13.0,Mobile Phone,1,26.0,Credit Card,Female,3.0,3,Laptop & Accessory,3,Married,4,1,11.0,,2.0,4.0,167.3,813.74,0.0
53556,0,9.0,Mobile Phone,2,7.0,UPI,Male,3.0,3,Mobile Phone,3,Married,5,0,17.0,0.0,2.0,1.0,144.85,776.43,0.0
53557,1,12.0,Computer,1,23.0,Credit Card,Female,4.0,3,Others,1,Single,3,1,16.0,1.0,2.0,4.0,213.04,1027.55,0.5
53558,0,6.0,Mobile Phone,1,18.0,Debit Card,Male,1.0,4,Fashion,3,Single,6,0,11.0,4.0,8.0,7.0,182.3,1140.74,0.5
53559,0,13.0,Mobile Phone,1,10.0,Debit Card,Female,2.0,6,Laptop & Accessory,5,Divorced,1,0,17.0,0.0,1.0,9.0,259.39,1166.68,0.0
53560,1,,Mobile Phone,1,14.0,E wallet,Female,3.0,1,Mobile Phone,1,Married,2,1,15.0,1.0,1.0,3.0,157.31,762.78,1.0
53561,1,21.0,Mobile Phone,2,,Credit Card,Male,3.0,5,Mobile Phone,1,Single,2,0,17.0,,2.0,4.0,225.74,1083.81,1.0
53562,0,11.0,Mobile Phone,1,7.0,Debit Card,Female,3.0,2,Mobile Phone,1,Single,4,0,11.0,4.0,9.0,3.0,185.15,1196.57,0.444
53563,1,7.0,Mobile Phone,1,34.0,Credit Card,Male,5.0,3,Fashion,4,Divorced,4,1,18.0,4.0,4.0,3.0,215.0,1141.0,1.0
53564,0,14.0,Phone,3,15.0,E wallet,Male,3.0,3,Others,5,Single,3,0,13.0,3.0,4.0,2.0,152.73,864.37,0.75
53565,1,22.0,Mobile Phone,1,30.0,E wallet,Female,4.0,3,Laptop & Accessory,1,Married,7,0,12.0,2.0,4.0,7.0,147.84,837.79,0.5
53566,0,7.0,Mobile Phone,3,26.0,Debit Card,Male,3.0,3,Fashion,5,Married,5,1,18.0,1.0,1.0,2.0,243.33,1113.65,1.0
53567,0,6.0,Mobile Phone,3,6.0,Debit Card,Male,2.0,4,Laptop & Accessory,4,Married,2,1,19.0,1.0,1.0,4.0,193.25,931.35,1.0
53568,0,1.0,Phone,3,8.0,COD,Male,3.0,3,Fashion,3,Married,2,0,16.0,2.0,2.0,3.0,177.93,894.13,1.0
53569,1,11.0,Computer,3,7.0,UPI,Male,4.0,2,Fashion,2,Married,4,1,18.0,1.0,1.0,2.0,112.69,617.22,1.0
53570,0,8.0,Mobile Phone,1,26.0,Debit Card,Female,3.0,4,Mobile Phone,3,Married,6,0,13.0,1.0,2.0,,150.04,764.15,0.5
53571,0,13.0,Computer,3,29.0,E wallet,Female,4.0,4,Fashion,5,Married,9,0,14.0,1.0,1.0,3.0,130.05,651.19,1.0
53572,0,14.0,Mobile Phone,3,14.0,Debit Card,Male,4.0,5,Mobile Phone,5,Single,3,1,20.0,1.0,3.0,2.0,202.79,1065.6,0.333
53573,1,3.0,Mobile Phone,3,6.0,Debit Card,Male,3.0,2,Mobile Phone,4,Single,4,0,11.0,0.0,1.0,6.0,192.35,863.93,0.0
53574,0,17.0,Mobile Phone,1,7.0,Debit Card,Male,2.0,5,Grocery,4,Single,2,0,11.0,3.0,4.0,4.0,198.67,1022.95,0.75
53575,1,6.0,Mobile Phone,3,25.0,Debit Card,Male,3.0,3,Laptop & Accessory,2,Married,4,1,14.0,,2.0,3.0,205.84,984.19,0.0
53576,0,7.0,Mobile Phone,3,37.0,E wallet,Male,5.0,3,Others,5,Married,7,0,13.0,1.0,2.0,1.0,204.47,970.99,0.5
53577,0,12.0,Mobile Phone,3,8.0,Credit Card,Male,2.0,5,Laptop & Accessory,4,Married,4,0,20.0,1.0,1.0,3.0,238.17,1110.05,1.0
53578,1,4.0,Mobile Phone,1,5.0,Debit Card,Male,3.0,3,Mobile Phone,3,Married,4,1,14.0,0.0,,3.0,174.27,909.23,0.0
53579,0,6.0,Mobile Phone,1,10.0,E wallet,Female,3.0,4,Laptop & Accessory,5,Married,3,1,16.0,2.0,5.0,6.0,192.1,1082.98,0.4
53580,1,4.0,Mobile Phone,3,,E wallet,Female,2.0,4,Laptop & Accessory,2,Married,4,1,19.0,3.0,5.0,3.0,194.01,1114.24,0.6
53581,1,18.0,Mobile Phone,1,,Debit Card,Female,3.0,3,Mobile Phone,2,Married,6,1,19.0,1.0,1.0,3.0,210.48,996.82,1.0
53582,0,7.0,Computer,1,,Credit Card,Female,2.0,4,Laptop & Accessory,5,Single,6,0,11.0,5.0,10.0,2.0,203.62,1311.76,0.5
53583,0,4.0,Mobile Phone,3,17.0,E wallet,Male,4.0,3,Grocery,3,Married,5,0,,,1.0,17.0,179.56,863.33,0.0
53584,0,4.0,Phone,1,11.0,E wallet,Female,3.0,2,Laptop & Accessory,3,Single,6,0,11.0,1.0,1.0,9.0,126.75,614.65,1.0
53585,0,16.0,Phone,1,10.0,E wallet,Female,4.0,4,Laptop & Accessory,4,Married,4,0,19.0,0.0,2.0,0.0,144.93,792.73,0.0
53586,0,5.0,Mobile Phone,1,8.0,Debit Card,Female,2.0,5,Fashion,2,Married,5,0,14.0,2.0,2.0,9.0,172.56,857.73,1.0
53587,1,7.0,Mobile Phone,1,23.0,Debit Card,Male,1.0,3,Fashion,3,Single,7,1,18.0,0.0,3.0,2.0,177.9,955.02,0.0
53588,0,10.0,Mobile Phone,1,19.0,E wallet,Female,4.0,6,Mobile Phone,4,Single,3,0,,1.0,2.0,2.0,190.11,924.42,0.5
53589,0,8.0,Phone,1,10.0,UPI,Female,3.0,3,Laptop & Accessory,2,Single,5,0,14.0,1.0,1.0,,164.35,781.53,1.0
53590,1,2.0,Mobile Phone,1,10.0,Debit Card,Male,2.0,3,Fashion,3,Married,4,0,17.0,0.0,1.0,11.0,236.4,1079.32,0.0
53591,0,14.0,Mobile Phone,1,5.0,Debit Card,Female,2.0,4,Laptop & Accessory,3,Married,6,0,17.0,2.0,4.0,9.0,186.0,1022.8,0.5
53592,1,8.0,Mobile Phone,3,6.0,E wallet,Male,3.0,2,Others,5,Married,5,1,13.0,0.0,1.0,12.0,78.86,448.67,0.0
53593,0,12.0,Computer,1,17.0,Debit Card,Male,2.0,5,Mobile Phone,2,Married,3,0,11.0,1.0,,,161.95,838.41,0.333
53594,0,15.0,Mobile Phone,1,14.0,Debit Card,Male,3.0,4,Fashion,3,Single,5,0,13.0,0.0,4.0,1.0,159.99,891.96,0.0
53595,0,2.0,Phone,1,12.0,Debit Card,Male,3.0,4,Fashion,5,Married,8,0,16.0,1.0,4.0,0.0,192.05,1037.79,0.25
53596,0,15.0,Mobile Phone,3,26.0,Credit Card,Female,3.0,4,Mobile Phone,2,Divorced,7,0,20.0,2.0,4.0,11.0,178.35,1017.73,0.5
53597,0,37.0,Computer,3,13.0,Debit Card,Male,4.0,4,Mobile Phone,4,Single,4,1,14.0,1.0,1.0,4.0,187.07,867.87,1.0
53598,0,13.0,Mobile Phone,1,11.0,Credit Card,Male,2.0,4,Mobile Phone,2,Single,6,0,12.0,1.0,2.0,1.0,238.96,1094.05,0.5
53599,1,21.0,Mobile Phone,1,7.0,Debit Card,Female,3.0,3,Laptop & Accessory,5,Married,3,0,11.0,1.0,2.0,0.0,192.36,908.97,0.5
53600,0,18.0,Computer,1,26.0,COD,Male,2.0,5,Laptop & Accessory,3,Divorced,3,0,16.0,3.0,7.0,1.0,324.99,1677.96,0.429
53601,0,15.0,Phone,3,15.0,UPI,Female,4.0,3,Laptop & Accessory,5,Divorced,5,0,14.0,0.0,1.0,1.0,223.34,1005.69,0.0
53602,0,18.0,Mobile Phone,1,6.0,UPI,Female,4.0,3,Mobile Phone,2,Single,5,0,13.0,4.0,7.0,5.0,175.78,1086.96,0.571
53603,1,20.0,Mobile Phone,1,18.0,UPI,Male,3.0,2,Mobile Phone,4,Married,4,0,21.0,1.0,5.0,1.0,198.92,1148.9,0.2
53604,0,20.0,Phone,2,12.0,Credit Card,Female,2.0,5,Mobile Phone,4,Married,2,1,17.0,2.0,4.0,2.0,281.38,1385.24,0.5
53605,0,4.0,Computer,3,25.0,Debit Card,Male,2.0,3,Fashion,4,Married,3,0,17.0,2.0,3.0,4.0,101.3,655.94,0.667
53606,1,19.0,Mobile Phone,1,35.0,Debit Card,Female,4.0,3,Mobile Phone,1,Married,4,1,13.0,0.0,2.0,7.0,223.74,1044.21,0.0
53607,0,8.0,Phone,3,16.0,Debit Card,Female,3.0,2,Laptop & Accessory,3,Single,6,0,15.0,1.0,1.0,,239.55,1075.29,1.0
53608,0,,Phone,1,21.0,Debit Card,Female,4.0,3,Laptop & Accessory,3,Married,1,0,16.0,2.0,2.0,0.0,137.81,741.68,1.0
53609,0,13.0,Mobile Phone,2,6.0,Credit Card,Male,2.0,3,Laptop & Accessory,3,Married,7,0,13.0,1.0,1.0,5.0,150.62,721.36,1.0
53610,0,4.0,Phone,1,15.0,COD,Male,3.0,4,Laptop & Accessory,4,Married,6,0,18.0,1.0,2.0,,153.64,817.83,0.5
53611,0,23.0,Mobile Phone,1,22.0,Credit Card,Female,3.0,3,Laptop & Accessory,1,Married,4,0,13.0,,3.0,2.0,260.24,1227.91,0.333
53612,0,6.0,Computer,2,13.0,Credit Card,Female,4.0,4,Mobile Phone,4,Single,4,1,19.0,2.0,2.0,,183.53,939.41,1.0
53613,0,8.0,Phone,1,16.0,Credit Card,Male,3.0,2,Laptop & Accessory,3,Married,2,0,18.0,1.0,1.0,4.0,140.45,722.71,1.0
53614,1,26.0,Phone,1,33.0,Debit Card,Male,2.0,3,Laptop & Accessory,2,Single,5,1,17.0,1.0,3.0,,93.7,627.06,0.333
53615,0,11.0,Mobile Phone,1,8.0,UPI,Male,4.0,4,Others,2,Single,3,0,16.0,2.0,5.0,1.0,225.11,1208.42,0.4
53616,1,8.0,Mobile Phone,1,6.0,Credit Card,Female,1.0,3,Others,1,Married,4,0,15.0,0.0,3.0,3.0,183.14,950.93,0.0
53617,0,9.0,Mobile Phone,1,19.0,Debit Card,Male,3.0,2,Mobile Phone,3,Married,4,0,19.0,0.0,3.0,5.0,226.31,1146.98,0.0
53618,0,8.0,Phone,3,26.0,UPI,Female,,5,Laptop & Accessory,4,Married,8,0,14.0,1.0,2.0,4.0,194.52,941.18,0.5
53619,0,16.0,Phone,1,28.0,Credit Card,Female,2.0,2,Fashion,4,Divorced,4,1,11.0,2.0,,7.0,244.01,1150.24,0.667
53620,0,8.0,Mobile Phone,1,17.0,Credit Card,Male,3.0,2,Mobile Phone,5,Married,3,0,14.0,0.0,,2.0,90.35,500.33,0.0
53621,1,9.0,Phone,1,,Credit Card,Male,3.0,3,Laptop & Accessory,3,Married,2,1,14.0,2.0,3.0,9.0,209.68,1043.78,0.667
53622,0,14.0,Computer,1,19.0,E wallet,Female,3.0,2,Mobile Phone,4,Married,4,0,13.0,0.0,1.0,2.0,188.89,866.78,0.0
53623,0,13.0,Mobile Phone,1,6.0,Debit Card,Male,2.0,2,Laptop & Accessory,4,Married,5,0,19.0,,3.0,1.0,158.06,887.63,0.667
53624,1,6.0,Mobile Phone,1,22.0,UPI,Male,3.0,4,Others,1,Married,5,0,11.0,1.0,2.0,7.0,193.43,913.03,0.5
53625,0,16.0,Phone,1,7.0,COD,Male,5.0,2,Fashion,5,Married,3,0,14.0,0.0,1.0,0.0,158.47,759.19,0.0
53626,0,7.0,Mobile Phone,1,8.0,Credit Card,Male,3.0,2,Laptop & Accessory,5,Single,1,0,15.0,0.0,1.0,14.0,184.13,864.69,0.0
53627,1,4.0,Phone,3,11.0,Credit Card,Male,4.0,4,Mobile Phone,3,Married,4,0,,,4.0,0.0,126.46,764.55,0.25
53628,0,2.0,Mobile Phone,1,10.0,E wallet,Female,4.0,3,Mobile Phone,3,Married,6,0,19.0,0.0,1.0,7.0,204.23,973.07,0.0
53629,0,9.0,Computer,1,10.0,Debit Card,Female,4.0,2,Fashion,5,Single,2,0,22.0,1.0,1.0,1.0,211.27,1023.83,1.0
53630,0,3.0,Mobile Phone,1,,COD,Female,5.0,3,Laptop & Accessory,3,Married,3,0,16.0,1.0,3.0,1.0,226.5,1123.7,0.333
53631,1,5.0,Mobile Phone,3,9.0,Credit Card,Male,3.0,1,Laptop & Accessory,5,Single,3,0,17.0,1.0,1.0,4.0,113.83,613.55,1.0
53632,1,10.0,Mobile Phone,1,5.0,Credit Card,Male,3.0,3,Laptop & Accessory,1,Married,3,0,18.0,1.0,1.0,,109.41,604.76,1.0
53633,0,20.0,Mobile Phone,3,13.0,Credit Card,Male,3.0,3,Laptop & Accessory,2,Single,3,0,16.0,0.0,2.0,0.0,125.34,694.29,0.0
53634,0,8.0,Mobile Phone,1,23.0,Credit Card,Male,4.0,5,Grocery,1,Single,3,0,22.0,5.0,7.0,12.0,248.01,1433.44,0.714
53635,1,3.0,Mobile Phone,1,29.0,Debit Card,Male,,3,Grocery,3,Single,7,1,14.0,1.0,1.0,,170.31,804.18,1.0
53636,0,9.0,Computer,2,26.0,E wallet,Male,3.0,4,Laptop & Accessory,5,Married,4,0,17.0,5.0,6.0,1.0,194.15,1143.77,0.833
53637,0,19.0,Computer,3,11.0,Credit Card,Male,2.0,2,Laptop & Accessory,3,Married,2,0,14.0,2.0,2.0,3.0,220.68,1040.58,1.0
53638,0,8.0,Mobile Phone,1,21.0,E wallet,Male,4.0,3,Mobile Phone,3,Married,4,0,20.0,0.0,1.0,8.0,137.97,729.29,0.0
53639,0,22.0,Phone,1,9.0,Debit Card,Male,3.0,3,Fashion,3,Divorced,3,0,12.0,3.0,,0.0,184.24,1021.11,0.6
53640,1,10.0,Mobile Phone,1,6.0,Credit Card,Male,2.0,3,Laptop & Accessory,1,Married,6,0,12.0,1.0,1.0,7.0,131.46,640.55,1.0
53641,0,15.0,Computer,3,19.0,E wallet,Male,3.0,3,Mobile Phone,4,Single,8,0,16.0,2.0,2.0,8.0,104.01,613.24,1.0
53642,0,11.0,Phone,2,18.0,COD,Female,3.0,5,Laptop & Accessory,4,Single,2,0,21.0,1.0,3.0,2.0,223.93,1153.93,0.333
53643,1,21.0,Mobile Phone,1,24.0,UPI,Male,2.0,5,Laptop & Accessory,5,Single,5,0,21.0,1.0,3.0,24.0,171.74,955.61,0.333
53644,0,32.0,Phone,1,16.0,UPI,Male,,3,Fashion,3,Married,2,0,11.0,1.0,1.0,,205.27,913.03,1.0
53645,1,7.0,Phone,1,7.0,Debit Card,Male,1.0,2,Mobile Phone,3,Married,5,1,19.0,0.0,1.0,10.0,223.91,1047.86,0.0
53646,0,,Mobile Phone,1,28.0,E wallet,Male,2.0,3,Mobile Phone,5,Single,3,0,16.0,1.0,5.0,10.0,121.04,812.95,0.2
53647,0,20.0,Computer,1,17.0,Debit Card,Female,3.0,4,Fashion,2,Married,3,0,14.0,1.0,2.0,6.0,150.14,772.53,0.5
53648,0,12.0,Computer,2,25.0,Debit Card,Male,4.0,1,Fashion,2,Married,7,0,21.0,1.0,2.0,0.0,258.32,1239.62,0.5
53649,0,2.0,Mobile Phone,1,23.0,Debit Card,Female,3.0,3,Laptop & Accessory,3,Married,6,0,18.0,0.0,2.0,5.0,199.83,993.35,0.0
53650,1,8.0,Phone,1,9.0,E wallet,Male,3.0,1,Mobile Phone,3,Married,6,1,18.0,0.0,1.0,0.0,121.8,651.84,0.0
53651,0,11.0,Computer,1,6.0,Debit Card,Female,4.0,3,Fashion,3,Married,3,0,17.0,1.0,2.0,0.0,137.92,750.1,0.5
53652,0,25.0,Mobile Phone,1,7.0,Debit Card,Female,3.0,2,Mobile Phone,2,Married,7,0,14.0,0.0,1.0,1.0,141.6,695.08,0.0
53653,0,10.0,Mobile Phone,1,6.0,Debit Card,Female,3.0,5,Mobile Phone,5,Divorced,4,0,16.0,,1.0,3.0,189.12,891.66,0.0
53654,0,5.0,Mobile Phone,1,8.0,Credit Card,Male,3.0,2,Laptop & Accessory,4,Married,5,0,17.0,2.0,5.0,3.0,178.94,1040.97,0.4
53655,1,12.0,Computer,1,12.0,UPI,Female,3.0,2,Laptop & Accessory,2,Married,6,1,11.0,4.0,7.0,2.0,223.67,1252.95,0.571
53656,1,23.0,Phone,3,33.0,Credit Card,Male,2.0,5,Laptop & Accessory,3,Single,3,0,18.0,0.0,1.0,3.0,205.98,971.72,0.0
53657,0,6.0,Mobile Phone,2,30.0,Credit Card,Male,4.0,3,Mobile Phone,5,Single,8,1,21.0,0.0,1.0,1.0,134.9,725.62,0.0
53658,0,7.0,Computer,1,20.0,Debit Card,Female,2.0,4,Laptop & Accessory,3,Single,5,0,21.0,3.0,7.0,,247.35,1422.93,0.429
53659,1,6.0,Phone,1,5.0,Debit Card,Female,3.0,3,Grocery,3,Single,3,1,12.0,0.0,,1.0,197.1,979.98,0.0
53660,1,3.0,Computer,1,10.0,Debit Card,Male,2.0,3,Mobile Phone,2,Single,2,0,14.0,1.0,1.0,3.0,269.85,1182.43,1.0
53661,0,10.0,Mobile Phone,1,19.0,Credit Card,Female,3.0,1,Mobile Phone,2,Married,7,0,19.0,0.0,1.0,6.0,139.87,728.51,0.0
53662,0,9.0,Mobile Phone,1,7.0,Credit Card,Male,3.0,3,Mobile Phone,3,Married,6,0,15.0,3.0,4.0,3.0,75.17,585.65,0.75
53663,0,2.0,Phone,1,24.0,Debit Card,Male,2.0,3,Mobile Phone,4,Single,9,0,13.0,1.0,3.0,9.0,202.49,1008.46,0.333
53664,0,5.0,Mobile Phone,1,35.0,E wallet,Female,2.0,3,Fashion,3,Single,6,0,20.0,4.0,5.0,3.0,165.5,1013.9,0.8
53665,0,11.0,Phone,1,10.0,COD,Male,2.0,3,Fashion,5,Married,11,0,15.0,2.0,4.0,1.0,199.73,1058.97,0.5
53666,0,15.0,Computer,2,20.0,Debit Card,Male,3.0,4,Laptop & Accessory,2,Married,6,0,11.0,6.0,7.0,3.0,168.1,1041.78,0.857
53667,0,18.0,Mobile Phone,3,7.0,Debit Card,Male,2.0,3,Laptop & Accessory,4,Divorced,3,0,18.0,1.0,2.0,2.0,236.51,1132.74,0.5
53668,0,16.0,Computer,3,19.0,E wallet,Female,3.0,4,Others,3,Married,2,0,20.0,0.0,1.0,,166.97,839.49,0.0
53669,0,10.0,Mobile Phone,1,5.0,Debit Card,Male,3.0,2,Mobile Phone,5,Single,4,0,14.0,1.0,1.0,0.0,192.1,886.98,1.0
53670,0,3.0,Mobile Phone,2,7.0,Debit Card,Male,2.0,4,Mobile Phone,5,Single,4,0,18.0,0.0,1.0,7.0,207.09,975.94,0.0
53671,0,8.0,Mobile Phone,2,20.0,Credit Card,Male,2.0,3,Fashion,2,Single,3,0,11.0,0.0,1.0,2.0,187.04,843.75,0.0
53672,1,1.0,Mobile Phone,3,20.0,UPI,Female,4.0,3,Mobile Phone,3,Single,3,0,15.0,2.0,3.0,0.0,211.68,1059.38,0.667
53673,0,11.0,Mobile Phone,1,17.0,Credit Card,Female,3.0,3,Mobile Phone,2,Married,5,0,14.0,0.0,2.0,4.0,197.79,953.6,0.0
53674,0,6.0,Computer,2,13.0,Debit Card,Female,2.0,4,Others,4,Single,3,0,21.0,1.0,4.0,5.0,175.72,1015.74,0.25
53675,0,2.0,Phone,1,18.0,Debit Card,Female,3.0,5,Fashion,5,Single,4,0,20.0,1.0,1.0,0.0,196.63,952.19,1.0
53676,0,12.0,Mobile Phone,1,23.0,Debit Card,Male,4.0,3,Fashion,3,Married,7,0,14.0,0.0,2.0,2.0,172.54,857.65,0.0
53677,0,23.0,Phone,1,46.0,Debit Card,Male,3.0,4,Mobile Phone,3,Single,5,0,15.0,2.0,3.0,3.0,160.68,865.58,0.667
53678,1,,Mobile Phone,3,31.0,Credit Card,Male,3.0,2,Grocery,2,Divorced,4,0,22.0,4.0,7.0,3.0,202.81,1261.68,0.571
53679,0,,Mobile Phone,3,24.0,E wallet,Male,2.0,1,Fashion,3,Divorced,4,0,21.0,1.0,3.0,0.0,291.43,1410.43,0.333
53680,0,7.0,Phone,1,19.0,Debit Card,Male,,4,Fashion,3,Married,7,0,12.0,0.0,1.0,5.0,192.2,871.36,0.0
53681,0,6.0,Phone,1,15.0,Debit Card,Female,3.0,2,Laptop & Accessory,2,Married,3,0,15.0,2.0,2.0,0.0,187.36,921.97,1.0
53682,0,6.0,Phone,1,7.0,Debit Card,Male,3.0,2,Mobile Phone,3,Single,4,0,18.0,3.0,,2.0,147.59,974.84,0.5
53683,0,7.0,Mobile Phone,1,7.0,Debit Card,Male,3.0,4,Laptop & Accessory,5,Married,5,0,17.0,0.0,4.0,3.0,169.64,960.63,0.0
53684,0,7.0,Phone,1,26.0,COD,Male,3.0,4,Mobile Phone,3,Married,7,0,19.0,0.0,1.0,6.0,160.86,808.27,0.0
53685,0,9.0,Phone,1,25.0,Debit Card,Male,,2,Mobile Phone,3,Single,5,0,14.0,0.0,1.0,2.0,209.28,952.26,0.0
53686,1,5.0,Computer,3,16.0,Debit Card,Male,3.0,2,Laptop & Accessory,3,Single,1,1,18.0,2.0,3.0,,184.48,980.02,0.667
53687,0,6.0,Mobile Phone,1,12.0,Debit Card,Female,2.0,2,Mobile Phone,5,Married,9,0,16.0,1.0,4.0,7.0,253.69,1272.02,0.25
53688,0,14.0,Phone,1,5.0,Credit Card,Male,3.0,1,Mobile Phone,4,Single,5,0,20.0,0.0,1.0,2.0,130.66,701.51,0.0
53689,0,5.0,Phone,3,10.0,UPI,Male,2.0,2,Fashion,2,Married,5,0,13.0,,2.0,9.0,164.84,820.39,1.0
53690,0,12.0,Computer,3,12.0,Debit Card,Female,4.0,5,Mobile Phone,4,Married,4,0,13.0,1.0,2.0,15.0,151.37,769.21,0.5
53691,0,8.0,Mobile Phone,3,13.0,Credit Card,Male,2.0,2,Mobile Phone,4,Divorced,7,0,17.0,0.0,,1.0,58.08,401.7,0.0
53692,1,7.0,Mobile Phone,1,37.0,Debit Card,Female,3.0,3,Mobile Phone,5,Married,4,1,17.0,1.0,2.0,,114.41,660.76,0.5
53693,0,27.0,Mobile Phone,3,6.0,E wallet,Male,3.0,5,Mobile Phone,5,Single,2,0,15.0,0.0,,2.0,164.33,789.45,0.0
53694,1,4.0,Mobile Phone,1,14.0,Credit Card,Female,3.0,4,Others,1,Married,8,0,16.0,2.0,3.0,5.0,185.67,968.55,0.667
53695,0,24.0,Mobile Phone,3,11.0,Credit Card,Male,4.0,1,Laptop & Accessory,3,Married,3,0,15.0,0.0,1.0,5.0,188.8,882.44,0.0
53696,0,16.0,Mobile Phone,2,60.0,Credit Card,Female,2.0,3,Mobile Phone,4,Divorced,8,0,19.0,0.0,1.0,7.0,202.14,965.13,0.0
53697,0,6.0,Phone,3,29.0,UPI,Male,3.0,5,Laptop & Accessory,5,Married,11,1,15.0,1.0,4.0,1.0,123.2,768.16,0.25
53698,1,17.0,Mobile Phone,1,12.0,Credit Card,Male,2.0,3,Fashion,1,Single,3,0,16.0,1.0,,12.0,147.07,776.87,0.5
53699,0,1.0,Mobile Phone,1,102.0,Credit Card,Female,2.0,3,Fashion,3,Single,1,1,,1.0,3.0,3.0,222.67,1093.15,0.333
53700,0,6.0,Mobile Phone,3,14.0,Credit Card,Male,4.0,3,Fashion,3,Married,8,0,19.0,1.0,3.0,0.0,230.07,1161.27,0.333
53701,1,5.0,Mobile Phone,3,7.0,Credit Card,Male,2.0,3,Laptop & Accessory,3,Divorced,6,1,15.0,0.0,1.0,7.0,225.01,1020.04,0.0
53702,0,13.0,Computer,1,15.0,Debit Card,Male,2.0,3,Others,3,Divorced,6,0,23.0,0.0,1.0,12.0,189.91,950.66,0.0
53703,1,15.0,Phone,3,8.0,Debit Card,Male,2.0,4,Grocery,3,Married,2,1,14.0,3.0,,16.0,99.93,626.73,1.0
53704,0,12.0,Computer,1,17.0,Debit Card,Female,3.0,4,Mobile Phone,5,Married,4,0,16.0,0.0,1.0,2.0,240.24,1085.91,0.0
53705,1,11.0,Mobile Phone,1,38.0,Credit Card,Female,,3,Mobile Phone,5,Married,6,1,16.0,1.0,2.0,0.0,133.95,727.01,0.5
53706,1,17.0,Computer,2,24.0,Credit Card,Male,2.0,4,Grocery,4,Married,3,0,15.0,0.0,4.0,2.0,215.6,1119.28,0.0
53707,0,16.0,Mobile Phone,1,9.0,Debit Card,Male,3.0,2,Mobile Phone,3,Married,3,0,21.0,0.0,1.0,10.0,156.17,806.45,0.0
53708,1,6.0,Phone,1,9.0,Credit Card,Female,3.0,4,Mobile Phone,5,Married,2,0,11.0,1.0,1.0,8.0,182.2,825.36,1.0
53709,1,7.0,Mobile Phone,3,6.0,UPI,Male,3.0,4,Mobile Phone,1,Married,4,0,,,1.0,2.0,137.99,721.36,1.0
53710,0,15.0,Phone,1,9.0,Debit Card,Female,3.0,4,Mobile Phone,2,Married,6,0,,1.0,4.0,1.0,170.2,946.76,0.25
53711,0,9.0,Phone,1,6.0,Debit Card,Male,3.0,2,Mobile Phone,5,Married,6,0,17.0,1.0,1.0,5.0,124.4,653.72,1.0
53712,0,10.0,Mobile Phone,3,13.0,UPI,Female,3.0,4,Mobile Phone,3,Married,2,0,14.0,1.0,2.0,5.0,133.34,708.69,0.5
53713,1,11.0,Mobile Phone,3,20.0,Credit Card,Male,4.0,3,Mobile Phone,2,Married,5,0,16.0,2.0,2.0,,149.26,785.19,1.0
53714,0,2.0,Phone,1,22.0,Debit Card,Male,,3,Grocery,5,Married,6,1,16.0,1.0,2.0,1.0,85.75,543.85,0.5
53715,0,6.0,Mobile Phone,1,6.0,Credit Card,Male,2.0,3,Fashion,5,Single,3,0,,0.0,1.0,8.0,140.77,683.93,0.0
53716,0,13.0,Mobile Phone,1,10.0,Credit Card,Female,5.0,1,Fashion,5,Single,2,1,14.0,0.0,3.0,0.0,107.96,657.25,0.0
53717,0,6.0,Mobile Phone,2,9.0,Credit Card,Male,3.0,3,Mobile Phone,2,Married,2,0,23.0,2.0,2.0,16.0,127.62,758.96,1.0
53718,0,8.0,Mobile Phone,1,6.0,Credit Card,Female,4.0,3,Fashion,3,Married,6,0,16.0,1.0,2.0,10.0,123.93,688.93,0.5
53719,1,13.0,Computer,2,10.0,Credit Card,Male,3.0,3,Mobile Phone,3,Married,5,1,16.0,0.0,2.0,23.0,246.38,1154.24,0.0
53720,0,18.0,Mobile Phone,3,9.0,E wallet,Male,3.0,4,Mobile Phone,4,Single,8,0,,0.0,4.0,4.0,107.5,756.5,0.0
53721,1,19.0,Mobile Phone,1,17.0,Debit Card,Female,3.0,3,Mobile Phone,5,Married,5,0,18.0,1.0,2.0,4.0,180.8,921.04,0.5
53722,1,20.0,Computer,1,,E wallet,Male,2.0,3,Laptop & Accessory,5,Married,5,0,16.0,4.0,11.0,2.0,197.28,1372.66,0.364
53723,0,9.0,Phone,3,12.0,COD,Male,3.0,3,Mobile Phone,5,Married,7,0,15.0,1.0,2.0,1.0,167.65,847.07,0.5
53724,0,8.0,Mobile Phone,1,21.0,Credit Card,Male,3.0,3,Fashion,1,Single,6,0,14.0,4.0,6.0,6.0,212.43,1189.23,0.667
53725,0,4.0,Computer,1,7.0,E wallet,Female,4.0,3,Grocery,4,Married,2,1,23.0,1.0,2.0,3.0,152.12,852.06,0.5
53726,0,23.0,Mobile Phone,3,32.0,Debit Card,Male,3.0,4,Laptop & Accessory,5,Single,2,0,12.0,3.0,6.0,2.0,184.14,1065.73,0.5
53727,0,8.0,Mobile Phone,3,7.0,Debit Card,Male,2.0,4,Mobile Phone,3,Married,10,0,,2.0,3.0,9.0,172.86,887.87,0.667
53728,0,23.0,Computer,1,8.0,UPI,Male,3.0,2,Mobile Phone,2,Married,2,0,13.0,0.0,1.0,0.0,151.97,726.49,0.0
53729,0,12.0,Computer,1,6.0,Debit Card,Male,2.0,3,Mobile Phone,4,Married,6,0,11.0,0.0,1.0,3.0,205.83,915.15,0.0
53730,0,18.0,Mobile Phone,3,9.0,Debit Card,Male,3.0,3,Others,1,Divorced,3,0,17.0,2.0,4.0,5.0,173.62,975.76,0.5
53731,0,9.0,Mobile Phone,2,15.0,Credit Card,Female,,3,Mobile Phone,5,Single,4,0,19.0,0.0,3.0,0.0,167.95,925.21,0.0
53732,1,14.0,Mobile Phone,1,58.0,Credit Card,Male,3.0,5,Fashion,2,Married,8,1,14.0,0.0,2.0,6.0,114.51,637.14,0.0
53733,0,19.0,Mobile Phone,1,24.0,Credit Card,Female,4.0,3,Mobile Phone,3,Single,2,0,13.0,0.0,2.0,1.0,158.97,798.09,0.0
53734,1,7.0,Mobile Phone,1,11.0,Debit Card,Male,4.0,4,Laptop & Accessory,5,Divorced,4,1,19.0,1.0,3.0,8.0,169.13,929.69,0.333
53735,0,,Mobile Phone,3,15.0,Debit Card,Female,4.0,5,Mobile Phone,5,Single,4,0,16.0,0.0,2.0,7.0,245.6,1151.28,0.0
53736,0,4.0,Computer,1,17.0,Debit Card,Female,2.0,2,Mobile Phone,4,Married,5,0,11.0,0.0,1.0,1.0,150.52,704.98,0.0
53737,1,27.0,Computer,3,26.0,Credit Card,Male,3.0,2,Fashion,5,Single,5,0,11.0,1.0,,4.0,218.66,1143.91,0.2
53738,0,11.0,Mobile Phone,3,21.0,Credit Card,Male,4.0,3,Laptop & Accessory,5,Single,4,0,18.0,1.0,3.0,6.0,171.83,931.95,0.333
53739,0,6.0,Phone,3,15.0,Credit Card,Female,3.0,1,Laptop & Accessory,5,Married,3,0,21.0,1.0,3.0,0.0,127.61,787.92,0.333
53740,0,16.0,Mobile Phone,2,18.0,Credit Card,Male,2.0,2,Fashion,4,Married,7,0,16.0,2.0,2.0,4.0,239.82,1129.32,1.0
53741,0,12.0,Mobile Phone,3,21.0,Debit Card,Male,4.0,6,Mobile Phone,4,Married,1,0,17.0,5.0,7.0,0.0,181.98,1142.52,0.714
53742,0,2.0,Mobile Phone,1,7.0,E wallet,Female,4.0,5,Grocery,4,Married,4,1,16.0,0.0,1.0,4.0,138.53,699.41,0.0
53743,0,7.0,Phone,1,8.0,Debit Card,Male,3.0,4,Mobile Phone,3,Married,3,0,18.0,3.0,3.0,10.0,209.41,1074.76,1.0
53744,0,5.0,Mobile Phone,3,19.0,Debit Card,Male,2.0,4,Laptop & Accessory,5,Married,2,0,,4.0,10.0,2.0,251.26,1492.79,0.4
53745,0,,Computer,1,28.0,E wallet,Female,2.0,2,Mobile Phone,4,Married,5,0,17.0,2.0,3.0,3.0,117.06,715.83,0.667
53746,1,5.0,Phone,1,11.0,Debit Card,Male,3.0,3,Mobile Phone,5,Married,2,1,16.0,0.0,3.0,17.0,217.73,1090.37,0.0
53747,0,14.0,Mobile Phone,1,52.0,Credit Card,Male,3.0,2,Laptop & Accessory,1,Single,4,0,15.0,0.0,4.0,,107.9,710.02,0.0
53748,0,17.0,Mobile Phone,1,8.0,Debit Card,Male,3.0,3,Laptop & Accessory,4,Married,4,0,,0.0,1.0,2.0,92.3,499.74,0.0
53749,1,6.0,Phone,3,11.0,Credit Card,Male,2.0,3,Laptop & Accessory,3,Divorced,3,1,16.0,0.0,1.0,25.0,108.55,585.49,0.0
53750,0,2.0,Computer,2,11.0,Debit Card,Female,2.0,4,Laptop & Accessory,3,Single,6,0,12.0,2.0,5.0,5.0,166.45,953.51,0.4
53751,1,1.0,Phone,1,37.0,COD,Female,3.0,2,Mobile Phone,4,Married,2,1,14.0,1.0,3.0,4.0,195.74,990.81,0.333
53752,0,31.0,Mobile Phone,3,9.0,Debit Card,Male,2.0,2,Fashion,5,Married,6,0,18.0,5.0,10.0,5.0,152.72,1174.34,0.5
53753,1,11.0,Phone,1,13.0,Credit Card,Female,3.0,4,Laptop & Accessory,1,Married,7,0,16.0,1.0,2.0,7.0,124.51,691.14,0.5
53754,0,16.0,Mobile Phone,3,7.0,UPI,Male,3.0,4,Mobile Phone,2,Single,3,0,11.0,0.0,2.0,0.0,192.96,911.25,0.0
53755,0,9.0,Computer,1,14.0,Credit Card,Female,3.0,3,Grocery,5,Married,2,0,20.0,1.0,3.0,1.0,185.71,1000.7,0.333
53756,0,,Phone,2,28.0,Credit Card,Male,3.0,2,Mobile Phone,5,Divorced,7,0,14.0,0.0,1.0,0.0,176.93,829.33,0.0
53757,1,13.0,Phone,1,9.0,Credit Card,Male,2.0,4,Fashion,1,Single,5,0,17.0,1.0,1.0,2.0,219.73,1015.97,1.0
53758,0,25.0,Mobile Phone,1,25.0,Credit Card,Male,4.0,2,Laptop & Accessory,3,Divorced,4,0,,4.0,5.0,6.0,179.76,1028.09,0.8
53759,1,6.0,Phone,3,34.0,E wallet,Male,3.0,4,Laptop & Accessory,1,Divorced,3,1,15.0,2.0,4.0,2.0,240.5,1213.9,0.5
53760,0,1.0,Mobile Phone,1,,Debit Card,Male,3.0,2,Laptop & Accessory,4,Married,7,0,20.0,0.0,2.0,5.0,75.56,537.13,0.0
53761,1,4.0,Mobile Phone,3,22.0,UPI,Male,4.0,4,Mobile Phone,4,Single,9,0,12.0,2.0,2.0,2.0,111.89,611.18,1.0
53762,0,17.0,Mobile Phone,1,9.0,Credit Card,Female,2.0,4,Mobile Phone,3,Single,11,0,16.0,2.0,3.0,18.0,223.61,1112.72,0.667
53763,0,12.0,Computer,1,7.0,E wallet,Female,3.0,4,Grocery,4,Married,4,1,12.0,0.0,1.0,0.0,82.36,453.97,0.0
53764,0,20.0,Phone,1,16.0,Debit Card,Female,2.0,3,Mobile Phone,3,Married,7,0,17.0,1.0,2.0,4.0,219.13,1058.69,0.5
53765,1,10.0,Mobile Phone,1,20.0,UPI,Male,3.0,1,Mobile Phone,2,Married,3,1,11.0,1.0,2.0,4.0,230.58,1054.2,0.5
53766,0,15.0,Computer,1,11.0,Debit Card,Male,3.0,4,Fashion,4,Married,7,0,12.0,1.0,2.0,,158.02,786.48,0.5
53767,0,,Mobile Phone,3,,E wallet,Male,3.0,3,Laptop & Accessory,4,Divorced,3,0,22.0,1.0,2.0,0.0,198.57,1020.57,0.5
53768,0,4.0,Mobile Phone,1,34.0,Credit Card,Male,2.0,4,Fashion,5,Married,5,0,11.0,0.0,2.0,1.0,173.17,836.05,0.0
53769,0,15.0,Mobile Phone,2,21.0,Credit Card,Male,1.0,4,Laptop & Accessory,5,Divorced,4,0,14.0,1.0,3.0,3.0,190.86,972.27,0.333
53770,0,17.0,Phone,1,9.0,Credit Card,Male,3.0,3,Laptop & Accessory,4,Married,2,0,14.0,2.0,2.0,3.0,97.64,573.03,1.0
53771,1,6.0,Mobile Phone,2,13.0,Debit Card,Male,2.0,6,Laptop & Accessory,1,Single,3,1,17.0,2.0,3.0,0.0,214.05,1084.39,0.667
53772,1,24.0,Mobile Phone,1,5.0,Credit Card,Female,3.0,3,Others,1,Single,6,0,13.0,1.0,2.0,8.0,148.9,759.82,0.5
53773,0,24.0,Phone,1,10.0,Debit Card,Female,3.0,4,Mobile Phone,4,Single,7,1,16.0,1.0,,1.0,119.85,673.43,0.5
53774,0,5.0,Mobile Phone,3,14.0,Credit Card,Male,3.0,4,Laptop & Accessory,1,Married,5,0,14.0,1.0,4.0,4.0,93.07,645.67,0.25
53775,1,5.0,Phone,1,14.0,E wallet,Female,1.0,3,Laptop & Accessory,3,Married,4,1,11.0,0.0,1.0,2.0,165.71,762.7,0.0
53776,1,5.0,Mobile Phone,1,8.0,Debit Card,Male,,3,Mobile Phone,2,Single,3,0,13.0,0.0,1.0,3.0,156.67,744.35,0.0
53777,0,9.0,Phone,1,23.0,Credit Card,Male,3.0,4,Laptop & Accessory,5,Divorced,4,0,15.0,2.0,2.0,0.0,161.63,824.19,1.0
53778,0,7.0,Phone,1,9.0,Credit Card,Male,5.0,3,Laptop & Accessory,3,Divorced,5,0,18.0,3.0,6.0,8.0,155.18,1003.68,0.5
53779,1,3.0,Phone,1,15.0,Debit Card,Female,3.0,3,Fashion,1,Single,4,1,12.0,0.0,1.0,1.0,120.58,599.2,0.0
53780,0,5.0,Mobile Phone,1,9.0,COD,Male,4.0,4,Fashion,5,Single,4,0,,2.0,3.0,2.0,252.65,1207.07,0.667
53781,0,1.0,Phone,1,12.0,Credit Card,Male,4.0,1,Others,4,Married,3,0,17.0,1.0,1.0,3.0,161.83,795.95,1.0
53782,1,2.0,Mobile Phone,3,8.0,Debit Card,Male,1.0,2,Laptop & Accessory,1,Married,7,0,,1.0,1.0,1.0,223.16,997.01,1.0
53783,0,,Computer,3,17.0,Debit Card,Male,4.0,2,Grocery,5,Married,3,1,13.0,2.0,5.0,4.0,132.38,832.04,0.4
53784,0,30.0,Mobile Phone,1,12.0,Credit Card,Male,3.0,3,Laptop & Accessory,2,Married,5,0,14.0,1.0,5.0,9.0,308.94,1510.97,0.2
53785,0,28.0,Mobile Phone,1,5.0,Debit Card,Female,4.0,4,Laptop & Accessory,5,Single,4,1,18.0,0.0,1.0,3.0,213.61,1000.72,0.0
53786,0,16.0,Phone,3,,Debit Card,Male,3.0,4,Laptop & Accessory,4,Married,7,0,15.0,2.0,5.0,1.0,255.64,1316.43,0.4
53787,0,6.0,Phone,3,13.0,Debit Card,Female,2.0,5,Others,2,Married,7,0,21.0,2.0,2.0,9.0,236.08,1155.1,1.0
53788,0,3.0,Mobile Phone,3,7.0,Credit Card,Male,4.0,1,Others,4,Divorced,6,0,17.0,0.0,1.0,3.0,200.04,941.15,0.0
53789,1,10.0,Computer,3,16.0,Credit Card,Male,2.0,4,Fashion,3,Married,5,1,,0.0,1.0,,191.6,877.08,0.0
53790,0,13.0,Computer,1,11.0,Debit Card,Female,4.0,3,Laptop & Accessory,4,Divorced,3,0,17.0,0.0,3.0,9.0,162.87,889.91,0.0
53791,0,6.0,Phone,3,18.0,Credit Card,Male,2.0,1,Fashion,5,Single,7,0,18.0,1.0,1.0,9.0,191.65,917.27,1.0
53792,1,13.0,Mobile Phone,3,42.0,COD,Male,3.0,4,Mobile Phone,2,Single,4,1,12.0,1.0,2.0,1.0,141.71,724.5,0.5
53793,0,4.0,Phone,1,14.0,COD,Male,3.0,2,Laptop & Accessory,3,Married,3,0,,0.0,1.0,3.0,205.04,968.15,0.0
53794,0,6.0,Mobile Phone,1,24.0,UPI,Female,4.0,3,Laptop & Accessory,5,Divorced,5,0,14.0,0.0,1.0,8.0,119.24,610.11,0.0
53795,0,8.0,Mobile Phone,1,22.0,E wallet,Female,2.0,3,Mobile Phone,3,Married,5,0,15.0,2.0,3.0,7.0,194.06,992.43,0.667
53796,1,,Computer,2,36.0,Debit Card,Male,3.0,4,Fashion,3,Married,7,1,19.0,2.0,5.0,3.0,145.7,930.66,0.4
53797,0,5.0,Computer,1,,Debit Card,Male,3.0,4,Fashion,3,Single,4,0,12.0,4.0,4.0,23.0,233.62,1163.76,1.0
53798,1,,Computer,1,26.0,Credit Card,Female,4.0,3,Mobile Phone,3,Single,3,1,14.0,0.0,1.0,11.0,115.94,597.57,0.0
53799,0,,Mobile Phone,1,,Credit Card,Male,2.0,2,Mobile Phone,3,Single,4,0,15.0,1.0,6.0,2.0,103.32,782.62,0.167
53800,1,4.0,Mobile Phone,1,11.0,E wallet,Male,3.0,2,Mobile Phone,2,Married,3,0,18.0,1.0,1.0,1.0,189.69,909.82,1.0
53801,0,6.0,Mobile Phone,1,,Debit Card,Female,3.0,2,Fashion,2,Divorced,9,0,12.0,3.0,,2.0,116.97,720.49,0.75
53802,1,10.0,Mobile Phone,3,41.0,Credit Card,Female,2.0,4,Laptop & Accessory,4,Married,3,1,17.0,1.0,4.0,1.0,182.58,1009.8,0.25
53803,0,26.0,Mobile Phone,1,17.0,Credit Card,Male,4.0,5,Fashion,2,Single,4,0,21.0,2.0,2.0,5.0,218.27,1087.43,1.0
53804,0,6.0,Mobile Phone,3,11.0,Credit Card,Female,2.0,5,Laptop & Accessory,3,Married,3,0,16.0,0.0,2.0,6.0,178.05,894.59,0.0
53805,0,17.0,Phone,3,24.0,Credit Card,Male,,4,Mobile Phone,4,Single,8,0,11.0,0.0,1.0,1.0,127.46,617.35,0.0
53806,0,29.0,Phone,3,9.0,Debit Card,Female,3.0,4,Laptop & Accessory,2,Married,5,0,21.0,4.0,9.0,2.0,140.59,1107.24,0.444
53807,0,12.0,Phone,2,7.0,COD,Male,2.0,4,Mobile Phone,4,Single,9,0,16.0,1.0,1.0,12.0,213.15,982.97,1.0
53808,0,19.0,Computer,1,14.0,Credit Card,Male,3.0,5,Laptop & Accessory,3,Married,2,0,23.0,1.0,6.0,5.0,189.11,1172.62,0.167
53809,0,5.0,Mobile Phone,1,15.0,Credit Card,Male,4.0,4,Grocery,5,Married,4,0,15.0,0.0,1.0,5.0,156.42,759.4,0.0
53810,0,13.0,Mobile Phone,1,26.0,Debit Card,Male,3.0,3,Mobile Phone,5,Married,2,0,20.0,1.0,2.0,0.0,213.84,1062.59,0.5
53811,0,15.0,Phone,3,12.0,Credit Card,Male,2.0,3,Others,5,Single,7,1,24.0,2.0,4.0,,113.01,801.44,0.5
53812,0,3.0,Mobile Phone,1,,Debit Card,Female,1.0,3,Laptop & Accessory,3,Single,4,0,11.0,4.0,5.0,13.0,221.15,1153.37,0.8
53813,0,5.0,Phone,1,9.0,Debit Card,Male,3.0,4,Mobile Phone,5,Single,6,0,14.0,0.0,3.0,7.0,213.11,1056.82,0.0
53814,0,8.0,Mobile Phone,3,,Debit Card,Female,3.0,3,Others,5,Married,4,0,15.0,0.0,1.0,7.0,128.6,653.68,0.0
53815,1,6.0,Mobile Phone,3,8.0,Debit Card,Male,,4,Laptop & Accessory,3,Single,4,0,21.0,1.0,2.0,10.0,184.66,959.71,0.5
53816,0,9.0,Phone,3,11.0,Credit Card,Female,3.0,4,Laptop & Accessory,4,Divorced,3,0,13.0,1.0,,1.0,154.23,825.07,0.333
53817,1,3.0,Computer,2,28.0,Credit Card,Male,3.0,2,Mobile Phone,1,Divorced,3,1,20.0,7.0,10.0,19.0,232.22,1492.44,0.7
53818,1,27.0,Computer,1,8.0,UPI,Male,3.0,3,Laptop & Accessory,1,Single,3,0,15.0,0.0,2.0,3.0,266.98,1224.52,0.0
53819,0,18.0,Mobile Phone,1,25.0,Debit Card,Male,3.0,4,Laptop & Accessory,3,Married,6,0,13.0,0.0,1.0,8.0,96.63,516.19,0.0
53820,0,57.0,Mobile Phone,1,9.0,Debit Card,Male,4.0,3,Others,4,Married,4,0,13.0,1.0,1.0,2.0,186.2,856.56,1.0
53821,1,4.0,Computer,3,5.0,UPI,Male,3.0,3,Fashion,3,Married,3,1,20.0,3.0,5.0,5.0,164.62,1010.56,0.6
53822,1,13.0,Mobile Phone,1,6.0,Debit Card,Male,2.0,4,Mobile Phone,1,Single,6,0,17.0,0.0,1.0,,133.75,689.25,0.0
53823,0,6.0,Mobile Phone,1,21.0,Debit Card,Female,3.0,3,Laptop & Accessory,4,Single,6,0,14.0,2.0,3.0,14.0,129.78,740.16,0.667
53824,0,4.0,Computer,3,9.0,Debit Card,Female,3.0,3,Laptop & Accessory,3,Married,8,0,22.0,2.0,5.0,1.0,162.88,1019.94,0.4
53825,0,17.0,Phone,1,18.0,E wallet,Female,3.0,3,Laptop & Accessory,4,Single,2,1,17.0,2.0,5.0,5.0,141.03,896.91,0.4
53826,0,10.0,Computer,3,19.0,E wallet,Male,4.0,4,Mobile Phone,4,Married,4,0,18.0,0.0,1.0,0.0,227.21,1052.4,0.0
53827,0,8.0,Mobile Phone,3,10.0,Debit Card,Female,3.0,4,Mobile Phone,3,Divorced,1,0,25.0,2.0,4.0,3.0,214.18,1193.88,0.5
53828,1,12.0,Mobile Phone,3,13.0,Credit Card,Male,3.0,3,Laptop & Accessory,2,Married,3,1,19.0,,6.0,2.0,161.93,1037.33,0.667
53829,0,5.0,Computer,1,11.0,Credit Card,Male,3.0,5,Grocery,4,Divorced,7,1,19.0,0.0,4.0,1.0,183.41,1028.96,0.0
53830,1,,Mobile Phone,1,40.0,UPI,Male,,5,Mobile Phone,3,Married,4,0,15.0,0.0,3.0,6.0,157.39,853.08,0.0
53831,1,6.0,Phone,3,10.0,Debit Card,Male,4.0,4,Laptop & Accessory,5,Single,10,1,16.0,2.0,2.0,3.0,158.64,820.83,1.0
53832,1,,Mobile Phone,3,7.0,E wallet,Male,4.0,4,Mobile Phone,2,Divorced,4,1,14.0,0.0,4.0,2.0,145.52,844.98,0.0
53833,1,19.0,Computer,1,,Debit Card,Male,2.0,4,Laptop & Accessory,3,Single,7,1,15.0,0.0,2.0,3.0,104.03,605.31,0.0
53834,0,3.0,Phone,1,18.0,Credit Card,Male,3.0,4,Fashion,3,Divorced,6,0,17.0,1.0,2.0,2.0,202.16,994.21,0.5
53835,0,27.0,Mobile Phone,1,19.0,Debit Card,Female,2.0,3,Mobile Phone,4,Married,8,0,12.0,1.0,2.0,2.0,109.58,602.4,0.5
53836,0,10.0,Mobile Phone,3,36.0,E wallet,Female,3.0,3,Others,4,Divorced,4,0,20.0,2.0,3.0,1.0,178.15,971.97,0.667
53837,0,13.0,Phone,1,31.0,Credit Card,Male,1.0,2,Laptop & Accessory,3,Single,8,0,18.0,,2.0,12.0,149.64,802.63,0.5
53838,0,6.0,Phone,1,9.0,Credit Card,Male,2.0,4,Laptop & Accessory,3,Single,3,1,,1.0,3.0,,249.15,1209.77,0.333
53839,0,10.0,Mobile Phone,2,12.0,Credit Card,Female,3.0,2,Laptop & Accessory,2,Single,3,0,17.0,4.0,10.0,,206.9,1372.22,0.4
53840,0,4.0,Computer,1,,Credit Card,Male,3.0,3,Laptop & Accessory,4,Single,3,0,15.0,0.0,1.0,6.0,147.66,726.11,0.0
53841,0,5.0,Mobile Phone,3,35.0,E wallet,Female,2.0,3,Fashion,2,Married,5,0,11.0,4.0,13.0,1.0,182.91,1368.06,0.308
53842,0,17.0,Mobile Phone,1,10.0,Debit Card,Female,2.0,3,Mobile Phone,5,Single,3,0,11.0,1.0,1.0,1.0,98.09,505.74,1.0
53843,0,17.0,Mobile Phone,1,12.0,Credit Card,Male,3.0,3,Others,5,Married,5,0,13.0,0.0,3.0,1.0,150.56,811.13,0.0
53844,0,13.0,Computer,1,33.0,Debit Card,Male,2.0,4,Laptop & Accessory,5,Married,4,0,20.0,2.0,7.0,3.0,141.62,1013.16,0.286
53845,0,7.0,Mobile Phone,1,10.0,Credit Card,Female,3.0,5,Fashion,5,Married,6,1,12.0,0.0,1.0,4.0,228.54,1009.45,0.0
53846,1,3.0,Mobile Phone,1,13.0,E wallet,Female,3.0,5,Laptop & Accessory,2,Married,2,1,13.0,5.0,,6.0,134.36,1109.57,0.455
53847,0,21.0,Computer,1,33.0,Credit Card,Male,4.0,4,Grocery,3,Single,5,0,24.0,5.0,6.0,13.0,161.62,1076.16,0.833
53848,0,18.0,Mobile Phone,1,24.0,E wallet,Male,2.0,5,Laptop & Accessory,1,Single,3,0,14.0,2.0,5.0,,217.14,1162.13,0.4
53849,1,2.0,Mobile Phone,3,8.0,Debit Card,Female,2.0,3,Fashion,2,Single,8,1,11.0,0.0,2.0,5.0,153.8,762.44,0.0
53850,1,17.0,Mobile Phone,1,10.0,Credit Card,Male,3.0,3,Laptop & Accessory,1,Single,2,1,14.0,0.0,1.0,6.0,184.53,858.21,0.0
53851,0,8.0,Phone,3,10.0,Debit Card,Female,4.0,3,Laptop & Accessory,4,Married,6,1,13.0,,1.0,5.0,219.21,982.0,1.0
53852,0,15.0,Phone,1,34.0,COD,Female,2.0,4,Mobile Phone,3,Divorced,6,0,15.0,0.0,1.0,9.0,165.64,794.43,0.0
53853,0,3.0,Computer,1,87.0,Debit Card,Female,2.0,2,Grocery,5,Married,4,0,16.0,1.0,3.0,3.0,146.25,818.75,0.333
53854,1,6.0,Computer,1,23.0,Credit Card,Male,4.0,4,Fashion,3,Married,6,1,23.0,2.0,3.0,8.0,213.26,1129.39,0.667
53855,0,10.0,Phone,1,13.0,E wallet,Female,2.0,4,Laptop & Accessory,4,Married,3,0,16.0,0.0,1.0,0.0,179.13,853.69,0.0
53856,0,27.0,Phone,1,5.0,UPI,Male,2.0,3,Laptop & Accessory,3,Divorced,5,0,13.0,1.0,2.0,5.0,168.35,833.73,0.5
53857,1,10.0,Mobile Phone,1,19.0,Credit Card,Male,4.0,2,Laptop & Accessory,5,Divorced,4,1,14.0,1.0,2.0,13.0,184.19,901.92,0.5
53858,0,19.0,Mobile Phone,1,,Debit Card,Male,,4,Fashion,5,Married,5,0,14.0,4.0,6.0,3.0,168.31,1021.58,0.667
53859,1,11.0,Phone,2,17.0,Credit Card,Male,3.0,4,Laptop & Accessory,3,Married,5,1,19.0,0.0,1.0,1.0,61.77,431.73,0.0
53860,0,11.0,Computer,1,16.0,Debit Card,Female,4.0,2,Grocery,1,Single,2,0,20.0,2.0,,2.0,139.11,868.62,0.5
53861,0,14.0,Mobile Phone,1,13.0,Credit Card,Female,3.0,4,Mobile Phone,2,Married,5,0,12.0,1.0,4.0,9.0,192.26,1006.59,0.25
53862,0,9.0,Mobile Phone,1,40.0,UPI,Male,2.0,4,Mobile Phone,4,Single,3,0,16.0,1.0,3.0,1.0,98.66,637.91,0.333
53863,0,16.0,Mobile Phone,3,5.0,Debit Card,Male,3.0,6,Fashion,3,Single,6,0,,1.0,1.0,3.0,171.26,791.79,1.0
53864,1,4.0,Mobile Phone,1,20.0,Credit Card,Male,3.0,3,Mobile Phone,4,Divorced,5,0,14.0,1.0,1.0,9.0,241.92,1076.3,1.0
53865,0,9.0,Mobile Phone,3,11.0,UPI,Male,3.0,1,Laptop & Accessory,4,Married,2,1,17.0,1.0,4.0,7.0,183.25,1012.35,0.25
53866,1,29.0,Mobile Phone,1,20.0,Debit Card,Female,5.0,3,Laptop & Accessory,4,Married,3,0,17.0,0.0,2.0,3.0,132.96,731.25,0.0
53867,0,20.0,Mobile Phone,3,18.0,Credit Card,Male,2.0,4,Laptop & Accessory,5,Married,4,1,13.0,1.0,3.0,,186.51,947.74,0.333
53868,1,12.0,Phone,1,5.0,UPI,Female,3.0,4,Mobile Phone,4,Married,7,0,22.0,2.0,5.0,1.0,76.75,692.65,0.4
53869,0,18.0,Mobile Phone,3,9.0,UPI,Female,3.0,5,Laptop & Accessory,4,Married,2,0,18.0,1.0,1.0,12.0,172.89,845.98,1.0
53870,1,24.0,Phone,1,8.0,Credit Card,Male,2.0,5,Mobile Phone,1,Divorced,6,0,20.0,1.0,1.0,0.0,261.95,1200.41,1.0
53871,0,2.0,Computer,1,7.0,Debit Card,Male,,4,Laptop & Accessory,3,Married,4,1,15.0,2.0,2.0,2.0,203.51,983.34,1.0
53872,0,8.0,Computer,1,21.0,Debit Card,Male,3.0,4,Fashion,4,Single,4,0,16.0,1.0,2.0,2.0,171.6,870.08,0.5
53873,0,6.0,Phone,1,8.0,Credit Card,Male,4.0,1,Mobile Phone,5,Single,1,1,18.0,3.0,7.0,7.0,182.61,1152.92,0.429
53874,0,3.0,Mobile Phone,3,13.0,Debit Card,Male,4.0,3,Grocery,4,Married,3,0,16.0,,1.0,3.0,238.96,1081.05,1.0
53875,0,31.0,Computer,1,8.0,Debit Card,Male,3.0,5,Laptop & Accessory,4,Married,4,0,18.0,4.0,6.0,,125.71,891.7,0.667
53876,1,14.0,Phone,1,15.0,E wallet,Female,3.0,4,Fashion,3,Married,7,1,19.0,2.0,2.0,2.0,170.42,889.6,1.0
53877,1,18.0,Mobile Phone,1,20.0,E wallet,Male,3.0,3,Grocery,1,Married,5,0,11.0,0.0,,1.0,211.07,935.07,0.0
53878,0,6.0,Mobile Phone,1,10.0,E wallet,Female,3.0,2,Laptop & Accessory,3,Married,6,0,16.0,2.0,3.0,1.0,70.36,530.37,0.667
53879,0,8.0,Mobile Phone,1,,Debit Card,Male,2.0,3,Others,2,Divorced,6,0,12.0,2.0,4.0,1.0,209.18,1070.88,0.5
53880,1,10.0,Mobile Phone,1,26.0,Debit Card,Male,3.0,3,Laptop & Accessory,1,Married,4,1,12.0,1.0,1.0,2.0,165.68,770.58,1.0
53881,0,13.0,Mobile Phone,1,6.0,E wallet,Male,3.0,4,Laptop & Accessory,3,Single,2,0,19.0,1.0,2.0,1.0,173.63,901.79,0.5
53882,0,16.0,Computer,1,20.0,E wallet,Male,3.0,2,Mobile Phone,4,Divorced,3,0,17.0,0.0,1.0,4.0,169.27,824.23,0.0
53883,0,15.0,Mobile Phone,1,10.0,E wallet,Male,4.0,2,Laptop & Accessory,5,Married,4,0,19.0,1.0,1.0,0.0,257.76,1176.49,1.0
53884,0,8.0,Phone,1,7.0,COD,Female,2.0,4,Grocery,5,Divorced,9,0,16.0,1.0,3.0,3.0,165.89,893.38,0.333
53885,0,25.0,Computer,1,14.0,UPI,Male,3.0,3,Laptop & Accessory,3,Married,7,0,15.0,2.0,2.0,2.0,229.07,1080.47,1.0
53886,1,22.0,Phone,1,8.0,Credit Card,Female,3.0,2,Mobile Phone,1,Single,2,0,18.0,0.0,1.0,2.0,149.75,758.05,0.0
53887,0,12.0,Computer,1,26.0,Debit Card,Female,3.0,2,Mobile Phone,3,Married,4,0,19.0,1.0,7.0,0.0,110.2,885.76,0.143
53888,1,10.0,Computer,3,6.0,Credit Card,Female,1.0,3,Fashion,3,Married,4,1,,2.0,3.0,6.0,223.42,1088.0,0.667
53889,0,8.0,Mobile Phone,2,,Credit Card,Female,2.0,3,Laptop & Accessory,3,Divorced,3,0,17.0,0.0,1.0,2.0,181.88,872.14,0.0
53890,0,13.0,Computer,3,14.0,Debit Card,Male,2.0,5,Mobile Phone,3,Married,9,0,14.0,2.0,3.0,13.0,140.31,780.18,0.667
53891,0,21.0,Phone,1,,E wallet,Female,4.0,3,Laptop & Accessory,1,Single,6,0,14.0,1.0,5.0,13.0,110.08,755.3,0.2
53892,0,10.0,Mobile Phone,3,21.0,Debit Card,Female,4.0,4,Mobile Phone,3,Single,2,1,18.0,2.0,2.0,4.0,279.22,1295.04,1.0
53893,0,7.0,Phone,1,9.0,E wallet,Female,2.0,2,Grocery,3,Married,2,0,16.0,3.0,4.0,,168.28,947.46,0.75
53894,0,10.0,Phone,1,27.0,Debit Card,Male,2.0,4,Laptop & Accessory,3,Married,5,0,16.0,1.0,1.0,2.0,198.48,927.22,1.0
53895,0,12.0,Computer,1,,Credit Card,Male,2.0,4,Laptop & Accessory,4,Single,3,0,11.0,1.0,1.0,2.0,142.2,673.36,1.0
53896,1,4.0,Mobile Phone,2,,UPI,Female,2.0,3,Mobile Phone,2,Married,3,0,14.0,2.0,9.0,5.0,183.41,1213.96,0.222
53897,1,3.0,Phone,3,22.0,Debit Card,Female,2.0,4,Laptop & Accessory,2,Married,6,0,18.0,0.0,1.0,3.0,248.93,1134.93,0.0
53898,1,7.0,Mobile Phone,1,14.0,Credit Card,Female,2.0,3,Laptop & Accessory,3,Married,5,1,19.0,0.0,2.0,2.0,166.23,873.67,0.0
53899,0,25.0,Mobile Phone,1,6.0,Debit Card,Female,3.0,3,Laptop & Accessory,1,Single,2,0,15.0,1.0,,3.0,169.7,809.86,1.0
53900,0,20.0,Mobile Phone,2,10.0,UPI,Male,2.0,4,Mobile Phone,2,Married,4,0,15.0,2.0,3.0,1.0,258.64,1237.83,0.667
53901,1,3.0,Mobile Phone,3,6.0,E wallet,Male,3.0,4,Laptop & Accessory,1,Married,7,0,11.0,1.0,1.0,5.0,82.18,445.28,1.0
53902,1,5.0,Computer,2,59.0,UPI,Female,3.0,5,Mobile Phone,3,Married,5,1,13.0,1.0,1.0,3.0,135.24,662.91,1.0
53903,0,16.0,Mobile Phone,1,8.0,UPI,Male,4.0,5,Mobile Phone,4,Married,2,1,15.0,1.0,3.0,4.0,171.36,906.17,0.333
53904,0,7.0,Mobile Phone,1,17.0,E wallet,Female,4.0,4,Fashion,3,Married,3,0,,3.0,4.0,,157.56,906.73,0.75
53905,0,13.0,Mobile Phone,1,9.0,Debit Card,Female,3.0,4,Grocery,1,Married,3,0,18.0,2.0,4.0,6.0,196.64,1071.23,0.5
53906,1,3.0,Mobile Phone,3,18.0,Debit Card,Male,1.0,1,Mobile Phone,3,Married,3,1,19.0,0.0,1.0,3.0,176.61,868.12,0.0
53907,0,10.0,Mobile Phone,3,8.0,Credit Card,Male,2.0,3,Laptop & Accessory,4,Single,3,0,11.0,1.0,1.0,,150.36,704.37,1.0
53908,0,9.0,Mobile Phone,1,23.0,Credit Card,Female,2.0,1,Laptop & Accessory,3,Single,1,0,16.0,3.0,4.0,5.0,219.8,1143.24,0.75
53909,0,18.0,Phone,1,6.0,E wallet,Male,3.0,3,Mobile Phone,3,Single,3,0,14.0,1.0,1.0,1.0,144.95,707.81,1.0
53910,1,13.0,Mobile Phone,3,32.0,Debit Card,Male,3.0,3,Grocery,3,Married,1,1,16.0,1.0,1.0,0.0,208.08,963.7,1.0
53911,1,11.0,Mobile Phone,2,27.0,Debit Card,Female,3.0,4,Fashion,1,Married,5,0,17.0,0.0,1.0,6.0,152.58,760.8,0.0
53912,0,2.0,Mobile Phone,3,19.0,Credit Card,Female,2.0,3,Laptop & Accessory,4,Married,6,0,11.0,4.0,7.0,3.0,181.79,1093.8,0.571
53913,1,29.0,Phone,1,6.0,Debit Card,Female,3.0,4,Grocery,4,Divorced,6,1,24.0,4.0,5.0,0.0,249.45,1364.91,0.8
53914,0,15.0,Mobile Phone,3,8.0,Credit Card,Male,2.0,3,Fashion,4,Married,4,0,17.0,1.0,2.0,3.0,156.44,820.47,0.5
53915,1,6.0,Phone,3,29.0,Credit Card,Male,2.0,4,Laptop & Accessory,3,Single,7,0,12.0,2.0,4.0,10.0,226.1,1135.18,0.5
53916,0,11.0,Computer,1,7.0,E wallet,Female,3.0,4,Mobile Phone,5,Single,3,0,14.0,1.0,4.0,0.0,131.22,790.64,0.25
53917,0,7.0,Phone,3,7.0,Debit Card,Male,2.0,3,Laptop & Accessory,5,Single,8,1,11.0,1.0,2.0,2.0,151.25,752.75,0.5
53918,1,8.0,Mobile Phone,1,14.0,COD,Male,3.0,5,Mobile Phone,3,Divorced,3,1,15.0,1.0,1.0,8.0,166.61,798.12,1.0
53919,0,20.0,Phone,3,9.0,Debit Card,Male,,3,Laptop & Accessory,2,Divorced,5,0,16.0,1.0,4.0,1.0,168.45,948.11,0.25
53920,1,5.0,Phone,3,8.0,Debit Card,Male,4.0,5,Laptop & Accessory,4,Single,4,0,18.0,0.0,3.0,1.0,220.05,1115.19,0.0
53921,0,15.0,Mobile Phone,1,,Credit Card,Male,2.0,1,Fashion,4,Married,4,0,14.0,1.0,1.0,3.0,206.19,940.52,1.0
53922,0,21.0,Computer,1,11.0,Debit Card,Male,3.0,3,Fashion,3,Married,4,0,25.0,1.0,2.0,9.0,251.34,1245.09,0.5
53923,0,14.0,Computer,1,7.0,Debit Card,Male,3.0,6,Laptop & Accessory,5,Single,4,0,13.0,2.0,4.0,2.0,198.33,1037.65,0.5
53924,1,9.0,Computer,3,14.0,Debit Card,Female,5.0,4,Laptop & Accessory,2,Married,2,1,14.0,4.0,4.0,8.0,274.22,1334.04,1.0
53925,0,5.0,Computer,3,11.0,Credit Card,Male,4.0,3,Mobile Phone,3,Married,3,0,16.0,3.0,9.0,1.0,230.21,1407.8,0.333
53926,0,6.0,Phone,1,21.0,UPI,Male,2.0,4,Fashion,1,Divorced,9,0,13.0,1.0,2.0,2.0,183.97,893.09,0.5
53927,1,11.0,Phone,3,6.0,Credit Card,Male,4.0,3,Laptop & Accessory,1,Married,3,0,19.0,3.0,5.0,3.0,241.92,1296.3,0.6
53928,1,10.0,Phone,1,17.0,Credit Card,Male,2.0,2,Fashion,1,Single,2,0,12.0,1.0,1.0,2.0,190.94,866.57,1.0
53929,0,17.0,Computer,1,12.0,Debit Card,Female,2.0,3,Grocery,3,Married,7,0,18.0,3.0,3.0,,198.64,1033.83,1.0
53930,0,3.0,Phone,1,11.0,Debit Card,Female,3.0,2,Mobile Phone,4,Divorced,6,0,15.0,0.0,1.0,2.0,174.57,828.37,0.0
53931,1,20.0,Mobile Phone,2,8.0,Debit Card,Female,2.0,5,Laptop & Accessory,1,Single,9,0,23.0,0.0,1.0,9.0,168.91,870.86,0.0
53932,0,41.0,Mobile Phone,1,5.0,UPI,Female,4.0,4,Laptop & Accessory,4,Married,3,0,13.0,3.0,4.0,8.0,147.76,845.49,0.75
53933,0,9.0,Computer,2,28.0,Debit Card,Female,3.0,3,Laptop & Accessory,3,Married,1,0,21.0,1.0,2.0,7.0,149.62,826.56,0.5
53934,1,8.0,Mobile Phone,1,10.0,COD,Male,,4,Laptop & Accessory,2,Single,6,1,16.0,2.0,3.0,1.0,133.62,770.76,0.667
53935,0,9.0,Phone,3,19.0,Debit Card,Male,5.0,3,Fashion,1,Single,4,0,18.0,3.0,5.0,2.0,176.88,1041.14,0.6
53936,0,10.0,Computer,1,40.0,Credit Card,Male,4.0,2,Laptop & Accessory,2,Single,4,0,11.0,0.0,2.0,4.0,125.23,653.87,0.0
53937,0,8.0,Phone,2,,COD,Male,3.0,4,Laptop & Accessory,4,Divorced,4,0,15.0,1.0,2.0,1.0,178.85,889.63,0.5
53938,1,2.0,Computer,1,11.0,Debit Card,Female,3.0,3,Mobile Phone,4,Single,3,1,15.0,2.0,3.0,3.0,166.35,887.13,0.667
53939,1,9.0,Phone,3,9.0,E wallet,Male,3.0,2,Grocery,4,Married,10,0,19.0,3.0,13.0,0.0,116.12,1178.26,0.231
53940,1,11.0,Mobile Phone,2,38.0,Debit Card,Female,3.0,4,Laptop & Accessory,2,Divorced,4,1,14.0,1.0,1.0,1.0,216.95,981.41,1.0
53941,1,21.0,Computer,3,19.0,Debit Card,Male,,6,Fashion,5,Divorced,5,1,22.0,0.0,1.0,,186.8,930.84,0.0
53942,0,5.0,Mobile Phone,3,18.0,Debit Card,Male,3.0,3,Mobile Phone,3,Married,10,0,15.0,3.0,7.0,0.0,166.71,1068.5,0.429
53943,0,27.0,Mobile Phone,2,12.0,E wallet,Male,3.0,3,Mobile Phone,4,Single,6,0,11.0,4.0,13.0,2.0,140.24,1205.91,0.308
53944,1,8.0,Mobile Phone,1,27.0,Debit Card,Female,3.0,3,Fashion,2,Single,3,1,14.0,1.0,2.0,12.0,174.69,865.82,0.5
53945,1,5.0,Mobile Phone,3,20.0,Debit Card,Female,4.0,4,Laptop & Accessory,3,Married,1,1,16.0,0.0,1.0,7.0,196.43,919.43,0.0
53946,0,15.0,Mobile Phone,2,9.0,COD,Female,,4,Mobile Phone,3,Divorced,7,0,18.0,1.0,5.0,,178.71,1048.1,0.2
53947,0,7.0,Mobile Phone,1,16.0,Debit Card,Female,3.0,4,Fashion,4,Single,3,1,15.0,1.0,3.0,2.0,189.33,974.45,0.333
53948,0,9.0,Phone,2,12.0,Credit Card,Male,3.0,5,Grocery,4,Married,4,1,24.0,0.0,2.0,6.0,243.69,1208.02,0.0
53949,0,10.0,Computer,3,5.0,COD,Male,2.0,4,Laptop & Accessory,3,Single,3,0,17.0,3.0,8.0,4.0,106.6,901.08,0.375
53950,0,15.0,Mobile Phone,3,25.0,Debit Card,Female,2.0,4,Laptop & Accessory,3,Single,4,0,14.0,0.0,1.0,7.0,53.07,358.67,0.0
53951,0,9.0,Mobile Phone,3,7.0,Debit Card,Female,2.0,3,Laptop & Accessory,5,Married,5,0,13.0,0.0,1.0,1.0,143.95,696.01,0.0
53952,1,9.0,Phone,1,14.0,E wallet,Male,4.0,4,Fashion,3,Single,7,1,21.0,1.0,3.0,2.0,84.25,623.15,0.333
53953,1,7.0,Phone,1,10.0,Debit Card,Male,4.0,4,Fashion,2,Married,5,1,15.0,0.0,1.0,,151.12,739.26,0.0
53954,0,14.0,Computer,1,10.0,Debit Card,Male,2.0,3,Mobile Phone,3,Married,1,0,17.0,4.0,5.0,2.0,153.05,942.59,0.8
53955,0,7.0,Mobile Phone,1,13.0,Credit Card,Male,2.0,3,Laptop & Accessory,3,Single,2,0,20.0,1.0,4.0,5.0,306.92,1506.3,0.25
53956,0,22.0,Computer,3,75.0,E wallet,Female,2.0,3,Laptop & Accessory,2,Married,3,0,14.0,1.0,1.0,1.0,179.26,838.19,1.0
53957,0,10.0,Mobile Phone,1,11.0,Debit Card,Female,3.0,4,Mobile Phone,4,Single,2,0,14.0,,1.0,5.0,63.71,399.1,0.0
53958,0,2.0,Phone,1,7.0,Debit Card,Male,3.0,3,Others,4,Married,4,0,21.0,0.0,1.0,1.0,127.33,696.85,0.0
53959,0,12.0,Mobile Phone,2,16.0,Debit Card,Male,2.0,4,Fashion,3,Married,2,0,12.0,3.0,5.0,6.0,227.33,1184.85,0.6
53960,0,13.0,Mobile Phone,3,8.0,Debit Card,Female,3.0,3,Fashion,5,Divorced,2,1,18.0,1.0,1.0,4.0,219.97,1024.89,1.0
53961,0,,Mobile Phone,1,6.0,Credit Card,Female,2.0,4,Mobile Phone,4,Single,4,0,20.0,1.0,,3.0,181.93,896.33,1.0
53962,1,6.0,Mobile Phone,1,6.0,Debit Card,Male,4.0,3,Others,4,Married,3,0,14.0,1.0,4.0,0.0,167.86,929.87,0.25
53963,0,5.0,Mobile Phone,1,5.0,Credit Card,Female,4.0,4,Fashion,3,Single,3,0,,1.0,3.0,5.0,214.02,1116.28,0.333
53964,0,15.0,Computer,1,12.0,Credit Card,Female,4.0,2,Laptop & Accessory,3,Married,5,0,16.0,1.0,2.0,1.0,255.63,1189.39,0.5
53965,1,20.0,Phone,3,12.0,Debit Card,Male,2.0,3,Fashion,1,Married,2,0,14.0,1.0,2.0,1.0,68.7,463.06,0.5
53966,0,5.0,Phone,3,7.0,Debit Card,Female,3.0,2,Mobile Phone,4,Married,8,1,13.0,2.0,6.0,1.0,136.6,893.08,0.333
53967,0,12.0,Mobile Phone,1,,Debit Card,Male,2.0,3,Mobile Phone,5,Married,3,0,19.0,2.0,2.0,1.0,142.98,785.32,1.0
53968,1,9.0,Mobile Phone,3,7.0,Debit Card,Male,3.0,4,Others,2,Single,1,1,14.0,1.0,1.0,5.0,157.68,756.18,1.0
53969,0,6.0,Computer,1,35.0,Credit Card,Male,2.0,4,Laptop & Accessory,5,Married,8,0,16.0,2.0,4.0,3.0,216.89,1132.18,0.5
53970,0,9.0,Phone,3,16.0,Credit Card,Male,3.0,2,Fashion,3,Divorced,3,0,17.0,9.0,15.0,3.0,109.72,1227.94,0.6
53971,0,19.0,Mobile Phone,1,5.0,Debit Card,Male,3.0,3,Mobile Phone,3,Single,5,0,11.0,1.0,1.0,3.0,97.5,503.5,1.0
53972,0,10.0,Mobile Phone,3,45.0,Credit Card,Female,3.0,4,Grocery,5,Married,4,0,15.0,1.0,3.0,2.0,134.0,764.2,0.333
53973,1,9.0,Phone,1,9.0,COD,Male,4.0,4,Laptop & Accessory,1,Single,7,0,19.0,1.0,2.0,3.0,166.16,873.41,0.5
53974,0,14.0,Mobile Phone,1,12.0,Debit Card,Female,3.0,2,Mobile Phone,3,Married,3,0,11.0,0.0,2.0,1.0,204.41,954.76,0.0
53975,0,,Mobile Phone,1,,Credit Card,Female,2.0,3,Laptop & Accessory,5,Married,5,0,14.0,1.0,,2.0,179.28,838.26,1.0
53976,0,5.0,Computer,1,21.0,E wallet,Male,3.0,3,Laptop & Accessory,3,Single,4,0,15.0,1.0,4.0,0.0,240.92,1215.5,0.25
53977,0,12.0,Phone,2,13.0,Debit Card,Male,4.0,2,Laptop & Accessory,4,Married,3,0,16.0,1.0,1.0,8.0,301.88,1320.14,1.0
53978,1,8.0,Phone,1,7.0,E wallet,Male,3.0,4,Mobile Phone,4,Married,7,0,16.0,1.0,1.0,43.0,189.28,892.26,1.0
53979,0,10.0,Mobile Phone,2,6.0,COD,Male,3.0,4,Others,2,Married,4,0,18.0,1.0,2.0,5.0,227.44,1098.27,0.5
53980,0,15.0,Mobile Phone,2,21.0,Debit Card,Male,4.0,3,Laptop & Accessory,2,Married,2,0,20.0,1.0,1.0,0.0,202.9,976.02,1.0
53981,0,8.0,Computer,2,8.0,E wallet,Male,3.0,3,Laptop & Accessory,5,Married,3,1,18.0,4.0,6.0,3.0,170.14,1060.53,0.667
53982,1,9.0,Computer,3,7.0,Debit Card,Male,5.0,4,Laptop & Accessory,2,Single,4,1,,0.0,1.0,0.0,160.64,775.43,0.0
53983,0,18.0,Mobile Phone,1,13.0,Debit Card,Male,2.0,3,Mobile Phone,3,Married,4,0,16.0,3.0,4.0,1.0,202.9,1079.02,0.75
53984,0,13.0,Mobile Phone,1,24.0,Credit Card,Male,3.0,3,Laptop & Accessory,3,Married,4,0,19.0,6.0,9.0,0.0,174.95,1221.81,0.667
53985,0,,Mobile Phone,3,9.0,Debit Card,Female,2.0,4,Others,5,Married,4,1,17.0,1.0,1.0,2.0,169.69,825.82,1.0
53986,1,11.0,Mobile Phone,1,9.0,Credit Card,Male,3.0,2,Mobile Phone,5,Single,3,0,18.0,2.0,6.0,3.0,146.46,970.55,0.333
53987,0,10.0,Phone,1,27.0,Debit Card,Male,2.0,4,Fashion,2,Single,3,0,17.0,0.0,1.0,1.0,262.79,1179.6,0.0
53988,0,2.0,Computer,2,7.0,E wallet,Male,2.0,5,Fashion,4,Single,2,0,14.0,1.0,2.0,8.0,187.23,913.47,0.5
53989,0,11.0,Mobile Phone,1,17.0,Credit Card,Male,2.0,5,Mobile Phone,5,Married,3,0,11.0,1.0,1.0,,166.33,765.05,1.0
53990,1,4.0,Mobile Phone,2,42.0,Credit Card,Female,3.0,3,Grocery,5,Married,4,1,14.0,0.0,1.0,8.0,224.48,1010.02,0.0
53991,0,,Computer,3,27.0,Debit Card,Male,2.0,4,Grocery,3,Married,5,0,16.0,1.0,1.0,4.0,219.09,1005.54,1.0
53992,1,3.0,Mobile Phone,1,6.0,Debit Card,Male,4.0,4,Laptop & Accessory,2,Married,7,0,15.0,0.0,1.0,0.0,155.05,754.19,0.0
53993,0,7.0,Computer,3,10.0,Debit Card,Male,2.0,3,Grocery,3,Married,5,0,14.0,,13.0,12.0,114.98,1133.92,0.615
53994,1,6.0,Phone,1,7.0,E wallet,Male,3.0,1,Mobile Phone,4,Married,4,1,14.0,2.0,,11.0,156.02,884.88,0.5
53995,0,24.0,Computer,1,41.0,Debit Card,Male,1.0,3,Laptop & Accessory,5,Married,6,0,17.0,0.0,1.0,4.0,110.73,601.77,0.0
53996,1,19.0,Mobile Phone,3,56.0,Credit Card,Male,2.0,4,Mobile Phone,3,Married,7,1,17.0,3.0,3.0,11.0,232.98,1156.32,1.0
53997,1,1.0,Mobile Phone,3,,Debit Card,Male,4.0,3,Laptop & Accessory,2,Married,3,0,13.0,1.0,2.0,1.0,70.4,461.52,0.5
53998,0,10.0,Mobile Phone,3,18.0,Credit Card,Male,4.0,3,Mobile Phone,1,Married,5,0,16.0,2.0,6.0,3.0,175.43,1064.63,0.333
53999,1,4.0,Mobile Phone,3,27.0,Credit Card,Female,4.0,4,Fashion,5,Single,6,0,18.0,1.0,1.0,5.0,160.97,800.69,1.0
54000,1,,Mobile Phone,1,8.0,Credit Card,Male,3.0,3,Laptop & Accessory,3,Married,4,1,21.0,0.0,2.0,3.0,164.3,882.34,0.0
54001,0,15.0,Computer,2,7.0,Credit Card,Male,2.0,2,Laptop & Accessory,4,Single,5,0,19.0,1.0,1.0,9.0,220.33,1034.25,1.0
54002,0,11.0,Computer,1,5.0,Credit Card,Female,2.0,3,Grocery,4,Single,6,0,18.0,3.0,4.0,4.0,193.03,1057.51,0.75
54003,0,15.0,Phone,1,11.0,E wallet,Female,3.0,4,Mobile Phone,5,Single,6,0,14.0,2.0,3.0,1.0,96.04,611.95,0.667
54004,0,8.0,Mobile Phone,1,33.0,E wallet,Female,4.0,4,Laptop & Accessory,2,Married,5,1,,1.0,3.0,8.0,243.18,1195.08,0.333
54005,0,12.0,Phone,2,33.0,Credit Card,Female,4.0,4,Grocery,3,Married,2,0,19.0,2.0,4.0,6.0,128.04,818.55,0.5
54006,0,15.0,Phone,1,,UPI,Male,2.0,3,Grocery,5,Single,4,0,12.0,1.0,,3.0,107.96,596.25,0.5
54007,0,7.0,Mobile Phone,3,,E wallet,Male,3.0,5,Laptop & Accessory,4,Single,7,1,12.0,0.0,1.0,3.0,185.88,847.34,0.0
54008,1,,Computer,2,11.0,Credit Card,Female,2.0,3,Laptop & Accessory,1,Married,4,0,16.0,0.0,1.0,5.0,64.92,419.7,0.0
54009,0,6.0,Mobile Phone,1,23.0,Debit Card,Female,3.0,3,Grocery,2,Single,5,0,11.0,,,5.0,234.55,1159.29,0.25
54010,0,9.0,Mobile Phone,1,16.0,Credit Card,Male,2.0,4,Laptop & Accessory,2,Married,2,0,14.0,4.0,12.0,1.0,88.93,989.93,0.333
54011,0,,Mobile Phone,1,14.0,Debit Card,Male,3.0,4,Mobile Phone,5,Single,3,1,13.0,2.0,2.0,6.0,162.13,810.09,1.0
54012,0,12.0,Phone,1,16.0,Credit Card,Female,4.0,4,Laptop & Accessory,2,Single,5,0,17.0,0.0,1.0,9.0,150.85,754.23,0.0
54013,0,6.0,Phone,3,6.0,Credit Card,Male,3.0,2,Fashion,5,Married,2,0,14.0,1.0,1.0,1.0,223.14,1004.93,1.0
54014,1,15.0,Mobile Phone,1,13.0,Credit Card,Female,2.0,3,Laptop & Accessory,1,Divorced,2,0,16.0,1.0,2.0,3.0,216.63,1041.19,0.5
54015,0,27.0,Mobile Phone,3,63.0,Credit Card,Male,1.0,1,Mobile Phone,2,Married,3,0,13.0,2.0,3.0,2.0,120.28,696.06,0.667
54016,0,6.0,Mobile Phone,2,6.0,Credit Card,Female,3.0,3,Laptop & Accessory,5,Married,6,0,17.0,3.0,3.0,1.0,239.79,1182.2,1.0
54017,0,37.0,Mobile Phone,1,14.0,Debit Card,Male,,3,Laptop & Accessory,5,Married,4,0,15.0,0.0,1.0,0.0,112.99,594.36,0.0
54018,1,30.0,Mobile Phone,3,9.0,Debit Card,Male,3.0,4,Laptop & Accessory,2,Married,5,1,11.0,1.0,3.0,8.0,166.17,854.45,0.333
54019,0,10.0,Mobile Phone,1,14.0,Credit Card,Male,2.0,3,Laptop & Accessory,2,Married,4,0,16.0,0.0,2.0,1.0,182.09,909.94,0.0
54020,0,9.0,Mobile Phone,1,15.0,Credit Card,Male,4.0,1,Fashion,3,Married,2,0,17.0,1.0,1.0,4.0,209.36,976.57,1.0
54021,1,6.0,Computer,1,15.0,E wallet,Male,3.0,3,Grocery,1,Divorced,8,0,19.0,1.0,2.0,3.0,230.44,1117.67,0.5
54022,0,17.0,Mobile Phone,1,28.0,Debit Card,Female,4.0,3,Fashion,5,Single,7,1,18.0,0.0,5.0,,172.03,1022.71,0.0
54023,0,10.0,Phone,1,11.0,Debit Card,Male,3.0,4,Mobile Phone,3,Married,4,0,19.0,2.0,,3.0,100.98,715.72,0.5
54024,1,11.0,Mobile Phone,3,14.0,Credit Card,Male,2.0,4,Laptop & Accessory,3,Single,6,0,14.0,4.0,7.0,4.0,146.93,985.33,0.571
54025,1,5.0,Mobile Phone,1,5.0,Credit Card,Male,2.0,5,Laptop & Accessory,1,Married,4,1,17.0,3.0,6.0,7.0,113.92,838.9,0.5
54026,1,17.0,Mobile Phone,2,24.0,Debit Card,Female,4.0,4,Laptop & Accessory,1,Married,3,0,11.0,1.0,1.0,1.0,177.47,807.39,1.0
54027,0,8.0,Mobile Phone,1,9.0,Credit Card,Male,2.0,3,Fashion,3,Single,4,0,11.0,0.0,5.0,2.0,160.91,924.46,0.0
54028,1,4.0,Mobile Phone,1,25.0,Debit Card,Female,2.0,4,Laptop & Accessory,2,Married,1,0,12.0,3.0,3.0,1.0,250.95,1184.61,1.0
54029,0,9.0,Computer,1,9.0,Debit Card,Female,2.0,3,Others,4,Married,2,1,11.0,3.0,8.0,5.0,224.72,1301.94,0.375
54030,1,,Computer,2,5.0,Debit Card,Female,3.0,2,Fashion,5,Married,4,0,17.0,0.0,1.0,2.0,264.96,1187.85,0.0
54031,0,22.0,Mobile Phone,1,7.0,Credit Card,Male,4.0,2,Others,1,Single,5,1,16.0,0.0,1.0,7.0,211.58,977.0,0.0
54032,0,29.0,Mobile Phone,1,56.0,UPI,Female,4.0,3,Mobile Phone,4,Divorced,6,0,11.0,,2.0,6.0,183.82,876.52,0.5
54033,0,9.0,Computer,1,10.0,Debit Card,Male,3.0,1,Mobile Phone,5,Single,5,0,21.0,0.0,1.0,0.0,184.15,912.77,0.0
54034,0,19.0,Mobile Phone,3,6.0,Debit Card,Male,5.0,4,Laptop & Accessory,3,Divorced,5,0,16.0,0.0,2.0,0.0,149.05,784.39,0.0
54035,0,18.0,Phone,1,7.0,E wallet,Male,2.0,3,Mobile Phone,5,Single,3,0,11.0,1.0,7.0,,148.5,967.3,0.143
54036,1,0.0,Computer,3,9.0,E wallet,Male,4.0,4,Others,1,Single,4,0,20.0,2.0,4.0,5.0,158.96,944.05,0.5
54037,0,6.0,Computer,1,5.0,Debit Card,Male,3.0,5,Laptop & Accessory,3,Married,3,0,13.0,1.0,1.0,2.0,255.45,1119.71,1.0
54038,0,11.0,Mobile Phone,2,,Credit Card,Male,3.0,6,Laptop & Accessory,2,Married,6,0,17.0,0.0,1.0,1.0,137.08,701.9,0.0
54039,0,7.0,Mobile Phone,1,8.0,Debit Card,Male,2.0,5,Laptop & Accessory,5,Single,5,0,17.0,2.0,9.0,1.0,210.49,1340.86,0.222
54040,0,,Mobile Phone,1,14.0,Debit Card,Male,1.0,4,Others,3,Single,3,0,11.0,0.0,1.0,1.0,113.19,563.12,0.0
54041,0,19.0,Computer,1,7.0,Credit Card,Female,2.0,3,Laptop & Accessory,3,Divorced,4,0,21.0,1.0,2.0,1.0,167.27,893.63,0.5
54042,0,7.0,Computer,3,12.0,COD,Female,2.0,3,Fashion,5,Divorced,3,0,25.0,3.0,6.0,2.0,172.64,1126.03,0.5
54043,0,12.0,Phone,1,,Credit Card,Female,3.0,4,Laptop & Accessory,5,Single,1,1,12.0,1.0,,3.0,190.27,954.03,0.333
54044,0,18.0,Phone,3,6.0,COD,Male,2.0,4,Fashion,5,Married,4,0,17.0,6.0,10.0,5.0,203.42,1359.0,0.6
54045,1,23.0,Phone,1,11.0,Credit Card,Male,2.0,5,Mobile Phone,3,Single,4,0,17.0,4.0,9.0,9.0,151.73,1117.57,0.444
54046,0,4.0,Phone,1,,UPI,Male,4.0,4,Laptop & Accessory,4,Married,3,0,16.0,0.0,4.0,6.0,214.3,1122.34,0.0
54047,0,5.0,Computer,1,8.0,Debit Card,Male,4.0,3,Mobile Phone,3,Married,4,0,23.0,0.0,2.0,5.0,133.75,782.25,0.0
54048,0,11.0,Phone,1,16.0,Debit Card,Female,4.0,5,Fashion,4,Married,3,0,16.0,1.0,3.0,7.0,144.66,812.71,0.333
54049,0,2.0,Mobile Phone,3,16.0,E wallet,Male,3.0,5,Mobile Phone,3,Married,4,0,17.0,3.0,4.0,11.0,148.76,881.29,0.75
54050,1,5.0,Mobile Phone,3,17.0,Debit Card,Female,3.0,3,Mobile Phone,4,Single,5,0,20.0,1.0,,1.0,161.58,819.0,1.0
54051,0,21.0,Phone,2,7.0,Debit Card,Female,4.0,4,Laptop & Accessory,3,Married,2,0,22.0,1.0,2.0,4.0,148.62,830.76,0.5
54052,0,15.0,Mobile Phone,1,9.0,Credit Card,Female,3.0,4,Grocery,5,Divorced,6,1,13.0,2.0,3.0,0.0,118.24,688.31,0.667
54053,1,9.0,Mobile Phone,1,8.0,Debit Card,Female,,3,Laptop & Accessory,2,Married,4,1,15.0,0.0,1.0,22.0,207.43,953.23,0.0
54054,1,13.0,Computer,3,14.0,Credit Card,Male,2.0,4,Laptop & Accessory,4,Married,4,1,17.0,1.0,3.0,,128.0,757.4,0.333
54055,1,15.0,Phone,1,12.0,Debit Card,Male,2.0,2,Laptop & Accessory,3,Single,9,1,13.0,1.0,1.0,2.0,218.1,977.78,1.0
54056,1,3.0,Computer,3,10.0,E wallet,Female,4.0,3,Laptop & Accessory,2,Married,4,0,20.0,0.0,2.0,4.0,216.62,1073.16,0.0
54057,1,7.0,Mobile Phone,1,24.0,Debit Card,Male,3.0,3,Mobile Phone,1,Married,2,0,16.0,0.0,1.0,4.0,101.96,560.45,0.0
54058,0,22.0,Phone,3,,Credit Card,Male,3.0,4,Mobile Phone,2,Divorced,5,0,12.0,4.0,5.0,8.0,202.45,1090.31,0.8
54059,0,11.0,Mobile Phone,3,49.0,Debit Card,Male,1.0,2,Mobile Phone,5,Married,3,0,15.0,,1.0,3.0,175.37,831.41,1.0
54060,0,12.0,Computer,3,6.0,E wallet,Female,2.0,2,Laptop & Accessory,5,Married,5,0,12.0,4.0,7.0,1.0,125.53,888.01,0.571
54061,0,10.0,Mobile Phone,1,23.0,Credit Card,Male,3.0,5,Laptop & Accessory,1,Married,6,0,14.0,2.0,4.0,3.0,160.99,903.76,0.5
54062,1,2.0,Phone,1,11.0,Debit Card,Female,3.0,3,Fashion,3,Single,5,1,11.0,,1.0,1.0,204.61,910.52,0.0
54063,1,6.0,Phone,1,29.0,Debit Card,Male,3.0,3,Fashion,3,Divorced,4,1,,2.0,3.0,7.0,235.61,1182.32,0.667
54064,0,13.0,Mobile Phone,2,6.0,Debit Card,Female,2.0,4,Laptop & Accessory,3,Single,8,0,14.0,1.0,2.0,1.0,130.22,696.84,0.5
54065,0,7.0,Computer,3,11.0,Credit Card,Female,3.0,3,Mobile Phone,3,Married,2,0,12.0,1.0,4.0,2.0,218.66,1106.91,0.25
54066,0,4.0,Computer,1,10.0,Credit Card,Male,4.0,4,Laptop & Accessory,5,Married,2,1,15.0,2.0,3.0,1.0,159.37,860.61,0.667
54067,0,5.0,Mobile Phone,1,65.0,Debit Card,Male,4.0,3,Fashion,5,Single,6,0,20.0,1.0,3.0,2.0,80.98,602.72,0.333
54068,0,22.0,Mobile Phone,1,56.0,Credit Card,Female,1.0,4,Grocery,1,Single,2,0,18.0,1.0,4.0,15.0,300.83,1467.15,0.25
54069,0,7.0,Mobile Phone,3,8.0,UPI,Female,3.0,3,Laptop & Accessory,4,Married,5,0,23.0,0.0,2.0,12.0,278.7,1333.06,0.0
54070,1,20.0,Mobile Phone,1,17.0,Debit Card,Female,3.0,5,Fashion,1,Single,4,0,11.0,1.0,2.0,4.0,152.05,755.79,0.5
54071,0,12.0,Computer,2,14.0,Credit Card,Male,3.0,3,Laptop & Accessory,4,Single,6,1,11.0,1.0,,5.0,190.02,900.08,0.5
54072,0,8.0,Computer,1,7.0,Credit Card,Male,3.0,3,Laptop & Accessory,5,Married,5,0,15.0,0.0,1.0,2.0,256.28,1138.86,0.0
54073,0,6.0,Mobile Phone,1,7.0,Credit Card,Male,2.0,5,Mobile Phone,4,Divorced,5,0,22.0,1.0,2.0,1.0,137.28,787.66,0.5
54074,0,15.0,Mobile Phone,3,59.0,Debit Card,Male,3.0,4,Mobile Phone,3,Single,2,0,18.0,0.0,3.0,1.0,216.25,1100.75,0.0
54075,0,18.0,Mobile Phone,1,12.0,Debit Card,Female,3.0,4,Fashion,5,Married,7,0,19.0,0.0,1.0,0.0,238.7,1104.06,0.0
54076,0,16.0,Mobile Phone,1,7.0,Debit Card,Male,5.0,3,Fashion,4,Single,5,0,12.0,1.0,1.0,3.0,254.66,1108.71,1.0
54077,0,3.0,Mobile Phone,1,8.0,Credit Card,Female,1.0,3,Grocery,2,Married,5,0,14.0,4.0,8.0,0.0,179.45,1153.91,0.5
54078,0,7.0,Mobile Phone,1,9.0,Credit Card,Male,2.0,3,Mobile Phone,3,Divorced,5,0,14.0,1.0,3.0,2.0,73.95,528.01,0.333
54079,0,7.0,Mobile Phone,1,14.0,Debit Card,Male,3.0,3,Mobile Phone,4,Single,4,0,17.0,0.0,1.0,9.0,263.95,1184.01,0.0
54080,1,2.0,Phone,1,10.0,Debit Card,Female,3.0,3,Mobile Phone,1,Divorced,4,0,18.0,2.0,4.0,2.0,153.85,908.63,0.5
54081,1,13.0,Phone,2,12.0,Debit Card,Female,3.0,6,Laptop & Accessory,1,Divorced,3,1,15.0,1.0,3.0,3.0,101.59,641.04,0.333
54082,1,14.0,Mobile Phone,1,,E wallet,Female,4.0,3,Mobile Phone,5,Married,3,0,11.0,0.0,,,128.67,666.95,0.0
54083,1,14.0,Computer,3,10.0,Debit Card,Female,3.0,3,Fashion,1,Married,4,1,13.0,,3.0,2.0,29.21,350.0,0.333
54084,0,13.0,Phone,3,6.0,Credit Card,Female,3.0,3,Laptop & Accessory,4,Divorced,6,1,18.0,4.0,6.0,0.0,183.56,1111.53,0.667
54085,0,8.0,Computer,3,,E wallet,Female,4.0,4,Others,3,Married,3,0,21.0,0.0,1.0,6.0,153.56,796.53,0.0
54086,1,5.0,Mobile Phone,3,8.0,E wallet,Female,3.0,3,Mobile Phone,5,Single,5,0,17.0,2.0,2.0,1.0,167.48,862.42,1.0
54087,1,8.0,Computer,1,22.0,Credit Card,Female,3.0,3,Fashion,5,Married,4,0,14.0,1.0,4.0,1.0,194.38,1030.64,0.25
54088,0,12.0,Computer,1,10.0,Debit Card,Male,3.0,4,Others,5,Single,4,0,13.0,0.0,1.0,0.0,125.55,626.09,0.0
54089,0,21.0,Mobile Phone,2,,E wallet,Female,3.0,3,Mobile Phone,1,Divorced,8,0,14.0,2.0,4.0,5.0,177.42,966.2,0.5
54090,1,10.0,Mobile Phone,1,9.0,E wallet,Male,2.0,3,Laptop & Accessory,3,Single,7,1,21.0,0.0,4.0,0.0,149.07,914.47,0.0
54091,0,10.0,Computer,1,19.0,E wallet,Male,2.0,2,Fashion,4,Married,3,1,13.0,0.0,2.0,4.0,255.94,1166.57,0.0
54092,0,2.0,Phone,1,27.0,Debit Card,Male,3.0,2,Grocery,5,Married,5,0,12.0,1.0,4.0,2.0,142.11,816.02,0.25
54093,0,13.0,Computer,1,9.0,Debit Card,Female,2.0,2,Laptop & Accessory,2,Married,3,0,14.0,1.0,3.0,3.0,34.75,379.05,0.333
54094,1,22.0,Phone,1,8.0,Credit Card,Male,4.0,3,Laptop & Accessory,1,Married,5,0,16.0,1.0,1.0,11.0,283.57,1250.57,1.0
54095,0,9.0,Phone,1,19.0,COD,Female,2.0,3,Laptop & Accessory,2,Divorced,3,0,14.0,0.0,1.0,0.0,249.07,1103.47,0.0
54096,0,9.0,Mobile Phone,1,8.0,E wallet,Male,2.0,1,Laptop & Accessory,3,Single,5,0,14.0,,8.0,5.0,221.63,1314.19,0.125
54097,0,7.0,Mobile Phone,2,17.0,E wallet,Male,3.0,2,Grocery,4,Single,6,0,17.0,1.0,2.0,10.0,217.49,1052.46,0.5
54098,0,15.0,Computer,1,6.0,Credit Card,Male,3.0,2,Laptop & Accessory,4,Married,2,1,,1.0,3.0,1.0,192.59,954.84,0.333
54099,1,2.0,Mobile Phone,3,17.0,Debit Card,Male,3.0,3,Fashion,1,Married,4,0,14.0,2.0,2.0,1.0,126.62,683.16,1.0
54100,0,20.0,Mobile Phone,1,,Credit Card,Female,3.0,2,Fashion,4,Married,4,0,15.0,2.0,4.0,2.0,206.58,1085.0,0.5
54101,0,8.0,Phone,2,6.0,E wallet,Female,4.0,2,Fashion,4,Married,6,0,17.0,0.0,1.0,14.0,93.78,537.36,0.0
54102,0,13.0,Phone,1,18.0,Credit Card,Male,3.0,6,Laptop & Accessory,3,Married,5,0,13.0,0.0,1.0,4.0,139.28,678.26,0.0
54103,0,,Mobile Phone,1,12.0,COD,Male,3.0,3,Mobile Phone,4,Married,5,0,11.0,2.0,5.0,13.0,105.76,714.89,0.4
54104,1,5.0,Mobile Phone,1,8.0,Debit Card,Male,4.0,4,Grocery,4,Married,6,0,17.0,0.0,1.0,1.0,79.19,481.92,0.0
54105,0,10.0,Mobile Phone,1,10.0,Debit Card,Female,2.0,4,Laptop & Accessory,2,Married,8,0,25.0,1.0,2.0,6.0,151.24,864.71,0.5
54106,0,8.0,Mobile Phone,3,13.0,UPI,Male,4.0,4,Laptop & Accessory,5,Married,1,1,15.0,0.0,1.0,1.0,117.57,611.77,0.0
54107,1,4.0,Phone,2,6.0,Debit Card,Male,3.0,4,Grocery,2,Divorced,5,0,17.0,1.0,2.0,3.0,228.36,1093.77,0.5
54108,1,18.0,Mobile Phone,1,43.0,Credit Card,Male,,4,Mobile Phone,5,Married,3,1,15.0,2.0,2.0,11.0,196.37,956.21,1.0
54109,0,8.0,Computer,1,18.0,UPI,Female,2.0,4,Mobile Phone,4,Married,3,0,14.0,2.0,4.0,0.0,140.89,827.38,0.5
54110,0,4.0,Computer,1,6.0,Debit Card,Male,4.0,5,Others,4,Married,6,1,18.0,0.0,1.0,2.0,146.01,743.84,0.0
54111,1,10.0,Phone,1,26.0,E wallet,Male,3.0,2,Fashion,1,Single,2,0,14.0,1.0,2.0,2.0,258.44,1184.07,0.5
54112,1,3.0,Mobile Phone,1,10.0,Debit Card,Female,3.0,3,Mobile Phone,5,Single,4,0,12.0,1.0,1.0,0.0,116.39,583.28,1.0
54113,1,7.0,Mobile Phone,3,16.0,E wallet,Female,3.0,2,Mobile Phone,3,Single,5,1,,1.0,1.0,1.0,100.03,553.11,1.0
54114,0,12.0,Mobile Phone,1,9.0,Debit Card,Female,4.0,4,Laptop & Accessory,4,Married,5,0,11.0,0.0,1.0,0.0,198.5,887.3,0.0
54115,0,3.0,Mobile Phone,2,21.0,Credit Card,Male,3.0,3,Laptop & Accessory,5,Married,3,0,19.0,3.0,6.0,2.0,182.2,1114.36,0.5
54116,1,15.0,Computer,2,20.0,Credit Card,Male,,5,Mobile Phone,2,Married,7,1,19.0,1.0,2.0,0.0,201.36,1007.17,0.5
54117,0,10.0,Mobile Phone,3,15.0,Credit Card,Female,3.0,3,Laptop & Accessory,5,Divorced,2,1,20.0,0.0,2.0,0.0,108.47,662.19,0.0
54118,0,,Computer,1,8.0,Credit Card,Male,2.0,3,Grocery,4,Single,2,0,11.0,3.0,4.0,1.0,151.55,843.89,0.75
54119,0,16.0,Mobile Phone,3,9.0,UPI,Male,2.0,3,Laptop & Accessory,4,Divorced,5,0,15.0,1.0,5.0,2.0,108.68,757.98,0.2
54120,0,7.0,Mobile Phone,3,11.0,E wallet,Male,3.0,4,Mobile Phone,5,Married,5,1,24.0,0.0,1.0,2.0,235.54,1132.05,0.0
54121,0,7.0,Computer,1,7.0,COD,Female,2.0,4,Fashion,3,Married,4,0,11.0,0.0,1.0,2.0,128.19,620.12,0.0
54122,0,13.0,Phone,1,10.0,Credit Card,Female,4.0,3,Fashion,3,Married,3,0,14.0,1.0,2.0,3.0,161.44,815.47,0.5
54123,0,4.0,Mobile Phone,3,19.0,Credit Card,Female,3.0,4,Mobile Phone,4,Divorced,3,1,15.0,0.0,1.0,11.0,202.97,936.29,0.0
54124,1,4.0,Mobile Phone,3,26.0,Debit Card,Male,3.0,3,Mobile Phone,3,Married,5,0,14.0,2.0,2.0,3.0,206.66,987.31,1.0
54125,0,6.0,Mobile Phone,1,10.0,COD,Male,2.0,3,Grocery,1,Married,10,0,14.0,0.0,3.0,0.0,112.5,674.5,0.0
54126,1,3.0,Phone,1,8.0,Debit Card,Male,3.0,3,Laptop & Accessory,2,Single,5,0,14.0,1.0,2.0,5.0,251.41,1157.36,0.5
54127,1,4.0,Mobile Phone,1,26.0,Debit Card,Male,4.0,4,Fashion,1,Married,8,0,11.0,1.0,3.0,14.0,173.07,880.67,0.333
54128,1,4.0,Phone,1,32.0,Debit Card,Female,3.0,4,Grocery,1,Married,6,0,11.0,0.0,1.0,1.0,190.09,855.34,0.0
54129,0,8.0,Phone,1,11.0,Credit Card,Male,3.0,3,Laptop & Accessory,4,Married,3,0,13.0,0.0,2.0,1.0,126.26,673.79,0.0
54130,1,8.0,Computer,1,5.0,UPI,Male,2.0,1,Grocery,1,Divorced,4,1,11.0,1.0,3.0,1.0,194.17,960.85,0.333
54131,0,17.0,Mobile Phone,2,19.0,Debit Card,Female,3.0,4,Fashion,3,Divorced,6,0,11.0,6.0,,0.0,155.09,1307.34,0.429
54132,1,8.0,Mobile Phone,3,23.0,UPI,Male,,1,Mobile Phone,3,Married,6,1,16.0,0.0,1.0,7.0,183.7,871.06,0.0
54133,0,9.0,Phone,3,5.0,Credit Card,Female,2.0,3,Mobile Phone,5,Married,5,1,14.0,1.0,1.0,2.0,109.61,573.52,1.0
54134,1,26.0,Mobile Phone,1,16.0,E wallet,Female,3.0,1,Grocery,3,Married,4,0,12.0,0.0,1.0,7.0,104.48,538.02,0.0
54135,0,1.0,Mobile Phone,3,16.0,Credit Card,Female,4.0,3,Laptop & Accessory,4,Married,2,1,15.0,0.0,1.0,4.0,110.69,585.62,0.0
54136,0,,Mobile Phone,1,11.0,Debit Card,Female,2.0,4,Mobile Phone,3,Married,5,0,14.0,0.0,4.0,1.0,198.17,1045.05,0.0
54137,1,8.0,Mobile Phone,1,22.0,Credit Card,Female,3.0,3,Fashion,1,Married,4,0,18.0,0.0,1.0,4.0,194.29,927.3,0.0
54138,1,,Mobile Phone,3,12.0,Credit Card,Male,4.0,5,Fashion,1,Married,4,0,16.0,1.0,1.0,6.0,270.21,1199.8,1.0
54139,1,6.0,Mobile Phone,1,19.0,Debit Card,Male,5.0,4,Laptop & Accessory,3,Married,8,0,15.0,0.0,5.0,0.0,233.21,1231.2,0.0
54140,1,8.0,Computer,1,14.0,Debit Card,Female,2.0,4,Laptop & Accessory,1,Married,5,1,11.0,2.0,2.0,2.0,143.11,721.82,1.0
54141,0,20.0,Phone,1,8.0,Debit Card,Male,3.0,3,Fashion,4,Single,3,0,15.0,1.0,3.0,7.0,218.96,1087.05,0.333
54142,0,13.0,Mobile Phone,1,16.0,Debit Card,Female,4.0,1,Mobile Phone,3,Married,4,0,11.0,0.0,1.0,,187.89,846.98,0.0
54143,0,8.0,Mobile Phone,3,21.0,Credit Card,Male,2.0,4,Laptop & Accessory,4,Single,6,1,23.0,0.0,3.0,5.0,79.67,621.75,0.0
54144,0,5.0,Phone,3,49.0,Credit Card,Male,3.0,4,Laptop & Accessory,2,Married,5,0,11.0,4.0,6.0,2.0,187.48,1070.42,0.667
54145,0,4.0,Computer,3,11.0,E wallet,Male,3.0,3,Mobile Phone,4,Married,4,1,16.0,1.0,,1.0,177.43,982.23,0.25
54146,0,7.0,Mobile Phone,3,6.0,COD,Male,3.0,3,Mobile Phone,2,Married,7,0,14.0,0.0,1.0,4.0,174.02,818.28,0.0
54147,0,9.0,Computer,2,58.0,Debit Card,Female,3.0,3,Fashion,4,Single,3,0,15.0,1.0,1.0,12.0,178.6,843.68,1.0
54148,1,26.0,Phone,3,17.0,Credit Card,Female,4.0,4,Laptop & Accessory,3,Single,10,0,16.0,0.0,1.0,1.0,182.35,865.93,0.0
54149,0,11.0,Mobile Phone,1,40.0,Debit Card,Male,2.0,4,Fashion,4,Married,3,0,12.0,3.0,6.0,1.0,132.73,870.37,0.5
54150,0,6.0,Computer,3,,Credit Card,Female,3.0,4,Grocery,5,Married,5,0,18.0,3.0,3.0,3.0,224.66,1132.71,1.0
54151,0,1.0,Phone,1,10.0,E wallet,Male,3.0,5,Mobile Phone,3,Married,5,0,19.0,0.0,1.0,4.0,93.34,551.69,0.0
54152,0,5.0,Computer,3,7.0,Debit Card,Female,2.0,4,Laptop & Accessory,2,Divorced,7,0,14.0,,5.0,12.0,160.66,947.51,0.4
54153,0,7.0,Mobile Phone,1,27.0,Debit Card,Female,2.0,1,Grocery,5,Married,6,0,18.0,1.0,,2.0,219.5,1023.1,1.0
54154,0,11.0,Phone,2,30.0,Debit Card,Male,4.0,4,Laptop & Accessory,3,Single,3,0,22.0,0.0,3.0,3.0,207.88,1100.94,0.0
54155,0,7.0,Phone,2,13.0,E wallet,Male,3.0,4,Mobile Phone,4,Married,3,0,17.0,2.0,5.0,2.0,188.73,1078.17,0.4
54156,0,27.0,Mobile Phone,3,7.0,Credit Card,Female,3.0,2,Mobile Phone,3,Married,4,0,17.0,2.0,4.0,6.0,123.34,784.69,0.5
54157,1,8.0,Phone,3,7.0,COD,Female,3.0,3,Fashion,3,Married,4,1,11.0,4.0,5.0,2.0,174.34,975.49,0.8
54158,0,18.0,Mobile Phone,1,16.0,UPI,Female,2.0,4,Mobile Phone,4,Single,4,0,19.0,2.0,4.0,3.0,209.64,1128.63,0.5
54159,1,3.0,Mobile Phone,1,13.0,Debit Card,Female,3.0,4,Mobile Phone,2,Married,3,0,14.0,0.0,1.0,2.0,168.78,798.36,0.0
54160,0,9.0,Mobile Phone,1,19.0,Debit Card,Female,2.0,4,Grocery,5,Single,4,0,19.0,1.0,2.0,0.0,150.94,815.57,0.5
54161,0,5.0,Phone,1,9.0,Credit Card,Male,3.0,4,Others,3,Married,3,0,16.0,3.0,6.0,4.0,181.21,1086.6,0.5
54162,1,18.0,Computer,1,11.0,Credit Card,Female,2.0,2,Mobile Phone,1,Married,6,1,11.0,0.0,1.0,2.0,147.23,692.47,0.0
54163,0,,Mobile Phone,1,5.0,Credit Card,Male,4.0,4,Mobile Phone,3,Married,4,0,14.0,6.0,9.0,1.0,205.78,1298.96,0.667
54164,1,21.0,Phone,1,16.0,Debit Card,Male,3.0,3,Fashion,4,Married,5,0,20.0,1.0,1.0,4.0,155.29,795.1,1.0
54165,1,14.0,Mobile Phone,3,12.0,Debit Card,Female,3.0,3,Fashion,5,Married,4,1,26.0,1.0,3.0,5.0,197.67,1094.15,0.333
54166,0,7.0,Computer,3,35.0,Debit Card,Male,3.0,2,Laptop & Accessory,3,Single,3,0,12.0,0.0,1.0,3.0,147.24,700.51,0.0
54167,0,,Phone,1,17.0,E wallet,Male,2.0,2,Mobile Phone,3,Married,3,0,11.0,5.0,10.0,1.0,172.46,1193.35,0.5
54168,0,,Phone,1,11.0,COD,Female,4.0,2,Laptop & Accessory,3,Divorced,3,0,15.0,1.0,2.0,3.0,158.05,810.59,0.5
54169,0,8.0,Phone,1,9.0,Debit Card,Male,2.0,4,Mobile Phone,5,Married,4,0,16.0,1.0,1.0,1.0,163.72,795.14,1.0
54170,0,14.0,Mobile Phone,1,33.0,Debit Card,Female,3.0,2,Fashion,3,Single,3,0,18.0,1.0,5.0,1.0,188.14,1083.93,0.2
54171,0,9.0,Mobile Phone,1,5.0,Debit Card,Female,2.0,3,Laptop & Accessory,3,Single,6,0,19.0,1.0,2.0,0.0,234.14,1131.73,0.5
54172,1,16.0,Computer,1,10.0,UPI,Male,5.0,3,Laptop & Accessory,3,Married,3,0,17.0,3.0,5.0,1.0,194.5,1100.1,0.6
54173,1,22.0,Mobile Phone,1,39.0,COD,Male,3.0,4,Mobile Phone,5,Single,6,1,13.0,0.0,2.0,13.0,206.2,977.56,0.0
54174,0,10.0,Phone,1,18.0,Debit Card,Female,2.0,2,Fashion,4,Married,4,1,17.0,4.0,7.0,2.0,148.74,1016.21,0.571
54175,0,5.0,Computer,1,14.0,Debit Card,Male,3.0,1,Fashion,2,Married,5,0,11.0,1.0,1.0,5.0,136.64,652.23,1.0
54176,0,12.0,Mobile Phone,1,8.0,Debit Card,Male,5.0,3,Laptop & Accessory,1,Divorced,5,0,11.0,4.0,10.0,,97.09,906.94,0.4
54177,1,29.0,Computer,2,27.0,Credit Card,Female,3.0,3,Laptop & Accessory,1,Married,6,0,20.0,0.0,2.0,4.0,211.62,1054.16,0.0
54178,0,17.0,Computer,3,8.0,Credit Card,Female,3.0,3,Mobile Phone,5,Married,5,0,19.0,1.0,2.0,3.0,203.9,1016.82,0.5
54179,0,12.0,Phone,1,8.0,Credit Card,Male,2.0,4,Mobile Phone,5,Single,4,1,11.0,1.0,1.0,2.0,127.76,618.49,1.0
54180,0,5.0,Mobile Phone,1,8.0,COD,Female,2.0,1,Mobile Phone,4,Single,5,1,20.0,0.0,1.0,1.0,142.19,745.32,0.0
54181,0,8.0,Mobile Phone,1,,Debit Card,Female,2.0,1,Mobile Phone,3,Single,3,0,16.0,1.0,1.0,10.0,276.2,1222.56,1.0
54182,0,3.0,Mobile Phone,1,42.0,E wallet,Male,3.0,3,Mobile Phone,4,Single,4,0,19.0,3.0,4.0,4.0,254.26,1298.19,0.75
54183,1,4.0,Computer,1,16.0,Debit Card,Female,3.0,4,Mobile Phone,2,Married,6,0,11.0,2.0,3.0,1.0,183.74,921.21,0.667
54184,0,12.0,Computer,1,17.0,Debit Card,Male,4.0,2,Grocery,4,Married,8,0,13.0,3.0,6.0,6.0,135.86,890.27,0.5
54185,0,2.0,Phone,1,42.0,E wallet,Male,3.0,6,Fashion,5,Married,4,0,13.0,2.0,7.0,0.0,139.35,948.53,0.286
54186,0,8.0,Mobile Phone,1,8.0,UPI,Female,2.0,4,Laptop & Accessory,1,Single,4,0,15.0,2.0,4.0,3.0,189.76,1021.09,0.5
54187,0,4.0,Mobile Phone,2,5.0,E wallet,Female,3.0,3,Mobile Phone,3,Single,3,0,16.0,2.0,3.0,0.0,177.23,936.47,0.667
54188,1,4.0,Phone,1,,E wallet,Male,3.0,4,Mobile Phone,1,Married,3,0,11.0,4.0,6.0,3.0,243.27,1282.43,0.667
54189,0,10.0,Phone,1,14.0,E wallet,Female,3.0,3,Laptop & Accessory,2,Married,9,0,13.0,1.0,1.0,4.0,199.56,907.33,1.0
54190,0,6.0,Computer,1,13.0,Debit Card,Male,3.0,3,Mobile Phone,4,Single,7,1,14.0,0.0,1.0,3.0,298.19,1290.12,0.0
54191,0,3.0,Phone,1,6.0,E wallet,Male,1.0,3,Mobile Phone,3,Married,4,0,13.0,,3.0,3.0,84.06,558.43,0.333
54192,0,6.0,Computer,3,12.0,E wallet,Male,2.0,4,Fashion,4,Married,2,1,14.0,1.0,1.0,1.0,168.73,798.17,1.0
54193,0,3.0,Phone,2,9.0,Credit Card,Male,3.0,2,Laptop & Accessory,4,Single,4,0,24.0,0.0,2.0,0.0,245.79,1216.0,0.0
54194,1,20.0,Phone,1,9.0,Credit Card,Male,2.0,4,Laptop & Accessory,5,Single,5,0,15.0,1.0,3.0,4.0,133.4,761.92,0.333
54195,0,15.0,Mobile Phone,2,8.0,E wallet,Female,3.0,4,Laptop & Accessory,5,Married,8,1,11.0,2.0,7.0,,241.22,1319.64,0.286
54196,0,15.0,Computer,1,10.0,E wallet,Male,,3,Fashion,4,Married,6,0,18.0,4.0,5.0,2.0,256.22,1342.64,0.8
54197,1,5.0,Phone,1,10.0,Debit Card,Male,4.0,5,Grocery,3,Married,8,1,19.0,2.0,4.0,6.0,185.41,1036.56,0.5
54198,0,13.0,Mobile Phone,1,9.0,E wallet,Female,4.0,2,Mobile Phone,2,Married,4,0,18.0,0.0,2.0,4.0,245.25,1165.95,0.0
54199,0,11.0,Mobile Phone,3,51.0,E wallet,Male,4.0,5,Mobile Phone,3,Married,4,0,13.0,2.0,4.0,9.0,215.01,1101.04,0.5
54200,0,6.0,Mobile Phone,1,37.0,Debit Card,Female,4.0,4,Laptop & Accessory,1,Married,3,1,20.0,1.0,1.0,5.0,96.69,572.42,1.0
54201,0,9.0,Mobile Phone,1,15.0,E wallet,Male,5.0,4,Mobile Phone,5,Married,3,0,,1.0,4.0,13.0,195.69,1067.62,0.25
54202,1,3.0,Mobile Phone,1,53.0,Debit Card,Male,3.0,4,Mobile Phone,3,Single,2,1,18.0,1.0,2.0,1.0,190.63,958.39,0.5
54203,1,4.0,Mobile Phone,3,62.0,Debit Card,Female,4.0,4,Laptop & Accessory,5,Married,3,1,17.0,1.0,1.0,0.0,67.37,437.01,1.0
54204,0,9.0,Mobile Phone,3,10.0,Credit Card,Male,3.0,3,Fashion,4,Married,4,0,19.0,0.0,2.0,0.0,171.97,895.49,0.0
54205,0,7.0,Mobile Phone,3,12.0,UPI,Male,4.0,4,Laptop & Accessory,5,Divorced,6,1,16.0,3.0,4.0,1.0,164.7,933.86,0.75
54206,0,12.0,Computer,3,43.0,Debit Card,Male,2.0,2,Fashion,5,Married,3,0,17.0,,3.0,0.0,232.29,1153.7,0.333
54207,1,6.0,Mobile Phone,3,16.0,E wallet,Male,3.0,3,Mobile Phone,1,Married,4,0,14.0,1.0,1.0,1.0,173.44,816.07,1.0
54208,1,7.0,Phone,2,8.0,Credit Card,Female,4.0,5,Others,4,Married,4,0,14.0,1.0,3.0,9.0,201.29,1011.9,0.333
54209,0,9.0,Mobile Phone,3,19.0,UPI,Male,3.0,3,Laptop & Accessory,2,Divorced,4,0,22.0,3.0,5.0,1.0,114.09,834.54,0.6
54210,0,5.0,Mobile Phone,3,8.0,E wallet,Male,,1,Laptop & Accessory,5,Married,2,0,13.0,1.0,1.0,8.0,133.13,654.89,1.0
54211,0,7.0,Mobile Phone,1,10.0,UPI,Male,3.0,3,Others,4,Married,3,0,14.0,1.0,,2.0,193.83,893.55,1.0
54212,1,11.0,Computer,1,8.0,E wallet,Male,3.0,3,Laptop & Accessory,1,Divorced,5,0,14.0,0.0,1.0,3.0,186.6,866.08,0.0
54213,0,23.0,Phone,2,8.0,E wallet,Female,3.0,3,Mobile Phone,5,Divorced,4,0,17.0,,1.0,9.0,157.78,780.56,1.0
54214,0,5.0,Mobile Phone,3,5.0,Debit Card,Female,,3,Mobile Phone,3,Single,3,0,11.0,1.0,1.0,3.0,170.25,779.95,1.0
54215,0,7.0,Phone,3,31.0,Debit Card,Male,2.0,4,Mobile Phone,3,Married,5,0,12.0,2.0,4.0,1.0,231.39,1155.28,0.5
54216,0,16.0,Mobile Phone,3,9.0,Debit Card,Male,4.0,3,Mobile Phone,4,Divorced,3,0,15.0,2.0,4.0,2.0,128.28,787.46,0.5
54217,0,19.0,Computer,3,6.0,E wallet,Male,3.0,3,Mobile Phone,5,Married,2,0,16.0,2.0,7.0,8.0,154.71,1030.9,0.286
54218,0,13.0,Computer,1,6.0,Debit Card,Male,2.0,6,Laptop & Accessory,5,Married,6,0,11.0,1.0,2.0,0.0,262.94,1177.17,0.5
54219,0,19.0,Phone,1,15.0,Debit Card,Male,4.0,5,Fashion,3,Single,3,0,17.0,1.0,3.0,6.0,163.23,891.27,0.333
54220,1,5.0,Phone,1,64.0,UPI,Male,3.0,4,Mobile Phone,3,Married,7,0,13.0,1.0,2.0,6.0,168.71,835.1,0.5
54221,0,18.0,Computer,1,7.0,E wallet,Female,2.0,2,Mobile Phone,3,Married,2,0,16.0,1.0,,3.0,153.75,802.25,0.5
54222,0,15.0,Phone,1,6.0,UPI,Male,4.0,3,Mobile Phone,3,Single,2,0,20.0,0.0,2.0,0.0,233.97,1139.09,0.0
54223,1,4.0,Phone,1,12.0,Debit Card,Female,,4,Others,2,Single,3,0,16.0,0.0,2.0,1.0,211.69,1022.42,0.0
54224,0,8.0,Computer,1,15.0,Credit Card,Male,3.0,3,Fashion,4,Single,6,0,18.0,0.0,1.0,1.0,287.05,1279.79,0.0
54225,0,1.0,Phone,3,9.0,Debit Card,Female,1.0,5,Laptop & Accessory,3,Single,3,0,11.0,1.0,3.0,6.0,162.44,840.27,0.333
54226,0,10.0,Phone,1,9.0,Debit Card,Female,2.0,3,Fashion,4,Single,5,1,,0.0,1.0,3.0,205.87,915.31,0.0
54227,1,17.0,Computer,3,12.0,Debit Card,Male,4.0,4,Mobile Phone,1,Divorced,4,0,19.0,0.0,1.0,2.0,190.53,921.01,0.0
54228,1,7.0,Phone,3,10.0,Debit Card,Female,4.0,1,Grocery,3,Single,5,1,21.0,2.0,4.0,4.0,232.82,1232.72,0.5
54229,0,5.0,Phone,1,35.0,Debit Card,Male,3.0,3,Laptop & Accessory,2,Married,5,0,21.0,2.0,3.0,0.0,103.89,697.78,0.667
54230,1,4.0,Mobile Phone,1,6.0,Credit Card,Female,2.0,4,Laptop & Accessory,3,Single,5,0,12.0,1.0,1.0,24.0,119.32,594.42,1.0
54231,0,9.0,Mobile Phone,3,8.0,Credit Card,Female,2.0,4,Mobile Phone,3,Married,6,0,13.0,2.0,3.0,0.0,93.01,592.44,0.667
54232,0,13.0,Mobile Phone,2,25.0,Debit Card,Male,4.0,4,Fashion,3,Married,5,0,11.0,1.0,1.0,8.0,194.09,870.54,1.0
54233,0,24.0,Mobile Phone,1,27.0,E wallet,Female,3.0,2,Laptop & Accessory,3,Married,2,0,12.0,6.0,11.0,3.0,174.32,1253.42,0.545
54234,1,1.0,Mobile Phone,1,6.0,E wallet,Male,3.0,4,Laptop & Accessory,4,Divorced,3,1,15.0,1.0,1.0,10.0,161.87,780.11,1.0
54235,0,22.0,Computer,1,49.0,E wallet,Male,3.0,3,Fashion,3,Single,3,0,17.0,3.0,7.0,1.0,188.45,1167.11,0.429
54236,0,11.0,Phone,1,19.0,Credit Card,Male,2.0,2,Laptop & Accessory,2,Married,4,0,,0.0,1.0,,191.21,899.6,0.0
54237,1,17.0,Phone,1,9.0,COD,Male,2.0,3,Laptop & Accessory,3,Married,5,1,19.0,1.0,3.0,,189.62,1007.56,0.333
54238,0,15.0,Mobile Phone,1,12.0,UPI,Female,3.0,4,Fashion,4,Married,4,0,19.0,1.0,1.0,3.0,208.61,989.72,1.0
54239,1,10.0,Computer,1,9.0,Credit Card,Male,3.0,3,Grocery,1,Divorced,6,0,15.0,2.0,8.0,1.0,174.68,1143.78,0.25
54240,1,9.0,Phone,3,7.0,Credit Card,Female,4.0,4,Fashion,2,Single,5,1,18.0,1.0,1.0,7.0,145.76,742.89,1.0
54241,0,12.0,Phone,2,,Debit Card,Male,3.0,3,Mobile Phone,2,Divorced,4,0,16.0,0.0,1.0,1.0,171.7,825.46,0.0
54242,0,8.0,Mobile Phone,3,15.0,E wallet,Female,2.0,3,Laptop & Accessory,2,Married,6,0,20.0,0.0,1.0,1.0,196.29,950.9,0.0
54243,0,8.0,Mobile Phone,3,26.0,Credit Card,Male,3.0,3,Fashion,2,Single,6,0,20.0,3.0,5.0,2.0,199.52,1143.18,0.6
54244,0,14.0,Phone,2,10.0,UPI,Male,,3,Laptop & Accessory,3,Married,3,0,16.0,1.0,1.0,8.0,142.37,714.01,1.0
54245,0,5.0,Phone,1,10.0,Credit Card,Female,2.0,3,Mobile Phone,2,Married,5,0,17.0,4.0,5.0,0.0,156.08,954.1,0.8
54246,0,18.0,Computer,1,13.0,COD,Female,3.0,3,Laptop & Accessory,5,Single,6,0,17.0,1.0,1.0,10.0,150.89,754.38,1.0
54247,0,17.0,Computer,3,17.0,E wallet,Female,4.0,3,Mobile Phone,3,Married,2,0,14.0,0.0,1.0,4.0,189.56,877.33,0.0
54248,0,7.0,Computer,3,22.0,COD,Male,4.0,1,Mobile Phone,3,Single,7,0,20.0,7.0,10.0,0.0,151.33,1185.05,0.7
54249,0,14.0,Phone,1,10.0,Debit Card,Male,3.0,2,Grocery,2,Married,4,0,11.0,2.0,3.0,1.0,205.74,1004.81,0.667
54250,0,13.0,Computer,1,16.0,Debit Card,Male,3.0,3,Laptop & Accessory,5,Married,5,0,16.0,1.0,1.0,0.0,150.82,746.12,1.0
54251,1,6.0,Computer,3,11.0,E wallet,Male,4.0,2,Fashion,3,Single,5,0,18.0,1.0,,3.0,106.77,594.73,1.0
54252,0,14.0,Mobile Phone,1,20.0,E wallet,Male,3.0,2,Mobile Phone,4,Single,5,1,15.0,2.0,2.0,0.0,253.29,1172.5,1.0
54253,0,23.0,Mobile Phone,1,7.0,Debit Card,Male,,5,Laptop & Accessory,4,Divorced,9,0,14.0,2.0,6.0,5.0,147.67,943.15,0.333
54254,0,18.0,Mobile Phone,3,9.0,E wallet,Male,3.0,3,Mobile Phone,3,Single,1,0,20.0,2.0,3.0,1.0,199.13,1051.69,0.667
54255,0,3.0,Mobile Phone,1,12.0,Credit Card,Female,2.0,3,Fashion,5,Single,4,0,11.0,1.0,3.0,1.0,155.4,813.52,0.333
54256,0,13.0,Mobile Phone,2,31.0,Debit Card,Female,3.0,3,Mobile Phone,2,Married,2,0,18.0,1.0,2.0,,160.9,845.42,0.5
54257,0,,Mobile Phone,3,15.0,Credit Card,Male,4.0,3,Laptop & Accessory,3,Single,5,0,14.0,2.0,3.0,1.0,174.9,911.62,0.667
54258,0,6.0,Phone,1,45.0,UPI,Male,3.0,3,Grocery,2,Single,2,0,11.0,1.0,1.0,0.0,213.08,942.7,1.0
54259,0,18.0,Mobile Phone,1,6.0,Credit Card,Male,2.0,3,Laptop & Accessory,5,Married,5,0,16.0,2.0,2.0,0.0,113.48,649.22,1.0
54260,1,6.0,Mobile Phone,1,12.0,E wallet,Male,3.0,3,Others,1,Single,2,1,11.0,1.0,2.0,15.0,285.0,1261.0,0.5
54261,0,8.0,Phone,1,12.0,Debit Card,Female,3.0,4,Fashion,3,Single,3,0,11.0,1.0,3.0,0.0,174.7,886.86,0.333
54262,1,6.0,Computer,3,16.0,E wallet,Female,4.0,5,Mobile Phone,1,Married,6,1,15.0,1.0,1.0,7.0,215.44,983.67,1.0
54263,0,5.0,Computer,1,25.0,COD,Female,2.0,4,Laptop & Accessory,3,Divorced,3,0,20.0,0.0,1.0,5.0,150.24,775.91,0.0
54264,1,12.0,Phone,1,27.0,Credit Card,Male,3.0,2,Mobile Phone,3,Married,4,0,19.0,2.0,8.0,2.0,205.47,1292.79,0.25
54265,0,3.0,Mobile Phone,1,18.0,Debit Card,Female,3.0,4,Mobile Phone,5,Married,3,0,17.0,0.0,1.0,9.0,163.78,803.36,0.0
54266,1,8.0,Mobile Phone,1,17.0,Credit Card,Male,5.0,1,Mobile Phone,1,Married,3,0,18.0,1.0,1.0,3.0,180.06,873.23,1.0
54267,1,12.0,Mobile Phone,1,41.0,UPI,Female,,4,Laptop & Accessory,4,Divorced,5,0,18.0,4.0,5.0,2.0,228.95,1239.01,0.8
54268,0,6.0,Mobile Phone,2,11.0,Debit Card,Male,4.0,3,Laptop & Accessory,4,Married,6,1,11.0,2.0,3.0,7.0,93.38,577.84,0.667
54269,0,20.0,Mobile Phone,1,26.0,Credit Card,Male,1.0,3,Laptop & Accessory,5,Married,4,0,22.0,1.0,1.0,5.0,165.3,849.14,1.0
54270,1,9.0,Computer,1,36.0,Debit Card,Male,2.0,3,Laptop & Accessory,5,Divorced,5,1,13.0,1.0,2.0,0.0,131.25,692.75,0.5
54271,0,25.0,Mobile Phone,1,13.0,Credit Card,Male,3.0,4,Laptop & Accessory,5,Married,3,0,11.0,4.0,5.0,2.0,227.27,1176.63,0.8
54272,1,3.0,Mobile Phone,3,21.0,Credit Card,Male,3.0,4,Fashion,2,Divorced,6,1,11.0,5.0,11.0,5.0,170.5,1230.9,0.455
54273,0,12.0,Mobile Phone,1,11.0,COD,Female,3.0,1,Mobile Phone,3,Divorced,6,0,11.0,3.0,3.0,1.0,250.05,1173.19,1.0
54274,1,11.0,Phone,2,7.0,Credit Card,Male,2.0,4,Grocery,3,Married,5,1,12.0,0.0,1.0,,285.07,1224.27,0.0
54275,0,7.0,Mobile Phone,1,16.0,Credit Card,Female,3.0,4,Mobile Phone,3,Divorced,1,0,14.0,1.0,4.0,2.0,111.97,717.49,0.25
54276,1,10.0,Mobile Phone,2,8.0,UPI,Female,3.0,2,Fashion,3,Married,9,0,14.0,1.0,,,101.49,677.66,0.25
54277,0,14.0,Mobile Phone,1,12.0,Debit Card,Female,3.0,3,Mobile Phone,4,Married,3,0,14.0,2.0,6.0,2.0,117.74,829.41,0.333
54278,1,15.0,Mobile Phone,3,30.0,Credit Card,Male,2.0,4,Mobile Phone,1,Single,2,0,12.0,0.0,1.0,2.0,188.16,856.01,0.0
54279,1,9.0,Mobile Phone,1,6.0,E wallet,Female,4.0,3,Mobile Phone,1,Divorced,2,0,17.0,1.0,2.0,5.0,214.18,1039.88,0.5
54280,0,13.0,Mobile Phone,3,,Debit Card,Male,3.0,4,Fashion,4,Single,3,1,18.0,1.0,1.0,4.0,19.06,261.43,1.0
54281,0,5.0,Mobile Phone,1,16.0,Debit Card,Male,2.0,3,Laptop & Accessory,5,Divorced,4,0,17.0,0.0,1.0,,218.4,1010.92,0.0
54282,0,15.0,Phone,2,10.0,Credit Card,Female,3.0,5,Laptop & Accessory,4,Single,6,1,11.0,2.0,2.0,6.0,258.51,1160.34,1.0
54283,1,22.0,Phone,3,11.0,Debit Card,Male,2.0,5,Laptop & Accessory,1,Married,5,1,16.0,1.0,1.0,9.0,194.52,912.18,1.0
54284,0,,Phone,1,11.0,Debit Card,Female,3.0,3,Laptop & Accessory,5,Single,5,0,14.0,3.0,5.0,0.0,78.3,634.54,0.6
54285,0,6.0,Mobile Phone,1,6.0,COD,Male,3.0,3,Mobile Phone,3,Married,2,1,,4.0,5.0,5.0,207.32,1116.82,0.8
54286,0,,Mobile Phone,2,5.0,Credit Card,Male,4.0,3,Mobile Phone,4,Married,7,1,20.0,1.0,7.0,6.0,152.61,1054.92,0.143
54287,0,35.0,Mobile Phone,1,32.0,E wallet,Male,,2,Mobile Phone,2,Divorced,4,0,18.0,1.0,,3.0,139.84,720.39,1.0
54288,1,21.0,Mobile Phone,2,8.0,Debit Card,Female,2.0,3,Laptop & Accessory,3,Married,6,0,11.0,0.0,2.0,0.0,201.4,943.32,0.0
54289,0,15.0,Mobile Phone,1,12.0,UPI,Female,1.0,4,Mobile Phone,3,Married,3,0,20.0,0.0,1.0,3.0,232.96,1090.25,0.0
54290,1,23.0,Mobile Phone,1,,E wallet,Male,2.0,4,Laptop & Accessory,5,Single,4,0,12.0,1.0,3.0,9.0,136.77,750.73,0.333
54291,1,10.0,Phone,2,,E wallet,Male,3.0,4,Laptop & Accessory,3,Single,2,0,14.0,1.0,,1.0,193.89,893.78,1.0
54292,0,15.0,Computer,1,6.0,Credit Card,Male,2.0,1,Mobile Phone,4,Divorced,2,0,15.0,,2.0,2.0,267.1,1224.98,0.0
54293,0,20.0,Phone,3,14.0,Credit Card,Male,4.0,4,Mobile Phone,4,Single,2,0,11.0,0.0,1.0,6.0,186.99,843.56,0.0
54294,1,8.0,Mobile Phone,3,21.0,Credit Card,Female,3.0,3,Mobile Phone,1,Divorced,2,1,14.0,0.0,1.0,,85.38,481.44,0.0
54295,0,13.0,Phone,1,19.0,E wallet,Female,3.0,3,Laptop & Accessory,3,Single,3,0,11.0,0.0,1.0,11.0,245.93,1067.53,0.0
54296,0,18.0,Mobile Phone,3,22.0,E wallet,Female,3.0,3,Grocery,3,Single,2,0,14.0,1.0,1.0,7.0,182.69,851.22,1.0
54297,0,4.0,Phone,3,12.0,Debit Card,Male,4.0,4,Grocery,4,Divorced,4,0,18.0,0.0,1.0,4.0,185.13,892.49,0.0
54298,0,7.0,Mobile Phone,1,7.0,UPI,Male,1.0,3,Mobile Phone,3,Married,4,0,23.0,1.0,,2.0,234.68,1255.78,0.25
54299,0,18.0,Mobile Phone,3,13.0,UPI,Male,3.0,6,Others,5,Single,7,0,22.0,2.0,6.0,3.0,219.35,1279.53,0.333
54300,0,11.0,Computer,1,18.0,Credit Card,Male,3.0,4,Laptop & Accessory,4,Married,4,0,12.0,0.0,6.0,0.0,180.64,1052.43,0.0
54301,1,10.0,Phone,1,16.0,Debit Card,Male,3.0,3,Mobile Phone,1,Divorced,3,1,24.0,,3.0,2.0,225.93,1185.53,0.0
54302,0,9.0,Mobile Phone,1,6.0,E wallet,Female,3.0,3,Grocery,4,Single,6,0,12.0,1.0,1.0,6.0,214.82,957.32,1.0
54303,0,19.0,Mobile Phone,2,6.0,Credit Card,Male,1.0,1,Mobile Phone,5,Single,5,0,11.0,0.0,2.0,,130.32,673.22,0.0
54304,0,5.0,Mobile Phone,1,45.0,E wallet,Male,3.0,4,Mobile Phone,4,Married,4,0,15.0,1.0,1.0,0.0,169.77,810.13,1.0
54305,0,7.0,Computer,1,7.0,E wallet,Male,4.0,3,Laptop & Accessory,3,Single,5,0,14.0,1.0,2.0,4.0,265.76,1211.89,0.5
54306,0,3.0,Phone,1,9.0,Debit Card,Female,2.0,3,Laptop & Accessory,4,Married,3,1,13.0,1.0,5.0,0.0,119.75,784.05,0.2
54307,0,8.0,Computer,1,23.0,Credit Card,Female,3.0,3,Laptop & Accessory,2,Married,3,0,13.0,0.0,1.0,2.0,255.33,1119.25,0.0
54308,0,11.0,Mobile Phone,3,11.0,Credit Card,Male,2.0,4,Mobile Phone,4,Divorced,2,0,19.0,4.0,7.0,21.0,220.46,1304.75,0.571
54309,1,2.0,Phone,2,7.0,COD,Female,3.0,3,Laptop & Accessory,3,Divorced,3,0,15.0,1.0,2.0,,156.74,805.61,0.5
54310,1,5.0,Phone,1,13.0,Debit Card,Male,3.0,3,Laptop & Accessory,1,Married,7,0,12.0,0.0,1.0,10.0,148.68,705.98,0.0
54311,1,11.0,Mobile Phone,1,15.0,Debit Card,Male,3.0,4,Mobile Phone,3,Married,6,1,11.0,0.0,2.0,0.0,131.82,678.92,0.0
54312,0,,Mobile Phone,1,12.0,UPI,Male,2.0,3,Mobile Phone,2,Married,6,0,12.0,2.0,,6.0,205.14,1100.53,0.4
54313,0,26.0,Phone,1,35.0,Debit Card,Male,2.0,5,Fashion,3,Single,6,0,14.0,1.0,1.0,3.0,209.62,953.56,1.0
54314,1,14.0,Phone,1,9.0,Credit Card,Male,3.0,4,Fashion,2,Divorced,3,1,15.0,,1.0,4.0,123.97,636.09,0.0
54315,1,9.0,Phone,1,18.0,Debit Card,Female,3.0,2,Mobile Phone,5,Single,5,1,17.0,3.0,,22.0,130.94,768.57,1.0
54316,0,11.0,Phone,1,6.0,Credit Card,Male,1.0,4,Mobile Phone,4,Single,2,0,16.0,1.0,3.0,2.0,227.3,1126.74,0.333
54317,1,11.0,Phone,1,11.0,Credit Card,Male,3.0,5,Mobile Phone,4,Married,4,0,17.0,0.0,1.0,9.0,234.92,1073.7,0.0
54318,1,7.0,Phone,1,21.0,Credit Card,Male,2.0,4,Laptop & Accessory,3,Married,4,1,15.0,0.0,1.0,11.0,194.68,904.78,0.0
54319,1,11.0,Mobile Phone,3,8.0,COD,Female,4.0,3,Mobile Phone,1,Married,5,0,16.0,1.0,1.0,2.0,162.08,788.9,1.0
54320,0,7.0,Mobile Phone,1,16.0,Debit Card,Female,2.0,6,Mobile Phone,2,Single,12,0,12.0,,3.0,0.0,130.82,728.12,1.0
54321,0,12.0,Phone,3,7.0,Credit Card,Male,3.0,2,Mobile Phone,4,Married,3,0,18.0,2.0,2.0,7.0,155.04,823.15,1.0
54322,1,9.0,Computer,1,6.0,Credit Card,Male,2.0,3,Laptop & Accessory,4,Married,5,0,17.0,4.0,6.0,12.0,188.91,1123.86,0.667
54323,0,8.0,Mobile Phone,1,14.0,Credit Card,Male,3.0,2,Laptop & Accessory,3,Married,9,0,20.0,1.0,3.0,3.0,163.34,915.69,0.333
54324,0,9.0,Mobile Phone,1,18.0,Credit Card,Male,3.0,3,Mobile Phone,3,Single,4,0,20.0,1.0,1.0,9.0,126.54,685.85,1.0
54325,0,16.0,Mobile Phone,2,6.0,Debit Card,Male,3.0,5,Laptop & Accessory,1,Single,8,0,25.0,,1.0,,176.14,914.33,0.0
54326,0,15.0,Mobile Phone,2,35.0,COD,Male,3.0,4,Others,4,Married,4,0,22.0,1.0,2.0,,169.83,911.35,0.5
54327,1,8.0,Mobile Phone,2,8.0,Credit Card,Female,1.0,4,Grocery,1,Married,1,0,17.0,0.0,1.0,5.0,252.89,1141.98,0.0
54328,0,15.0,Phone,2,7.0,Debit Card,Male,2.0,3,Mobile Phone,1,Married,5,0,21.0,3.0,6.0,,137.9,962.02,0.5
54329,1,9.0,Mobile Phone,1,8.0,Credit Card,Female,5.0,5,Grocery,3,Divorced,4,0,22.0,2.0,3.0,2.0,171.04,960.95,0.667
54330,0,9.0,Phone,2,7.0,Debit Card,Female,3.0,3,Fashion,4,Single,4,0,13.0,2.0,3.0,1.0,134.76,751.09,0.667
54331,0,7.0,Computer,2,6.0,Debit Card,Male,3.0,1,Laptop & Accessory,5,Married,6,0,12.0,1.0,3.0,6.0,166.18,862.48,0.333
54332,0,25.0,Computer,3,24.0,Debit Card,Female,4.0,4,Mobile Phone,1,Married,4,0,,1.0,2.0,4.0,159.27,783.23,0.5
54333,0,23.0,Mobile Phone,2,13.0,Debit Card,Male,1.0,3,Laptop & Accessory,3,Divorced,5,0,15.0,1.0,2.0,9.0,196.65,957.27,0.5
54334,1,6.0,Phone,2,11.0,Debit Card,Female,3.0,2,Mobile Phone,4,Single,1,1,11.0,1.0,2.0,8.0,150.22,748.84,0.5
54335,0,8.0,Mobile Phone,1,41.0,Credit Card,Male,2.0,5,Laptop & Accessory,5,Single,4,0,23.0,1.0,4.0,1.0,195.4,1106.52,0.25
54336,0,12.0,Mobile Phone,3,11.0,Credit Card,Male,2.0,4,Fashion,4,Married,7,0,11.0,0.0,2.0,1.0,223.65,1027.87,0.0
54337,1,14.0,Phone,3,7.0,Credit Card,Male,2.0,5,Mobile Phone,5,Married,2,0,13.0,0.0,2.0,13.0,149.7,762.86,0.0
54338,0,5.0,Phone,3,,Debit Card,Male,4.0,3,Laptop & Accessory,3,Married,1,0,20.0,3.0,3.0,2.0,159.49,901.06,1.0
54339,0,5.0,Mobile Phone,1,8.0,UPI,Male,,2,Grocery,3,Divorced,3,0,16.0,1.0,1.0,4.0,120.01,629.04,1.0
54340,0,0.0,Computer,1,13.0,E wallet,Male,2.0,1,Grocery,4,Divorced,1,0,19.0,1.0,5.0,2.0,184.23,1077.07,0.2
54341,0,14.0,Computer,2,9.0,COD,Male,2.0,5,Fashion,5,Single,4,1,12.0,0.0,1.0,4.0,187.11,852.02,0.0
54342,1,3.0,Phone,2,14.0,Debit Card,Female,2.0,1,Fashion,3,Married,3,1,11.0,2.0,5.0,5.0,117.69,760.22,0.4
54343,1,6.0,Phone,3,18.0,Credit Card,Male,4.0,4,Mobile Phone,4,Single,6,1,18.0,1.0,1.0,2.0,203.18,961.08,1.0
54344,1,17.0,Mobile Phone,1,23.0,Debit Card,Male,3.0,3,Mobile Phone,3,Divorced,4,0,17.0,0.0,3.0,2.0,153.44,854.07,0.0
54345,0,16.0,Phone,2,20.0,E wallet,Male,4.0,4,Laptop & Accessory,4,Single,3,0,18.0,2.0,2.0,8.0,120.46,691.75,1.0
54346,0,24.0,Mobile Phone,1,8.0,Debit Card,Male,4.0,3,Laptop & Accessory,4,Divorced,5,0,15.0,1.0,1.0,4.0,189.22,884.04,1.0
54347,0,29.0,Computer,3,6.0,Debit Card,Female,4.0,1,Laptop & Accessory,4,Married,3,0,22.0,3.0,7.0,9.0,177.96,1167.25,0.429
54348,0,43.0,Mobile Phone,1,14.0,Credit Card,Male,2.0,4,Laptop & Accessory,4,Married,3,0,16.0,1.0,1.0,,200.0,933.0,1.0
54349,0,8.0,Mobile Phone,2,8.0,Credit Card,Female,2.0,3,Mobile Phone,2,Married,3,1,18.0,1.0,2.0,1.0,138.23,759.27,0.5
54350,0,,Phone,1,6.0,Credit Card,Male,3.0,3,Laptop & Accessory,4,Married,5,0,17.0,0.0,2.0,7.0,140.88,761.34,0.0
54351,1,13.0,Mobile Phone,1,14.0,Debit Card,Male,3.0,4,Laptop & Accessory,3,Single,6,1,11.0,4.0,8.0,10.0,185.51,1152.94,0.5
54352,1,3.0,Mobile Phone,1,10.0,Credit Card,Female,3.0,4,Mobile Phone,1,Married,3,0,17.0,1.0,3.0,,125.2,746.76,0.333
54353,0,8.0,Mobile Phone,1,22.0,UPI,Male,2.0,3,Laptop & Accessory,5,Married,4,0,18.0,1.0,1.0,3.0,237.7,1092.26,1.0
54354,1,11.0,Computer,2,10.0,UPI,Male,,4,Laptop & Accessory,1,Divorced,4,0,19.0,1.0,2.0,2.0,267.74,1259.41,0.5
54355,0,13.0,Mobile Phone,3,51.0,Credit Card,Male,2.0,5,Mobile Phone,4,Married,3,0,13.0,2.0,5.0,1.0,62.3,565.74,0.4
54356,0,14.0,Mobile Phone,3,22.0,Credit Card,Male,2.0,4,Laptop & Accessory,5,Married,4,0,19.0,3.0,4.0,3.0,224.1,1183.58,0.75
54357,1,8.0,Mobile Phone,1,6.0,Debit Card,Male,,4,Grocery,1,Married,3,0,11.0,1.0,,2.0,125.81,611.08,1.0
54358,1,4.0,Mobile Phone,3,14.0,Debit Card,Male,,4,Mobile Phone,2,Married,4,1,17.0,2.0,3.0,8.0,204.53,1048.21,0.667
54359,1,4.0,Mobile Phone,1,15.0,Debit Card,Male,2.0,4,Mobile Phone,4,Single,5,0,13.0,0.0,1.0,3.0,155.16,738.61,0.0
54360,1,2.0,Phone,3,19.0,Credit Card,Female,2.0,3,Laptop & Accessory,1,Married,4,0,11.0,1.0,1.0,14.0,203.29,905.5,1.0
54361,0,7.0,Mobile Phone,3,13.0,E wallet,Female,2.0,6,Mobile Phone,5,Single,5,0,12.0,6.0,8.0,6.0,158.7,1059.06,0.75
54362,1,3.0,Mobile Phone,1,13.0,Credit Card,Female,2.0,1,Mobile Phone,1,Married,5,1,20.0,3.0,3.0,1.0,174.38,957.64,1.0
54363,0,7.0,Mobile Phone,1,11.0,Debit Card,Female,2.0,6,Others,5,Divorced,6,0,20.0,0.0,1.0,2.0,87.78,538.56,0.0
54364,1,13.0,Mobile Phone,1,9.0,Credit Card,Female,3.0,3,Mobile Phone,1,Married,2,1,13.0,0.0,1.0,,304.86,1307.47,0.0
54365,1,4.0,Mobile Phone,3,,Debit Card,Female,3.0,3,Mobile Phone,5,Married,2,1,15.0,1.0,3.0,1.0,117.52,701.58,0.333
54366,0,10.0,Phone,1,10.0,E wallet,Male,3.0,4,Laptop & Accessory,5,Married,2,0,11.0,4.0,6.0,3.0,158.64,960.83,0.667
54367,1,8.0,Mobile Phone,2,6.0,Debit Card,Male,3.0,3,Mobile Phone,3,Single,1,0,20.0,0.0,1.0,9.0,224.83,1059.35,0.0
54368,0,12.0,Mobile Phone,1,7.0,Credit Card,Male,2.0,3,Laptop & Accessory,4,Single,8,1,19.0,1.0,1.0,1.0,279.61,1259.52,1.0
54369,1,14.0,Phone,3,28.0,Credit Card,Male,2.0,4,Laptop & Accessory,1,Married,4,1,11.0,0.0,1.0,0.0,262.09,1128.94,0.0
54370,0,8.0,Mobile Phone,3,16.0,Debit Card,Male,4.0,4,Mobile Phone,2,Single,3,0,11.0,1.0,2.0,3.0,73.8,458.44,0.5
54371,0,10.0,Phone,1,23.0,Debit Card,Male,3.0,1,Laptop & Accessory,3,Single,5,0,22.0,0.0,2.0,,221.96,1109.45,0.0
54372,0,8.0,Mobile Phone,2,25.0,Credit Card,Male,2.0,3,Fashion,3,Married,8,0,18.0,1.0,1.0,5.0,195.76,932.89,1.0
54373,0,7.0,Mobile Phone,3,26.0,Debit Card,Female,,3,Grocery,5,Single,3,0,16.0,1.0,2.0,4.0,212.83,1026.75,0.5
54374,1,6.0,Computer,3,15.0,Credit Card,Female,3.0,3,Mobile Phone,3,Single,5,0,,0.0,1.0,,141.2,685.56,0.0
54375,0,13.0,Mobile Phone,1,7.0,E wallet,Female,2.0,3,Laptop & Accessory,4,Divorced,4,1,13.0,1.0,,6.0,205.46,929.75,1.0
54376,0,21.0,Computer,1,7.0,Debit Card,Male,4.0,2,Laptop & Accessory,4,Single,7,0,16.0,0.0,1.0,5.0,213.74,985.21,0.0
54377,0,20.0,Phone,1,15.0,Credit Card,Female,3.0,3,Mobile Phone,5,Married,2,0,20.0,1.0,1.0,14.0,192.2,935.36,1.0
54378,0,4.0,Phone,1,10.0,UPI,Female,5.0,4,Mobile Phone,4,Divorced,3,0,13.0,,2.0,1.0,238.88,1101.74,1.0
54379,0,21.0,Computer,1,15.0,Credit Card,Female,2.0,4,Mobile Phone,5,Married,2,0,20.0,2.0,2.0,2.0,156.58,845.0,1.0
54380,1,5.0,Computer,1,13.0,COD,Female,2.0,3,Mobile Phone,1,Divorced,6,1,13.0,0.0,1.0,3.0,208.29,940.5,0.0
54381,0,,Phone,2,16.0,Debit Card,Male,3.0,2,Mobile Phone,2,Single,4,0,11.0,0.0,4.0,,152.64,848.03,0.0
54382,1,12.0,Phone,1,5.0,E wallet,Male,1.0,4,Laptop & Accessory,5,Divorced,5,0,15.0,0.0,2.0,3.0,192.34,940.89,0.0
54383,0,3.0,Mobile Phone,2,5.0,Credit Card,Female,1.0,4,Mobile Phone,5,Divorced,2,1,18.0,0.0,,,152.44,903.27,0.0
54384,1,9.0,Mobile Phone,1,20.0,UPI,Male,3.0,3,Grocery,2,Divorced,6,1,19.0,1.0,2.0,2.0,185.11,945.42,0.5
54385,0,22.0,Mobile Phone,3,8.0,Debit Card,Male,2.0,3,Laptop & Accessory,5,Single,9,0,11.0,2.0,6.0,0.0,227.95,1224.21,0.333
54386,0,1.0,Mobile Phone,3,18.0,Debit Card,Male,4.0,6,Mobile Phone,5,Divorced,8,0,21.0,3.0,4.0,2.0,183.41,1044.96,0.75
54387,1,36.0,Computer,1,14.0,Debit Card,Male,3.0,4,Mobile Phone,1,Divorced,4,1,12.0,0.0,2.0,1.0,119.32,639.42,0.0
54388,0,,Mobile Phone,3,53.0,UPI,Female,4.0,4,Mobile Phone,5,Married,3,0,17.0,2.0,3.0,2.0,154.68,858.78,0.667
54389,0,12.0,Mobile Phone,1,27.0,Credit Card,Male,3.0,4,Mobile Phone,4,Single,2,1,11.0,1.0,1.0,0.0,220.66,971.51,1.0
54390,1,3.0,Phone,3,11.0,UPI,Male,,3,Fashion,2,Single,6,0,17.0,4.0,4.0,0.0,199.54,1074.25,1.0
54391,0,13.0,Mobile Phone,1,16.0,Debit Card,Female,2.0,3,Mobile Phone,4,Married,4,1,,2.0,3.0,2.0,208.49,1047.26,0.667
54392,0,19.0,Mobile Phone,1,6.0,Debit Card,Male,3.0,4,Mobile Phone,5,Married,6,1,15.0,0.0,1.0,1.0,91.44,512.47,0.0
54393,0,16.0,Phone,1,11.0,Debit Card,Female,2.0,3,Mobile Phone,4,Single,3,0,19.0,0.0,1.0,4.0,123.07,664.67,0.0
54394,0,18.0,Phone,1,21.0,Credit Card,Male,2.0,3,Grocery,5,Divorced,3,0,18.0,2.0,6.0,3.0,255.67,1385.55,0.333
54395,1,8.0,Phone,1,17.0,E wallet,Female,2.0,1,Fashion,1,Married,4,1,18.0,1.0,1.0,9.0,253.66,1152.91,1.0
54396,0,3.0,Mobile Phone,1,13.0,Credit Card,Male,2.0,4,Grocery,4,Married,8,0,11.0,0.0,2.0,0.0,206.09,961.14,0.0
54397,0,,Mobile Phone,1,7.0,UPI,Male,2.0,4,Laptop & Accessory,2,Married,6,0,15.0,2.0,5.0,5.0,229.76,1218.09,0.4
54398,1,,Phone,3,25.0,Debit Card,Male,3.0,3,Laptop & Accessory,1,Married,5,1,21.0,1.0,1.0,11.0,90.09,555.34,1.0
54399,1,10.0,Mobile Phone,1,9.0,Credit Card,Female,,4,Mobile Phone,3,Single,6,0,14.0,0.0,1.0,4.0,202.69,927.22,0.0
54400,1,7.0,Phone,1,26.0,E wallet,Male,2.0,2,Laptop & Accessory,4,Single,4,0,22.0,1.0,2.0,9.0,65.08,513.3,0.5
54401,1,5.0,Computer,1,16.0,Debit Card,Male,4.0,3,Mobile Phone,3,Married,2,0,19.0,0.0,1.0,4.0,239.87,1108.51,0.0
54402,0,15.0,Mobile Phone,3,11.0,Debit Card,Female,3.0,3,Laptop & Accessory,5,Married,3,0,14.0,5.0,10.0,7.0,224.72,1415.94,0.5
54403,0,18.0,Mobile Phone,1,5.0,Debit Card,Male,4.0,4,Mobile Phone,4,Married,8,0,14.0,1.0,3.0,0.0,132.29,749.7,0.333
54404,1,7.0,Mobile Phone,1,8.0,Debit Card,Female,4.0,3,Mobile Phone,1,Single,6,0,11.0,1.0,2.0,1.0,165.77,807.93,0.5
54405,0,25.0,Phone,1,31.0,UPI,Female,2.0,3,Mobile Phone,5,Single,5,0,,2.0,2.0,0.0,225.79,1076.0,1.0
54406,0,15.0,Mobile Phone,1,25.0,COD,Male,4.0,3,Laptop & Accessory,2,Married,3,0,,2.0,3.0,11.0,154.15,816.77,0.667
54407,0,10.0,Mobile Phone,1,15.0,E wallet,Male,2.0,1,Grocery,4,Married,4,0,11.0,2.0,2.0,4.0,115.18,615.68,1.0
54408,1,12.0,Computer,1,13.0,E wallet,Female,4.0,5,Fashion,2,Married,5,1,21.0,1.0,1.0,2.0,283.11,1288.82,1.0
54409,0,5.0,Mobile Phone,1,18.0,Debit Card,Male,3.0,1,Mobile Phone,5,Married,6,0,12.0,0.0,1.0,3.0,226.47,1001.59,0.0
54410,0,15.0,Mobile Phone,1,13.0,Debit Card,Male,3.0,3,Mobile Phone,3,Married,3,0,23.0,0.0,1.0,0.0,203.5,1002.3,0.0
54411,1,5.0,Phone,1,17.0,E wallet,Female,,3,Mobile Phone,3,Single,8,1,11.0,2.0,6.0,5.0,194.38,1096.64,0.333
54412,0,7.0,Mobile Phone,1,9.0,Credit Card,Male,4.0,3,Mobile Phone,3,Single,6,0,11.0,4.0,,1.0,206.91,1189.26,0.571
54413,1,9.0,Phone,1,27.0,Credit Card,Female,3.0,3,Laptop & Accessory,1,Married,4,0,17.0,,1.0,1.0,171.2,831.56,1.0
54414,0,28.0,Phone,3,20.0,E wallet,Male,3.0,3,Fashion,3,Married,2,0,18.0,2.0,9.0,1.0,168.39,1188.88,0.222
54415,0,11.0,Mobile Phone,1,10.0,Credit Card,Female,2.0,3,Mobile Phone,2,Single,4,0,24.0,2.0,,2.0,180.74,968.81,1.0
54416,1,5.0,Computer,3,26.0,Debit Card,Male,3.0,2,Mobile Phone,5,Single,4,0,,1.0,1.0,5.0,224.96,1003.85,1.0
54417,0,12.0,Mobile Phone,1,13.0,E wallet,Male,2.0,2,Laptop & Accessory,5,Single,7,1,15.0,1.0,2.0,4.0,171.32,861.02,0.5
54418,0,14.0,Computer,1,7.0,Credit Card,Female,3.0,3,Fashion,5,Divorced,7,0,20.0,,1.0,4.0,193.45,940.11,1.0
54419,1,20.0,Mobile Phone,3,6.0,E wallet,Male,3.0,4,Laptop & Accessory,3,Married,5,1,14.0,1.0,1.0,,192.22,887.44,1.0
54420,1,10.0,Mobile Phone,1,19.0,Credit Card,Male,3.0,2,Mobile Phone,1,Married,3,0,17.0,,1.0,6.0,173.39,839.88,0.0
54421,0,6.0,Mobile Phone,1,29.0,Debit Card,Female,3.0,4,Fashion,1,Divorced,3,0,11.0,4.0,6.0,18.0,160.96,969.65,0.667
54422,0,33.0,Mobile Phone,1,25.0,Debit Card,Female,3.0,4,Mobile Phone,3,Single,6,0,20.0,5.0,7.0,4.0,176.22,1144.64,0.714
54423,0,12.0,Phone,1,18.0,E wallet,Male,4.0,3,Mobile Phone,4,Married,2,1,26.0,1.0,2.0,3.0,260.52,1287.98,0.5
54424,0,5.0,Phone,3,7.0,Credit Card,Male,2.0,4,Mobile Phone,5,Married,3,0,13.0,0.0,1.0,1.0,193.72,885.14,0.0
54425,0,10.0,Phone,1,6.0,Credit Card,Female,4.0,4,Mobile Phone,4,Married,4,1,26.0,1.0,1.0,0.0,279.55,1315.29,1.0
54426,0,7.0,Mobile Phone,1,10.0,Credit Card,Male,4.0,4,Laptop & Accessory,5,Divorced,4,0,20.0,,1.0,1.0,205.87,987.31,0.0
54427,1,21.0,Mobile Phone,2,28.0,Credit Card,Female,4.0,4,Laptop & Accessory,3,Married,5,1,19.0,0.0,2.0,3.0,101.37,627.21,0.0
54428,0,,Phone,3,44.0,Debit Card,Male,4.0,3,Fashion,4,Married,3,0,,1.0,1.0,2.0,181.26,861.79,1.0
54429,0,8.0,Mobile Phone,3,8.0,Debit Card,Female,3.0,3,Grocery,2,Divorced,5,0,16.0,1.0,2.0,19.0,130.98,715.72,0.5
54430,1,18.0,Phone,1,22.0,Debit Card,Male,1.0,3,Mobile Phone,3,Married,5,1,18.0,0.0,2.0,4.0,253.53,1197.41,0.0
54431,0,9.0,Phone,2,15.0,Credit Card,Male,3.0,2,Fashion,4,Divorced,8,1,17.0,1.0,3.0,2.0,126.4,751.32,0.333
54432,0,9.0,Mobile Phone,3,5.0,Credit Card,Male,3.0,3,Mobile Phone,4,Single,6,0,11.0,2.0,2.0,6.0,178.56,856.53,1.0
54433,0,6.0,Phone,2,14.0,Debit Card,Male,4.0,4,Others,3,Married,3,0,17.0,2.0,2.0,1.0,99.14,602.73,1.0
54434,1,,Phone,3,25.0,Credit Card,Male,3.0,3,Fashion,1,Married,7,0,23.0,1.0,1.0,11.0,193.89,965.78,1.0
54435,0,32.0,Phone,3,9.0,Credit Card,Male,3.0,3,Mobile Phone,3,Single,2,0,18.0,1.0,1.0,3.0,195.61,932.32,1.0
54436,1,18.0,Mobile Phone,1,32.0,Debit Card,Female,3.0,3,Laptop & Accessory,1,Married,5,0,11.0,0.0,1.0,3.0,237.37,1035.01,0.0
54437,0,2.0,Mobile Phone,1,8.0,COD,Male,2.0,3,Laptop & Accessory,4,Single,3,0,14.0,0.0,4.0,1.0,211.19,1094.52,0.0
54438,0,5.0,Mobile Phone,3,6.0,Debit Card,Female,2.0,3,Laptop & Accessory,3,Married,3,0,20.0,0.0,1.0,0.0,147.05,763.79,0.0
54439,0,4.0,Mobile Phone,1,7.0,Credit Card,Male,3.0,4,Fashion,3,Divorced,3,0,17.0,0.0,1.0,21.0,285.97,1267.69,0.0
54440,0,10.0,Mobile Phone,1,27.0,Debit Card,Female,2.0,6,Mobile Phone,4,Married,3,0,20.0,1.0,4.0,6.0,168.49,980.26,0.25
54441,1,7.0,Computer,1,11.0,E wallet,Female,2.0,3,Mobile Phone,4,Married,4,0,18.0,2.0,5.0,7.0,51.73,565.57,0.4
54442,1,23.0,Phone,3,24.0,UPI,Female,3.0,2,Others,4,Married,5,1,20.0,1.0,,2.0,159.87,902.51,0.333
54443,1,8.0,Phone,1,14.0,Credit Card,Male,3.0,4,Fashion,3,Married,4,0,18.0,1.0,2.0,4.0,197.79,985.6,0.5
54444,0,30.0,Mobile Phone,2,13.0,E wallet,Female,3.0,4,Fashion,3,Married,2,0,17.0,1.0,1.0,2.0,197.84,932.79,1.0
54445,0,9.0,Computer,1,25.0,Debit Card,Male,4.0,5,Laptop & Accessory,5,Married,4,0,18.0,7.0,13.0,0.0,237.06,1629.83,0.538
54446,1,34.0,Mobile Phone,1,12.0,Debit Card,Male,2.0,4,Laptop & Accessory,3,Married,2,0,11.0,0.0,1.0,7.0,127.81,618.68,0.0
54447,0,8.0,Phone,1,,Debit Card,Female,2.0,3,Laptop & Accessory,3,Single,6,0,13.0,0.0,2.0,0.0,213.57,1005.57,0.0
54448,0,9.0,Computer,1,6.0,Debit Card,Male,3.0,4,Fashion,5,Married,9,0,19.0,2.0,2.0,3.0,161.91,857.26,1.0
54449,0,18.0,Phone,3,17.0,Credit Card,Male,4.0,1,Mobile Phone,2,Single,5,0,11.0,2.0,2.0,3.0,66.42,430.4,1.0
54450,0,16.0,Computer,3,20.0,Debit Card,Male,,4,Laptop & Accessory,4,Married,3,0,20.0,1.0,1.0,2.0,201.86,972.07,1.0
54451,0,3.0,Phone,3,33.0,Credit Card,Male,1.0,4,Fashion,3,Divorced,2,0,16.0,4.0,6.0,0.0,132.78,902.56,0.667
54452,0,10.0,Mobile Phone,1,8.0,E wallet,Male,3.0,4,Laptop & Accessory,5,Single,7,0,12.0,4.0,5.0,4.0,172.08,974.9,0.8
54453,0,7.0,Mobile Phone,1,16.0,Debit Card,Female,4.0,3,Mobile Phone,3,Married,5,0,16.0,0.0,1.0,6.0,189.94,894.77,0.0
54454,1,7.0,Mobile Phone,1,12.0,Debit Card,Male,2.0,4,Fashion,3,Married,3,1,12.0,2.0,5.0,0.0,60.41,550.56,0.4
54455,0,10.0,Mobile Phone,1,11.0,Credit Card,Female,2.0,4,Mobile Phone,2,Married,7,0,18.0,0.0,1.0,,232.9,1074.02,0.0
54456,0,8.0,Phone,1,6.0,Credit Card,Female,3.0,2,Others,5,Married,6,1,21.0,1.0,1.0,3.0,142.12,753.06,1.0
54457,0,11.0,Mobile Phone,2,7.0,Debit Card,Male,1.0,4,Mobile Phone,4,Single,4,0,,1.0,2.0,16.0,149.97,779.89,0.5
54458,1,5.0,Computer,1,27.0,Debit Card,Female,3.0,4,Laptop & Accessory,1,Single,5,1,22.0,2.0,9.0,4.0,193.61,1316.72,0.222
54459,0,3.0,Mobile Phone,1,22.0,Credit Card,Female,,4,Laptop & Accessory,4,Married,4,0,19.0,1.0,2.0,8.0,31.39,361.28,0.5
54460,1,18.0,Mobile Phone,3,11.0,Debit Card,Male,2.0,3,Mobile Phone,1,Married,5,0,18.0,2.0,2.0,3.0,226.43,1094.43,1.0
54461,0,20.0,Computer,1,26.0,UPI,Male,3.0,5,Fashion,2,Married,5,0,,1.0,2.0,0.0,172.66,890.11,0.5
54462,1,17.0,Mobile Phone,3,6.0,Debit Card,Female,2.0,3,Grocery,4,Married,4,0,14.0,,1.0,2.0,257.69,1136.22,1.0
54463,0,10.0,Phone,3,17.0,Debit Card,Female,2.0,4,Others,3,Married,4,0,,3.0,7.0,3.0,160.67,1053.55,0.429
54464,0,8.0,Phone,1,29.0,Credit Card,Female,4.0,5,Mobile Phone,5,Married,6,0,16.0,3.0,7.0,3.0,80.62,749.36,0.429
54465,1,6.0,Mobile Phone,1,27.0,COD,Male,1.0,5,Mobile Phone,4,Divorced,7,0,,1.0,3.0,1.0,111.5,686.7,0.333
54466,1,5.0,Mobile Phone,3,11.0,Credit Card,Male,3.0,4,Mobile Phone,5,Single,4,0,14.0,0.0,1.0,3.0,171.93,810.33,0.0
54467,0,9.0,Mobile Phone,1,21.0,Debit Card,Male,4.0,2,Mobile Phone,5,Married,4,1,14.0,1.0,2.0,2.0,123.84,672.59,0.5
54468,1,19.0,Phone,1,12.0,Debit Card,Female,2.0,5,Laptop & Accessory,3,Single,7,1,11.0,1.0,2.0,1.0,89.04,516.35,0.5
54469,0,6.0,Phone,3,27.0,Credit Card,Female,2.0,6,Laptop & Accessory,5,Married,7,0,,4.0,13.0,6.0,184.58,1374.4,0.308
54470,1,19.0,Mobile Phone,1,14.0,Debit Card,Male,3.0,2,Mobile Phone,5,Married,3,1,14.0,0.0,1.0,2.0,150.99,730.76,0.0
54471,0,3.0,Phone,1,22.0,Credit Card,Female,2.0,3,Laptop & Accessory,5,Married,4,0,11.0,1.0,1.0,2.0,146.39,689.28,1.0
54472,1,11.0,Mobile Phone,2,6.0,Credit Card,Male,3.0,3,Grocery,1,Married,5,1,17.0,0.0,2.0,0.0,121.89,689.18,0.0
54473,1,13.0,Phone,2,16.0,Debit Card,Female,4.0,2,Fashion,5,Single,4,1,21.0,3.0,5.0,12.0,204.64,1170.63,0.6
54474,0,,Computer,1,,Debit Card,Male,,2,Mobile Phone,1,Single,5,0,14.0,2.0,4.0,5.0,140.56,826.13,0.5
54475,0,4.0,Computer,1,16.0,E wallet,Female,3.0,3,Laptop & Accessory,3,Single,2,0,20.0,2.0,8.0,6.0,109.41,935.76,0.25
54476,0,16.0,Phone,1,19.0,Credit Card,Male,4.0,5,Mobile Phone,3,Single,6,0,21.0,0.0,1.0,5.0,188.86,930.67,0.0
54477,1,10.0,Mobile Phone,1,35.0,E wallet,Male,2.0,1,Mobile Phone,5,Married,3,1,11.0,1.0,1.0,1.0,147.33,692.85,1.0
54478,1,40.0,Computer,3,23.0,Debit Card,Male,2.0,5,Mobile Phone,3,Married,2,1,16.0,2.0,3.0,1.0,144.06,810.43,0.667
54479,0,20.0,Mobile Phone,2,8.0,Credit Card,Female,3.0,4,Mobile Phone,4,Single,8,0,11.0,0.0,2.0,13.0,175.41,844.56,0.0
54480,0,20.0,Phone,2,26.0,Debit Card,Female,4.0,4,Fashion,4,Married,7,0,11.0,0.0,1.0,0.0,205.49,913.86,0.0
54481,1,1.0,Mobile Phone,1,7.0,Debit Card,Male,2.0,3,Fashion,1,Married,3,0,17.0,1.0,,10.0,134.7,827.86,0.25
54482,1,6.0,Computer,1,17.0,Credit Card,Female,3.0,3,Mobile Phone,4,Married,3,1,11.0,1.0,2.0,11.0,178.01,854.44,0.5
54483,0,4.0,Phone,1,31.0,E wallet,Female,2.0,3,Laptop & Accessory,3,Married,3,0,11.0,,,4.0,198.12,885.86,0.0
54484,0,2.0,Phone,1,6.0,Debit Card,Female,3.0,5,Mobile Phone,4,Divorced,4,0,16.0,1.0,2.0,2.0,236.49,1116.66,0.5
54485,0,9.0,Mobile Phone,1,28.0,E wallet,Male,1.0,3,Grocery,1,Single,3,0,14.0,2.0,7.0,4.0,176.03,1095.91,0.286
54486,1,16.0,Phone,1,24.0,Credit Card,Male,3.0,2,Fashion,1,Married,5,1,14.0,0.0,1.0,4.0,137.96,681.25,0.0
54487,1,5.0,Phone,1,,Debit Card,Male,3.0,3,Laptop & Accessory,2,Divorced,5,1,17.0,1.0,2.0,17.0,143.67,771.95,0.5
54488,1,2.0,Phone,3,9.0,UPI,Male,4.0,3,Fashion,5,Single,4,0,20.0,0.0,1.0,2.0,272.58,1240.8,0.0
54489,1,5.0,Mobile Phone,3,,Credit Card,Female,4.0,5,Laptop & Accessory,3,Single,7,0,,1.0,2.0,4.0,210.96,1011.65,0.5
54490,0,9.0,Mobile Phone,1,47.0,Credit Card,Male,4.0,3,Mobile Phone,3,Married,7,1,18.0,2.0,6.0,3.0,182.99,1109.36,0.333
54491,0,8.0,Mobile Phone,1,8.0,Credit Card,Male,2.0,4,Fashion,3,Married,4,0,15.0,0.0,3.0,1.0,174.55,918.29,0.0
54492,0,10.0,Mobile Phone,3,15.0,Credit Card,Male,2.0,2,Mobile Phone,4,Single,6,0,14.0,1.0,1.0,9.0,120.8,616.04,1.0
54493,0,13.0,Mobile Phone,3,6.0,E wallet,Male,3.0,4,Mobile Phone,2,Single,3,0,18.0,,1.0,1.0,175.83,857.15,0.0
54494,1,10.0,Mobile Phone,1,8.0,Debit Card,Female,3.0,3,Laptop & Accessory,1,Married,3,0,12.0,1.0,1.0,4.0,167.9,779.02,1.0
54495,0,17.0,Mobile Phone,2,22.0,Debit Card,Female,3.0,5,Laptop & Accessory,3,Married,2,0,14.0,2.0,5.0,2.0,145.52,889.98,0.4
54496,0,5.0,Mobile Phone,3,9.0,UPI,Male,2.0,3,Fashion,4,Married,2,0,11.0,0.0,2.0,8.0,143.2,722.16,0.0
54497,0,8.0,Mobile Phone,1,56.0,E wallet,Female,3.0,4,Fashion,5,Divorced,8,0,11.0,1.0,2.0,8.0,213.72,990.14,0.5
54498,1,14.0,Computer,1,13.0,Debit Card,Male,2.0,3,Fashion,1,Married,6,1,17.0,0.0,1.0,1.0,138.93,708.93,0.0
54499,0,12.0,Mobile Phone,1,14.0,Debit Card,Female,3.0,2,Laptop & Accessory,5,Single,9,0,19.0,1.0,,14.0,60.14,470.53,0.5
54500,1,28.0,Mobile Phone,1,5.0,Credit Card,Male,2.0,3,Fashion,1,Married,5,1,,1.0,2.0,1.0,184.86,912.47,0.5
54501,1,5.0,Mobile Phone,1,43.0,Debit Card,Male,4.0,2,Laptop & Accessory,3,Single,3,1,16.0,2.0,4.0,3.0,147.47,868.39,0.5
54502,1,14.0,Phone,3,7.0,Credit Card,Female,1.0,3,Laptop & Accessory,1,Single,5,1,21.0,2.0,3.0,5.0,194.71,1042.9,0.667
54503,0,6.0,Computer,2,14.0,Debit Card,Female,4.0,4,Mobile Phone,5,Single,4,0,17.0,0.0,2.0,2.0,141.69,764.42,0.0
54504,0,6.0,Mobile Phone,1,11.0,Credit Card,Male,4.0,3,Mobile Phone,4,Single,5,0,18.0,3.0,3.0,4.0,139.32,808.42,1.0
54505,1,19.0,Mobile Phone,1,11.0,Debit Card,Female,3.0,3,Laptop & Accessory,3,Married,4,0,14.0,1.0,3.0,25.0,179.4,928.72,0.333
54506,0,10.0,Computer,2,17.0,Credit Card,Female,5.0,3,Laptop & Accessory,3,Divorced,4,0,15.0,2.0,3.0,1.0,193.31,989.58,0.667
54507,0,12.0,Mobile Phone,1,18.0,Credit Card,Male,2.0,3,Mobile Phone,4,Single,2,1,11.0,1.0,4.0,6.0,201.03,1031.91,0.25
54508,1,6.0,Mobile Phone,1,7.0,Credit Card,Male,3.0,2,Laptop & Accessory,1,Married,8,0,23.0,0.0,1.0,5.0,154.0,814.2,0.0
54509,1,7.0,Mobile Phone,3,13.0,Debit Card,Male,4.0,3,Laptop & Accessory,2,Divorced,3,1,18.0,4.0,5.0,13.0,167.67,1006.15,0.8
54510,0,3.0,Mobile Phone,1,24.0,Debit Card,Female,2.0,3,Mobile Phone,5,Single,4,0,11.0,1.0,1.0,0.0,275.75,1180.85,1.0
54511,1,11.0,Computer,1,12.0,Debit Card,Female,3.0,3,Laptop & Accessory,2,Divorced,6,1,15.0,2.0,2.0,1.0,171.39,861.28,1.0
54512,0,4.0,Mobile Phone,1,7.0,Credit Card,Male,3.0,3,Mobile Phone,4,Married,4,0,22.0,,1.0,7.0,244.09,1148.54,0.0
54513,0,9.0,Computer,1,10.0,Credit Card,Female,3.0,2,Grocery,2,Single,7,0,14.0,3.0,,8.0,150.32,908.22,0.6
54514,0,17.0,Computer,1,8.0,Debit Card,Female,4.0,5,Laptop & Accessory,1,Divorced,4,0,21.0,1.0,5.0,6.0,207.02,1179.68,0.2
54515,0,2.0,Phone,1,7.0,E wallet,Male,3.0,5,Others,5,Married,5,1,26.0,,1.0,1.0,243.76,1179.29,1.0
54516,0,46.0,Mobile Phone,1,11.0,E wallet,Male,2.0,4,Laptop & Accessory,5,Single,5,0,15.0,2.0,2.0,2.0,245.74,1143.81,1.0
54517,0,6.0,Mobile Phone,1,14.0,Credit Card,Male,4.0,3,Laptop & Accessory,4,Married,7,0,12.0,1.0,2.0,1.0,86.0,512.8,0.5
54518,1,9.0,Mobile Phone,1,6.0,Debit Card,Male,2.0,4,Mobile Phone,3,Married,6,1,11.0,0.0,1.0,7.0,265.33,1141.25,0.0
54519,0,12.0,Mobile Phone,1,16.0,E wallet,Female,4.0,4,Fashion,3,Married,4,0,19.0,1.0,2.0,10.0,153.78,826.36,0.5
54520,0,5.0,Phone,1,65.0,E wallet,Male,4.0,3,Mobile Phone,3,Married,5,0,16.0,0.0,2.0,4.0,152.72,798.34,0.0
54521,1,7.0,Mobile Phone,3,45.0,COD,Male,4.0,3,Laptop & Accessory,4,Married,2,1,12.0,3.0,3.0,1.0,154.74,819.01,1.0
54522,0,19.0,Computer,1,26.0,Debit Card,Female,3.0,2,Fashion,4,Married,6,0,16.0,2.0,5.0,9.0,280.42,1418.6,0.4
54523,0,16.0,Mobile Phone,2,9.0,UPI,Male,3.0,3,Grocery,5,Married,4,0,16.0,1.0,1.0,3.0,166.43,805.43,1.0
54524,0,8.0,Phone,1,5.0,Debit Card,Male,3.0,4,Others,3,Married,4,0,22.0,1.0,2.0,1.0,169.89,911.58,0.5
54525,0,10.0,Computer,1,27.0,Credit Card,Male,3.0,4,Mobile Phone,5,Married,5,1,22.0,1.0,,4.0,180.19,995.72,0.333
54526,1,11.0,Mobile Phone,3,6.0,Credit Card,Male,2.0,3,Fashion,2,Married,3,1,12.0,1.0,1.0,0.0,184.78,843.16,1.0
54527,0,14.0,Mobile Phone,1,8.0,Credit Card,Female,2.0,2,Fashion,1,Divorced,4,0,17.0,0.0,4.0,4.0,206.49,1100.66,0.0
54528,1,15.0,Mobile Phone,2,14.0,Credit Card,Male,3.0,1,Fashion,4,Married,2,1,13.0,2.0,,16.0,140.46,907.75,0.333
54529,0,14.0,Mobile Phone,1,7.0,Debit Card,Female,3.0,3,Others,1,Divorced,7,0,12.0,1.0,4.0,4.0,192.68,1008.18,0.25
54530,0,7.0,Mobile Phone,1,27.0,UPI,Male,3.0,3,Fashion,3,Single,8,0,18.0,0.0,2.0,9.0,118.83,685.55,0.0
54531,1,10.0,Mobile Phone,3,23.0,Credit Card,Male,3.0,3,Mobile Phone,4,Single,3,1,14.0,1.0,1.0,9.0,130.72,653.74,1.0
54532,0,18.0,Mobile Phone,1,22.0,UPI,Male,3.0,3,Mobile Phone,3,Married,4,0,17.0,0.0,2.0,1.0,184.94,928.77,0.0
54533,0,33.0,Computer,1,25.0,Debit Card,Female,3.0,4,Mobile Phone,1,Married,2,0,11.0,2.0,3.0,5.0,210.26,1021.99,0.667
54534,0,,Mobile Phone,3,8.0,Credit Card,Male,2.0,4,Grocery,5,Divorced,4,0,21.0,0.0,1.0,3.0,272.15,1247.17,0.0
54535,1,7.0,Mobile Phone,3,21.0,Credit Card,Male,3.0,5,Laptop & Accessory,1,Single,8,1,15.0,3.0,4.0,0.0,126.54,780.85,0.75
54536,0,5.0,Mobile Phone,1,10.0,Credit Card,Female,2.0,4,Laptop & Accessory,5,Married,6,0,11.0,1.0,3.0,1.0,230.2,1097.76,0.333
54537,1,14.0,Mobile Phone,1,18.0,E wallet,Male,3.0,2,Laptop & Accessory,1,Single,3,0,19.0,0.0,1.0,1.0,117.83,644.75,0.0
54538,0,3.0,Mobile Phone,1,7.0,Debit Card,Male,2.0,4,Others,4,Married,2,1,21.0,0.0,5.0,,122.66,859.11,0.0
54539,0,14.0,Computer,1,20.0,Debit Card,Male,,2,Fashion,5,Single,3,1,16.0,2.0,3.0,1.0,174.45,925.91,0.667
54540,1,15.0,Mobile Phone,1,48.0,E wallet,Female,2.0,3,Laptop & Accessory,5,Married,4,0,18.0,1.0,,2.0,232.16,1071.21,1.0
54541,0,7.0,Mobile Phone,3,6.0,Credit Card,Female,2.0,2,Laptop & Accessory,5,Married,4,0,13.0,0.0,1.0,1.0,182.65,843.07,0.0
54542,0,11.0,Mobile Phone,1,6.0,Debit Card,Male,3.0,1,Mobile Phone,5,Single,8,0,11.0,1.0,1.0,0.0,193.72,869.14,1.0
54543,1,8.0,Mobile Phone,2,7.0,Credit Card,Male,2.0,3,Mobile Phone,3,Married,4,1,17.0,6.0,11.0,27.0,218.77,1462.33,0.545
54544,0,3.0,Mobile Phone,1,12.0,Credit Card,Male,3.0,2,Laptop & Accessory,3,Married,4,0,16.0,2.0,5.0,2.0,187.77,1066.53,0.4
54545,0,,Phone,1,9.0,Credit Card,Female,,3,Others,4,Single,8,1,18.0,1.0,3.0,,236.75,1178.65,0.333
54546,0,13.0,Mobile Phone,3,25.0,Debit Card,Male,3.0,3,Mobile Phone,5,Divorced,6,1,13.0,0.0,2.0,0.0,193.59,929.64,0.0
54547,0,7.0,Mobile Phone,1,13.0,Credit Card,Male,3.0,4,Mobile Phone,5,Single,7,1,14.0,4.0,5.0,1.0,301.84,1483.99,0.8
54548,0,33.0,Phone,1,13.0,Credit Card,Female,3.0,3,Fashion,4,Single,3,0,15.0,1.0,3.0,4.0,175.51,921.94,0.333
54549,0,10.0,Mobile Phone,1,20.0,E wallet,Male,2.0,3,Laptop & Accessory,4,Married,5,1,17.0,1.0,2.0,2.0,204.7,1003.86,0.5
54550,0,2.0,Mobile Phone,2,10.0,UPI,Male,3.0,4,Mobile Phone,4,Married,5,0,11.0,3.0,4.0,,159.28,873.26,0.75
54551,0,19.0,Computer,1,10.0,Credit Card,Female,2.0,3,Mobile Phone,5,Married,3,0,18.0,0.0,1.0,,121.17,649.45,0.0
54552,0,16.0,Mobile Phone,1,22.0,Debit Card,Female,2.0,4,Others,2,Single,5,0,,3.0,5.0,3.0,78.41,634.96,0.6
54553,0,17.0,Phone,2,23.0,Debit Card,Male,,4,Laptop & Accessory,2,Married,2,0,11.0,0.0,1.0,11.0,59.1,357.58,0.0
54554,1,5.0,Mobile Phone,1,5.0,Debit Card,Male,3.0,6,Fashion,5,Single,5,0,13.0,,6.0,4.0,168.89,1015.78,0.5
54555,0,11.0,Mobile Phone,3,7.0,Debit Card,Male,3.0,3,Mobile Phone,3,Married,3,0,13.0,,1.0,6.0,268.59,1169.64,1.0
54556,0,10.0,Mobile Phone,1,8.0,E wallet,Male,4.0,3,Fashion,3,Married,3,0,17.0,1.0,2.0,12.0,222.85,1072.83,0.5
54557,0,9.0,Mobile Phone,1,10.0,E wallet,Female,3.0,4,Fashion,5,Married,5,0,16.0,2.0,4.0,6.0,195.6,1051.28,0.5
54558,0,22.0,Mobile Phone,2,9.0,Credit Card,Female,3.0,2,Laptop & Accessory,5,Divorced,7,0,21.0,0.0,1.0,5.0,158.56,815.53,0.0
54559,0,10.0,Mobile Phone,3,18.0,Debit Card,Female,3.0,1,Laptop & Accessory,2,Married,4,0,,6.0,9.0,9.0,236.91,1409.26,0.667
54560,0,7.0,Computer,3,26.0,Debit Card,Male,3.0,3,Laptop & Accessory,2,Married,3,0,17.0,0.0,4.0,5.0,216.56,1138.93,0.0
54561,0,7.0,Phone,2,8.0,E wallet,Male,2.0,4,Mobile Phone,5,Divorced,4,1,13.0,1.0,1.0,4.0,102.53,538.61,1.0
54562,0,4.0,Mobile Phone,1,15.0,UPI,Male,2.0,2,Grocery,4,Single,5,0,13.0,2.0,6.0,1.0,221.37,1215.21,0.333
54563,1,11.0,Phone,1,11.0,Debit Card,Male,3.0,4,Laptop & Accessory,2,Married,5,1,14.0,,1.0,0.0,146.2,712.56,0.0
54564,0,23.0,Computer,1,13.0,Credit Card,Male,3.0,3,Mobile Phone,5,Single,5,0,13.0,1.0,1.0,2.0,183.78,847.36,1.0
54565,0,8.0,Phone,3,17.0,Debit Card,Male,3.0,4,Grocery,3,Single,8,0,17.0,0.0,1.0,8.0,122.58,646.8,0.0
54566,0,12.0,Mobile Phone,3,32.0,Debit Card,Male,3.0,3,Grocery,3,Single,3,0,18.0,0.0,1.0,3.0,273.73,1229.17,0.0
54567,0,9.0,Computer,3,8.0,Debit Card,Male,2.0,2,Mobile Phone,5,Divorced,4,0,12.0,2.0,4.0,0.0,123.26,744.39,0.5
54568,0,9.0,Mobile Phone,1,6.0,Credit Card,Male,2.0,3,Fashion,3,Married,5,0,11.0,1.0,2.0,3.0,224.89,1032.58,0.5
54569,0,16.0,Mobile Phone,1,17.0,Debit Card,Male,4.0,3,Laptop & Accessory,2,Single,6,0,,1.0,3.0,4.0,237.74,1182.41,0.333
54570,0,,Mobile Phone,1,11.0,Debit Card,Male,2.0,2,Laptop & Accessory,3,Single,5,0,18.0,2.0,5.0,1.0,201.38,1134.24,0.4
54571,1,3.0,Computer,2,7.0,Debit Card,Male,2.0,3,Laptop & Accessory,3,Married,2,0,21.0,1.0,1.0,0.0,192.04,942.75,1.0
54572,0,19.0,Computer,1,6.0,Debit Card,Male,3.0,5,Mobile Phone,5,Married,6,0,14.0,3.0,9.0,,143.45,1062.11,0.333
54573,1,7.0,Computer,3,15.0,Credit Card,Female,3.0,4,Mobile Phone,2,Married,4,0,16.0,2.0,3.0,,168.71,904.1,0.667
54574,0,7.0,Mobile Phone,1,9.0,Debit Card,Male,3.0,4,Mobile Phone,3,Married,9,0,,1.0,1.0,0.0,121.32,634.02,1.0
54575,0,,Computer,1,77.0,UPI,Female,3.0,6,Laptop & Accessory,4,Married,4,0,20.0,,2.0,6.0,203.33,1022.65,0.0
54576,0,16.0,Mobile Phone,1,11.0,Debit Card,Female,4.0,3,Laptop & Accessory,3,Divorced,3,0,19.0,4.0,5.0,3.0,200.09,1137.34,0.8
54577,0,5.0,Mobile Phone,1,8.0,Debit Card,Male,2.0,3,Laptop & Accessory,4,Married,3,1,15.0,1.0,6.0,0.0,143.49,935.26,0.167
54578,1,19.0,Mobile Phone,1,17.0,Debit Card,Male,,5,Grocery,2,Divorced,8,1,16.0,2.0,4.0,4.0,189.75,1029.05,0.5
54579,0,16.0,Mobile Phone,1,8.0,Debit Card,Male,3.0,4,Others,2,Single,3,0,15.0,6.0,9.0,0.0,182.36,1217.97,0.667
54580,0,0.0,Phone,1,13.0,Debit Card,Male,1.0,5,Laptop & Accessory,5,Single,3,1,11.0,0.0,2.0,2.0,138.41,703.96,0.0
54581,0,11.0,Mobile Phone,1,13.0,Debit Card,Male,3.0,4,Laptop & Accessory,3,Single,5,0,14.0,1.0,2.0,1.0,176.5,872.7,0.5
54582,1,4.0,Computer,3,12.0,E wallet,Female,3.0,4,Grocery,4,Single,4,0,12.0,0.0,1.0,2.0,290.3,1244.14,0.0
54583,0,9.0,Mobile Phone,3,24.0,Credit Card,Male,3.0,4,Laptop & Accessory,5,Divorced,2,1,11.0,1.0,,0.0,152.13,756.09,0.5
54584,0,33.0,Mobile Phone,1,8.0,UPI,Female,4.0,4,Grocery,3,Married,6,0,19.0,3.0,5.0,16.0,100.65,759.47,0.6
54585,1,17.0,Computer,1,33.0,Debit Card,Female,3.0,3,Mobile Phone,3,Married,4,1,11.0,0.0,1.0,1.0,119.63,587.59,0.0
54586,0,18.0,Mobile Phone,1,24.0,Credit Card,Male,3.0,3,Mobile Phone,4,Married,3,0,15.0,0.0,1.0,14.0,169.24,808.11,0.0
54587,0,9.0,Phone,3,10.0,Debit Card,Male,4.0,4,Fashion,4,Married,1,1,14.0,1.0,9.0,3.0,202.37,1286.01,0.111
54588,0,18.0,Phone,1,7.0,E wallet,Male,3.0,4,Laptop & Accessory,3,Single,4,0,12.0,2.0,4.0,0.0,128.82,765.52,0.5
54589,1,6.0,Mobile Phone,1,9.0,COD,Male,3.0,3,Laptop & Accessory,4,Married,5,1,16.0,0.0,1.0,,192.53,904.61,0.0
54590,0,11.0,Phone,3,10.0,E wallet,Male,3.0,3,Fashion,5,Married,3,0,,2.0,5.0,2.0,156.37,995.21,0.4
54591,1,16.0,Mobile Phone,1,15.0,Debit Card,Female,3.0,4,Others,2,Divorced,5,0,11.0,1.0,,1.0,167.55,769.69,1.0
54592,1,16.0,Computer,3,6.0,Debit Card,Male,3.0,1,Mobile Phone,1,Married,4,0,22.0,1.0,3.0,1.0,91.75,659.65,0.333
54593,0,3.0,Mobile Phone,1,,Debit Card,Male,2.0,3,Fashion,3,Divorced,6,0,14.0,0.0,1.0,2.0,163.05,776.59,0.0
54594,0,29.0,Mobile Phone,1,6.0,Debit Card,Female,4.0,3,Grocery,4,Married,3,0,25.0,1.0,2.0,4.0,120.64,748.43,0.5
54595,0,5.0,Mobile Phone,1,9.0,Debit Card,Male,2.0,4,Laptop & Accessory,5,Single,4,0,14.0,1.0,3.0,16.0,185.44,951.67,0.333
54596,0,41.0,Mobile Phone,3,6.0,Debit Card,Male,3.0,3,Laptop & Accessory,5,Married,3,0,15.0,0.0,4.0,1.0,175.54,967.05,0.0
54597,0,17.0,Phone,3,9.0,Debit Card,Male,2.0,3,Laptop & Accessory,2,Married,3,0,11.0,3.0,6.0,1.0,279.34,1419.49,0.5
54598,0,16.0,Computer,1,27.0,Credit Card,Male,3.0,4,Laptop & Accessory,5,Married,2,0,21.0,3.0,4.0,16.0,145.67,901.55,0.75
54599,0,,Phone,1,16.0,Credit Card,Female,4.0,3,Fashion,5,Single,4,1,,1.0,,1.0,223.74,1007.21,1.0
54600,0,7.0,Mobile Phone,1,8.0,E wallet,Female,4.0,2,Laptop & Accessory,4,Single,6,1,13.0,4.0,5.0,1.0,181.45,1018.51,0.8
54601,0,27.0,Computer,3,,Debit Card,Male,3.0,5,Laptop & Accessory,4,Single,4,0,19.0,0.0,1.0,22.0,233.06,1082.63,0.0
54602,0,25.0,Mobile Phone,1,24.0,Debit Card,Male,3.0,4,Laptop & Accessory,5,Married,4,0,24.0,2.0,4.0,5.0,277.5,1426.5,0.5
54603,0,9.0,Phone,3,22.0,Credit Card,Male,3.0,2,Laptop & Accessory,5,Married,5,0,19.0,0.0,2.0,2.0,168.39,881.88,0.0
54604,0,,Phone,1,28.0,Credit Card,Female,2.0,4,Laptop & Accessory,5,Married,4,0,11.0,2.0,2.0,1.0,157.38,776.04,1.0
54605,0,8.0,Mobile Phone,1,17.0,Debit Card,Female,3.0,4,Laptop & Accessory,2,Married,4,0,14.0,1.0,3.0,3.0,180.06,931.23,0.333
54606,0,19.0,Computer,1,13.0,E wallet,Male,3.0,4,Grocery,4,Married,2,0,11.0,1.0,1.0,2.0,66.57,385.97,1.0
54607,1,18.0,Mobile Phone,2,11.0,Debit Card,Male,4.0,3,Fashion,5,Married,3,0,18.0,2.0,5.0,0.0,181.91,1060.26,0.4
54608,0,13.0,Phone,3,8.0,Debit Card,Female,3.0,3,Fashion,2,Single,5,0,15.0,1.0,1.0,0.0,125.58,642.2,1.0
54609,0,11.0,Phone,1,15.0,Credit Card,Male,3.0,4,Fashion,2,Divorced,3,0,15.0,3.0,4.0,3.0,150.65,872.47,0.75
54610,0,9.0,Computer,1,31.0,Debit Card,Female,4.0,3,Grocery,4,Single,4,0,18.0,0.0,1.0,1.0,153.27,771.43,0.0
54611,0,39.0,Computer,1,16.0,Credit Card,Female,3.0,2,Laptop & Accessory,3,Single,2,0,19.0,3.0,4.0,13.0,216.24,1153.71,0.75
54612,0,3.0,Mobile Phone,1,35.0,Credit Card,Male,2.0,2,Grocery,3,Single,4,0,12.0,4.0,6.0,5.0,178.32,1043.62,0.667
54613,0,7.0,Phone,3,10.0,Debit Card,Female,3.0,3,Mobile Phone,3,Single,5,0,15.0,1.0,3.0,17.0,154.39,841.68,0.333
54614,1,12.0,Mobile Phone,1,19.0,UPI,Male,3.0,3,Laptop & Accessory,2,Married,1,1,11.0,1.0,1.0,7.0,148.36,696.77,1.0
54615,1,3.0,Mobile Phone,3,18.0,Debit Card,Female,3.0,1,Mobile Phone,5,Single,5,0,17.0,1.0,3.0,,154.39,857.68,0.333
54616,0,7.0,Computer,2,18.0,Credit Card,Male,2.0,4,Laptop & Accessory,5,Married,7,1,16.0,1.0,3.0,6.0,252.43,1222.23,0.333
54617,1,33.0,Computer,3,17.0,Debit Card,Male,3.0,3,Laptop & Accessory,2,Married,1,0,11.0,1.0,6.0,3.0,149.38,925.64,0.167
54618,1,18.0,Computer,3,8.0,Credit Card,Male,4.0,3,Laptop & Accessory,1,Married,5,0,11.0,1.0,1.0,,227.08,995.9,1.0
54619,0,6.0,Mobile Phone,1,7.0,Debit Card,Female,3.0,4,Mobile Phone,3,Single,5,0,16.0,3.0,9.0,3.0,152.55,1112.69,0.333
54620,1,6.0,Computer,3,51.0,E wallet,Male,2.0,3,Fashion,3,Married,4,1,13.0,1.0,3.0,5.0,15.53,298.01,0.333
54621,1,3.0,Computer,1,6.0,E wallet,Male,3.0,4,Laptop & Accessory,1,Married,4,1,17.0,0.0,1.0,2.0,61.87,416.11,0.0
54622,0,7.0,Mobile Phone,1,13.0,Debit Card,Male,3.0,1,Fashion,5,Single,8,0,,1.0,2.0,7.0,138.08,702.7,0.5
54623,0,14.0,Mobile Phone,3,12.0,Debit Card,Male,3.0,1,Laptop & Accessory,5,Divorced,5,1,18.0,2.0,4.0,1.0,224.66,1177.71,0.5
54624,0,13.0,Phone,1,10.0,UPI,Female,3.0,3,Mobile Phone,5,Single,6,0,16.0,0.0,1.0,2.0,156.39,767.28,0.0
54625,0,7.0,Phone,2,,UPI,Male,3.0,6,Laptop & Accessory,5,Married,2,1,13.0,0.0,1.0,5.0,127.17,632.25,0.0
54626,0,5.0,Computer,3,21.0,Credit Card,Female,4.0,3,Fashion,4,Married,5,0,15.0,1.0,6.0,8.0,164.47,1014.99,0.167
54627,0,9.0,Mobile Phone,3,33.0,Credit Card,Female,3.0,4,Others,4,Single,5,0,13.0,,1.0,9.0,206.97,935.49,1.0
54628,0,8.0,Phone,1,11.0,E wallet,Female,2.0,2,Laptop & Accessory,5,Divorced,5,0,,1.0,2.0,2.0,131.02,675.88,0.5
54629,0,16.0,Phone,2,15.0,Debit Card,Female,4.0,3,Others,4,Single,1,1,11.0,0.0,2.0,2.0,179.37,859.61,0.0
54630,0,11.0,Mobile Phone,1,32.0,Credit Card,Male,2.0,2,Fashion,4,Married,3,0,23.0,1.0,1.0,1.0,134.85,741.43,1.0
54631,0,10.0,Computer,2,,Credit Card,Male,2.0,4,Laptop & Accessory,4,Single,3,0,23.0,0.0,2.0,4.0,238.94,1181.97,0.0
54632,1,21.0,Mobile Phone,1,47.0,E wallet,Female,4.0,3,Mobile Phone,2,Married,5,1,13.0,1.0,6.0,2.0,271.74,1406.61,0.167
54633,0,25.0,Mobile Phone,1,,Debit Card,Female,2.0,3,Fashion,5,Divorced,6,0,15.0,0.0,1.0,12.0,200.07,925.27,0.0
54634,1,12.0,Mobile Phone,1,7.0,Credit Card,Male,2.0,4,Mobile Phone,1,Married,4,0,22.0,0.0,1.0,2.0,130.11,715.42,0.0
54635,0,13.0,Mobile Phone,1,5.0,Credit Card,Female,3.0,2,Mobile Phone,4,Single,4,0,16.0,4.0,6.0,5.0,145.52,950.98,0.667
54636,1,,Phone,1,26.0,E wallet,Female,1.0,3,Mobile Phone,1,Married,4,0,21.0,1.0,1.0,5.0,168.1,851.78,1.0
54637,0,5.0,Computer,1,27.0,Credit Card,Female,3.0,2,Mobile Phone,5,Married,1,0,,0.0,1.0,3.0,80.85,544.23,0.0
54638,0,17.0,Mobile Phone,1,21.0,UPI,Female,3.0,5,Laptop & Accessory,5,Married,2,0,16.0,,3.0,0.0,219.53,1097.21,0.333
54639,0,15.0,Mobile Phone,3,9.0,UPI,Female,3.0,3,Mobile Phone,3,Divorced,3,0,17.0,4.0,10.0,2.0,73.41,864.96,0.4
54640,0,10.0,Mobile Phone,1,17.0,Credit Card,Female,2.0,6,Fashion,5,Divorced,8,0,20.0,2.0,2.0,6.0,87.81,583.68,1.0
54641,1,11.0,Phone,1,10.0,Debit Card,Male,4.0,2,Fashion,3,Single,4,1,,2.0,2.0,2.0,134.77,722.13,1.0
54642,0,20.0,Computer,1,12.0,Credit Card,Female,2.0,1,Mobile Phone,2,Married,7,0,21.0,4.0,5.0,0.0,114.72,828.94,0.8
54643,0,22.0,Phone,2,11.0,UPI,Male,3.0,4,Laptop & Accessory,3,Divorced,5,0,16.0,1.0,3.0,10.0,222.02,1106.68,0.333
54644,0,1.0,Phone,1,34.0,Debit Card,Male,4.0,3,Laptop & Accessory,3,Single,4,0,25.0,2.0,13.0,4.0,176.28,1454.86,0.154
54645,1,6.0,Phone,1,8.0,Credit Card,Female,3.0,3,Grocery,4,Single,5,0,16.0,2.0,3.0,,180.38,948.44,0.667
54646,0,9.0,Mobile Phone,1,15.0,Debit Card,Female,2.0,3,Mobile Phone,5,Single,2,0,19.0,0.0,2.0,0.0,207.64,1031.03,0.0
54647,1,4.0,Phone,1,10.0,Debit Card,Female,2.0,3,Mobile Phone,2,Single,6,0,15.0,1.0,1.0,0.0,281.52,1234.78,1.0
54648,1,12.0,Phone,1,18.0,Credit Card,Male,4.0,4,Laptop & Accessory,1,Divorced,2,0,11.0,5.0,11.0,31.0,135.26,1096.99,0.455
54649,0,6.0,Phone,1,15.0,Credit Card,Male,3.0,4,Laptop & Accessory,2,Married,6,0,20.0,4.0,4.0,1.0,173.26,998.39,1.0
54650,1,12.0,Computer,2,36.0,Credit Card,Male,,2,Laptop & Accessory,3,Married,8,1,21.0,1.0,4.0,5.0,222.81,1194.68,0.25
54651,0,7.0,Phone,1,6.0,E wallet,Male,3.0,5,Fashion,3,Single,4,0,11.0,0.0,1.0,1.0,115.79,573.0,0.0
54652,0,7.0,Phone,1,8.0,Debit Card,Female,3.0,3,Mobile Phone,2,Single,6,0,11.0,0.0,2.0,1.0,208.79,971.4,0.0
54653,0,12.0,Computer,1,22.0,Debit Card,Male,2.0,2,Mobile Phone,3,Married,3,0,17.0,1.0,1.0,0.0,123.41,649.96,1.0
54654,0,17.0,Computer,1,11.0,UPI,Male,4.0,3,Grocery,5,Married,3,0,15.0,0.0,2.0,9.0,184.52,911.18,0.0
54655,1,14.0,Phone,3,7.0,Credit Card,Male,3.0,4,Laptop & Accessory,1,Married,2,0,19.0,0.0,1.0,22.0,179.28,878.26,0.0
54656,0,10.0,Mobile Phone,1,13.0,Debit Card,Female,3.0,3,Laptop & Accessory,5,Single,5,0,11.0,1.0,1.0,2.0,162.45,750.31,1.0
54657,0,,Mobile Phone,2,,E wallet,Male,3.0,3,Laptop & Accessory,3,Married,6,0,23.0,,1.0,1.0,126.54,709.85,0.0
54658,0,7.0,Phone,2,,UPI,Female,2.0,5,Mobile Phone,4,Divorced,5,0,13.0,4.0,4.0,1.0,214.23,1098.07,1.0
54659,0,6.0,Mobile Phone,1,9.0,Credit Card,Male,2.0,4,Grocery,5,Married,4,0,,0.0,1.0,1.0,207.5,961.5,0.0
54660,0,16.0,Mobile Phone,3,25.0,E wallet,Male,3.0,4,Grocery,3,Married,3,0,17.0,3.0,6.0,2.0,127.39,890.08,0.5
54661,0,11.0,Mobile Phone,1,14.0,Debit Card,Female,2.0,3,Mobile Phone,5,Single,3,0,22.0,1.0,2.0,6.0,233.99,1155.16,0.5
54662,1,11.0,Phone,2,5.0,Debit Card,Male,2.0,4,Mobile Phone,1,Single,1,0,11.0,0.0,1.0,6.0,197.35,882.93,0.0
54663,0,5.0,Mobile Phone,1,,UPI,Male,3.0,3,Grocery,3,Married,5,0,16.0,7.0,11.0,3.0,222.37,1468.01,0.636
54664,1,22.0,Mobile Phone,1,17.0,Credit Card,Female,3.0,5,Mobile Phone,2,Married,5,1,,1.0,1.0,2.0,125.39,609.48,1.0
54665,0,11.0,Mobile Phone,1,8.0,Debit Card,Female,2.0,2,Laptop & Accessory,3,Married,3,0,19.0,0.0,1.0,,147.71,758.3,0.0
54666,0,5.0,Phone,1,26.0,Credit Card,Female,1.0,3,Mobile Phone,3,Married,2,0,14.0,0.0,1.0,4.0,140.95,692.61,0.0
54667,0,5.0,Mobile Phone,1,19.0,Credit Card,Female,4.0,2,Fashion,5,Married,4,0,17.0,2.0,5.0,4.0,239.3,1270.34,0.4
54668,0,12.0,Mobile Phone,1,13.0,Debit Card,Male,1.0,3,Mobile Phone,3,Single,2,0,14.0,1.0,,5.0,178.04,833.55,1.0
54669,1,5.0,Phone,1,35.0,Credit Card,Male,1.0,2,Laptop & Accessory,4,Divorced,5,1,24.0,2.0,5.0,,132.2,919.36,0.4
54670,0,6.0,Phone,1,11.0,Debit Card,Male,3.0,4,Mobile Phone,5,Married,2,0,13.0,1.0,1.0,1.0,146.43,705.43,1.0
54671,0,4.0,Mobile Phone,1,8.0,Debit Card,Female,2.0,5,Mobile Phone,3,Married,2,0,18.0,5.0,8.0,3.0,101.63,890.19,0.625
54672,1,15.0,Phone,1,18.0,Credit Card,Female,3.0,4,Laptop & Accessory,3,Single,3,1,11.0,3.0,5.0,2.0,234.33,1203.45,0.6
54673,0,5.0,Mobile Phone,1,15.0,Debit Card,Male,4.0,2,Mobile Phone,5,Married,3,0,18.0,1.0,2.0,4.0,253.84,1198.59,0.5
54674,0,25.0,Phone,1,10.0,Debit Card,Male,3.0,3,Laptop & Accessory,5,Married,1,1,11.0,0.0,1.0,3.0,94.43,491.83,0.0
54675,0,,Mobile Phone,1,10.0,UPI,Male,3.0,5,Mobile Phone,5,Married,7,0,22.0,1.0,1.0,1.0,163.76,843.29,1.0
54676,0,4.0,Mobile Phone,1,11.0,Credit Card,Female,4.0,2,Laptop & Accessory,3,Single,5,1,13.0,,1.0,5.0,148.49,713.26,0.0
54677,0,14.0,Phone,1,9.0,Credit Card,Male,2.0,3,Grocery,4,Single,4,0,12.0,2.0,3.0,0.0,124.88,705.54,0.667
54678,0,22.0,Phone,3,20.0,Debit Card,Female,3.0,3,Laptop & Accessory,2,Married,10,0,17.0,0.0,2.0,2.0,188.89,943.78,0.0
54679,0,9.0,Mobile Phone,1,18.0,Debit Card,Female,3.0,6,Mobile Phone,5,Married,9,0,11.0,1.0,1.0,7.0,263.51,1134.34,1.0
54680,0,,Mobile Phone,1,12.0,Credit Card,Female,3.0,3,Laptop & Accessory,5,Single,5,0,12.0,0.0,2.0,7.0,194.52,925.18,0.0
54681,1,13.0,Computer,1,11.0,Debit Card,Male,3.0,1,Laptop & Accessory,2,Single,5,1,16.0,2.0,2.0,13.0,324.99,1452.96,1.0
54682,1,6.0,Phone,1,10.0,Credit Card,Female,3.0,4,Mobile Phone,1,Single,3,1,13.0,0.0,1.0,4.0,198.67,903.95,0.0
54683,1,33.0,Mobile Phone,1,9.0,Credit Card,Female,3.0,3,Laptop & Accessory,2,Married,10,0,19.0,2.0,2.0,3.0,177.85,917.83,1.0
54684,0,,Phone,1,6.0,Credit Card,Male,,4,Mobile Phone,4,Single,6,1,20.0,2.0,4.0,5.0,138.41,865.96,0.5
54685,0,8.0,Mobile Phone,1,9.0,Debit Card,Male,1.0,2,Laptop & Accessory,3,Married,6,0,18.0,0.0,2.0,8.0,242.28,1154.66,0.0
54686,0,10.0,Mobile Phone,1,10.0,Debit Card,Female,3.0,3,Mobile Phone,4,Married,3,0,11.0,0.0,1.0,4.0,166.32,765.02,0.0
54687,0,30.0,Mobile Phone,3,15.0,COD,Female,2.0,3,Fashion,3,Married,5,0,13.0,2.0,2.0,6.0,207.83,983.75,1.0
54688,0,16.0,Mobile Phone,1,23.0,COD,Male,3.0,3,Grocery,5,Single,4,0,11.0,1.0,2.0,2.0,168.26,817.39,0.5
54689,1,14.0,Mobile Phone,1,11.0,Credit Card,Male,3.0,4,Mobile Phone,3,Single,3,1,14.0,3.0,5.0,2.0,209.8,1134.24,0.6
54690,1,6.0,Mobile Phone,2,,E wallet,Male,3.0,5,Fashion,3,Married,6,1,,,1.0,0.0,81.51,490.74,0.0
54691,1,9.0,Mobile Phone,1,26.0,Credit Card,Female,3.0,4,Fashion,3,Single,7,1,17.0,0.0,2.0,1.0,232.29,1108.7,0.0
54692,0,7.0,Mobile Phone,3,55.0,Debit Card,Female,3.0,4,Laptop & Accessory,1,Married,3,0,23.0,4.0,8.0,3.0,212.43,1351.23,0.5
54693,1,14.0,Mobile Phone,2,30.0,Debit Card,Male,,3,Grocery,3,Married,3,1,23.0,2.0,5.0,5.0,135.27,923.03,0.4
54694,0,20.0,Mobile Phone,1,17.0,Debit Card,Male,4.0,2,Mobile Phone,4,Divorced,4,0,18.0,0.0,1.0,4.0,194.12,926.66,0.0
54695,0,38.0,Phone,1,16.0,Credit Card,Female,3.0,4,Laptop & Accessory,5,Married,2,0,18.0,1.0,2.0,6.0,163.63,855.79,0.5
54696,1,7.0,Mobile Phone,3,7.0,Credit Card,Female,2.0,2,Grocery,1,Single,7,0,11.0,0.0,1.0,3.0,74.81,417.28,0.0
54697,0,3.0,Phone,2,20.0,UPI,Female,,3,Laptop & Accessory,5,Married,6,1,19.0,1.0,4.0,3.0,101.03,715.91,0.25
54698,0,8.0,Mobile Phone,3,16.0,E wallet,Female,3.0,4,Mobile Phone,2,Divorced,8,0,18.0,0.0,1.0,3.0,148.84,754.59,0.0
54699,0,18.0,Mobile Phone,1,13.0,E wallet,Male,4.0,4,Mobile Phone,5,Divorced,4,0,17.0,0.0,2.0,4.0,136.48,744.62,0.0
54700,0,5.0,Phone,1,19.0,UPI,Female,3.0,3,Mobile Phone,3,Divorced,2,0,16.0,3.0,6.0,2.0,194.25,1136.15,0.5
54701,1,10.0,Computer,3,12.0,E wallet,Male,3.0,4,Mobile Phone,1,Divorced,3,0,22.0,1.0,1.0,4.0,231.77,1101.73,1.0
54702,0,14.0,Mobile Phone,1,14.0,Debit Card,Female,3.0,5,Laptop & Accessory,4,Single,6,0,23.0,0.0,1.0,2.0,154.25,815.15,0.0
54703,0,7.0,Mobile Phone,3,11.0,Debit Card,Female,3.0,3,Laptop & Accessory,5,Single,3,0,16.0,1.0,4.0,4.0,151.72,884.54,0.25
54704,1,11.0,Phone,1,,Credit Card,Female,3.0,4,Laptop & Accessory,2,Married,3,1,18.0,1.0,3.0,2.0,107.23,686.47,0.333
54705,0,5.0,Computer,3,30.0,Credit Card,Female,2.0,3,Laptop & Accessory,1,Married,4,0,13.0,3.0,4.0,1.0,179.16,964.81,0.75
54706,0,21.0,Computer,1,27.0,Credit Card,Male,2.0,5,Fashion,5,Single,5,1,17.0,3.0,8.0,1.0,208.32,1287.62,0.375
54707,0,8.0,Mobile Phone,1,24.0,E wallet,Male,3.0,3,Fashion,4,Single,2,1,18.0,4.0,6.0,,137.01,934.64,0.667
54708,0,11.0,Mobile Phone,3,5.0,COD,Male,,4,Mobile Phone,5,Divorced,4,1,11.0,0.0,1.0,1.0,195.86,877.27,0.0
54709,1,2.0,Phone,1,34.0,Credit Card,Female,3.0,5,Laptop & Accessory,1,Divorced,3,1,12.0,0.0,1.0,,216.95,965.41,0.0
54710,1,4.0,Phone,1,9.0,Credit Card,Female,3.0,4,Mobile Phone,5,Single,5,1,18.0,1.0,1.0,9.0,68.39,448.88,1.0
54711,0,,Phone,1,31.0,E wallet,Female,2.0,4,Laptop & Accessory,3,Single,4,0,16.0,1.0,2.0,10.0,216.16,1039.41,0.5
54712,0,7.0,Computer,2,8.0,Debit Card,Female,3.0,3,Fashion,5,Divorced,3,1,16.0,0.0,4.0,6.0,123.53,777.41,0.0
54713,1,5.0,Phone,3,12.0,Debit Card,Male,2.0,5,Laptop & Accessory,1,Married,8,1,16.0,0.0,1.0,4.0,213.58,984.6,0.0
54714,0,3.0,Mobile Phone,1,22.0,E wallet,Male,3.0,4,Mobile Phone,5,Married,6,0,20.0,1.0,5.0,3.0,260.08,1373.3,0.2
54715,0,21.0,Mobile Phone,1,17.0,E wallet,Male,3.0,3,Mobile Phone,4,Married,6,0,19.0,0.0,2.0,1.0,99.07,618.47,0.0
54716,1,15.0,Phone,1,,Credit Card,Female,3.0,1,Others,3,Married,3,1,14.0,1.0,,1.0,165.99,832.76,0.5
54717,1,15.0,Mobile Phone,2,19.0,UPI,Female,1.0,3,Laptop & Accessory,1,Married,2,0,21.0,2.0,2.0,13.0,189.66,978.71,1.0
54718,0,,Mobile Phone,1,15.0,Debit Card,Male,3.0,4,Laptop & Accessory,4,Divorced,6,0,16.0,1.0,4.0,2.0,235.31,1202.18,0.25
54719,0,8.0,Mobile Phone,1,9.0,Credit Card,Female,2.0,4,Others,4,Single,6,1,11.0,1.0,1.0,4.0,131.23,631.67,1.0
54720,0,3.0,Mobile Phone,1,17.0,Credit Card,Male,3.0,4,Mobile Phone,4,Married,9,0,17.0,1.0,3.0,4.0,156.66,866.31,0.333
54721,0,10.0,Mobile Phone,1,8.0,Debit Card,Male,3.0,3,Fashion,4,Married,4,0,11.0,1.0,2.0,1.0,123.84,648.59,0.5
54722,0,29.0,Computer,3,,Debit Card,Male,3.0,3,Fashion,3,Married,5,1,18.0,1.0,4.0,6.0,204.82,1102.32,0.25
54723,1,10.0,Mobile Phone,1,5.0,UPI,Male,2.0,4,Laptop & Accessory,2,Single,4,1,13.0,0.0,1.0,0.0,47.53,329.61,0.0
54724,0,20.0,Mobile Phone,1,15.0,Debit Card,Female,4.0,4,Laptop & Accessory,5,Married,6,1,11.0,1.0,1.0,,224.23,985.07,1.0
54725,0,3.0,Mobile Phone,1,11.0,Debit Card,Male,3.0,3,Laptop & Accessory,5,Single,4,1,16.0,0.0,2.0,4.0,206.83,1003.95,0.0
54726,0,6.0,Mobile Phone,3,9.0,Credit Card,Male,3.0,4,Fashion,2,Divorced,3,0,22.0,2.0,4.0,3.0,145.07,907.27,0.5
54727,0,17.0,Computer,1,14.0,Debit Card,Female,3.0,3,Fashion,4,Single,6,1,14.0,1.0,1.0,6.0,155.57,748.17,1.0
54728,0,11.0,Computer,1,17.0,UPI,Female,3.0,3,Mobile Phone,2,Married,5,0,17.0,,6.0,14.0,175.11,1071.42,0.333
54729,0,9.0,Mobile Phone,1,45.0,Debit Card,Female,,4,Mobile Phone,5,Married,11,0,16.0,1.0,1.0,1.0,105.47,573.79,1.0
54730,1,20.0,Phone,2,26.0,Credit Card,Male,4.0,4,Laptop & Accessory,1,Married,6,0,11.0,1.0,1.0,0.0,177.84,808.79,1.0
54731,0,17.0,Mobile Phone,1,20.0,Debit Card,Male,4.0,2,Mobile Phone,5,Single,5,0,16.0,2.0,2.0,2.0,177.53,892.61,1.0
54732,0,11.0,Computer,1,13.0,E wallet,Male,3.0,4,Grocery,4,Divorced,6,0,18.0,3.0,5.0,8.0,131.55,868.89,0.6
54733,1,1.0,Mobile Phone,1,11.0,Credit Card,Male,3.0,3,Fashion,1,Single,7,0,14.0,0.0,1.0,6.0,250.28,1108.06,0.0
54734,0,10.0,Mobile Phone,1,5.0,Credit Card,Female,2.0,4,Laptop & Accessory,5,Married,6,0,14.0,1.0,2.0,3.0,94.1,559.58,0.5
54735,0,13.0,Phone,3,10.0,COD,Male,2.0,2,Laptop & Accessory,4,Single,8,0,14.0,1.0,2.0,3.0,148.42,766.0,0.5
54736,0,2.0,Computer,1,28.0,Debit Card,Male,3.0,4,Fashion,4,Divorced,4,1,18.0,4.0,4.0,2.0,275.81,1372.08,1.0
54737,1,13.0,Mobile Phone,3,11.0,Credit Card,Female,4.0,4,Mobile Phone,3,Married,6,0,11.0,1.0,1.0,1.0,109.51,549.14,1.0
54738,0,20.0,Phone,1,12.0,COD,Female,3.0,1,Mobile Phone,3,Divorced,5,0,11.0,2.0,3.0,2.0,221.21,1063.6,0.667
54739,0,10.0,Mobile Phone,1,9.0,Credit Card,Male,3.0,5,Mobile Phone,5,Divorced,8,1,18.0,6.0,6.0,1.0,156.56,1008.93,1.0
54740,0,5.0,Computer,1,9.0,E wallet,Male,2.0,1,Laptop & Accessory,4,Married,6,0,12.0,0.0,1.0,0.0,222.35,985.93,0.0
54741,1,1.0,Mobile Phone,3,6.0,Debit Card,Male,3.0,1,Laptop & Accessory,1,Single,4,1,19.0,4.0,6.0,10.0,174.92,1086.7,0.667
54742,1,13.0,Computer,1,16.0,Debit Card,Male,3.0,4,Laptop & Accessory,3,Single,4,1,16.0,0.0,1.0,1.0,210.62,973.36,0.0
54743,1,2.0,Mobile Phone,3,12.0,Debit Card,Male,3.0,4,Laptop & Accessory,4,Single,2,1,13.0,0.0,1.0,0.0,174.2,810.96,0.0
54744,0,15.0,Mobile Phone,1,16.0,COD,Male,2.0,2,Laptop & Accessory,2,Single,6,0,11.0,,1.0,3.0,179.65,815.67,1.0
54745,1,28.0,Computer,1,14.0,COD,Male,3.0,5,Laptop & Accessory,1,Married,6,0,11.0,0.0,2.0,1.0,173.52,837.38,0.0
54746,1,6.0,Computer,3,24.0,Debit Card,Male,4.0,4,Laptop & Accessory,1,Divorced,4,0,13.0,1.0,2.0,2.0,184.92,896.7,0.5
54747,0,8.0,Phone,3,,Debit Card,Male,4.0,2,Laptop & Accessory,4,Single,3,0,16.0,0.0,1.0,15.0,164.08,796.5,0.0
54748,0,29.0,Mobile Phone,1,23.0,Debit Card,Female,4.0,4,Laptop & Accessory,3,Single,4,0,16.0,0.0,2.0,1.0,183.46,915.15,0.0
54749,1,11.0,Mobile Phone,1,13.0,Debit Card,Male,3.0,3,Mobile Phone,3,Married,5,1,11.0,1.0,1.0,2.0,128.82,622.52,1.0
54750,1,7.0,Mobile Phone,1,10.0,Debit Card,Female,4.0,3,Grocery,1,Divorced,7,0,13.0,,1.0,3.0,117.18,594.28,1.0
54751,0,18.0,Mobile Phone,1,38.0,E wallet,Male,4.0,4,Laptop & Accessory,4,Single,3,0,21.0,1.0,5.0,2.0,127.74,878.41,0.2
54752,0,7.0,Phone,1,6.0,UPI,Female,4.0,4,Laptop & Accessory,4,Married,7,0,,0.0,2.0,0.0,234.66,1173.71,0.0
54753,0,6.0,Mobile Phone,1,7.0,E wallet,Male,4.0,4,Laptop & Accessory,5,Married,4,1,18.0,2.0,2.0,6.0,174.28,896.26,1.0
54754,0,14.0,Phone,1,12.0,Credit Card,Male,4.0,4,Fashion,4,Single,7,0,16.0,0.0,2.0,,140.5,751.9,0.0
54755,0,19.0,Phone,1,16.0,E wallet,Female,2.0,4,Laptop & Accessory,4,Married,6,0,11.0,0.0,2.0,1.0,226.53,1038.81,0.0
54756,0,5.0,Mobile Phone,3,5.0,E wallet,Female,2.0,3,Laptop & Accessory,4,Married,3,0,16.0,1.0,1.0,7.0,140.49,706.86,1.0
54757,1,11.0,Phone,2,20.0,Credit Card,Female,3.0,4,Grocery,3,Married,3,1,13.0,3.0,,2.0,81.57,593.97,0.75
54758,0,9.0,Phone,1,15.0,Debit Card,Female,3.0,3,Laptop & Accessory,2,Divorced,8,0,22.0,1.0,1.0,2.0,184.41,921.76,1.0
54759,1,10.0,Phone,3,13.0,Debit Card,Male,3.0,3,Others,1,Divorced,4,0,14.0,2.0,2.0,6.0,153.9,786.82,1.0
54760,0,5.0,Mobile Phone,1,12.0,Credit Card,Male,3.0,5,Fashion,3,Married,3,0,19.0,0.0,1.0,1.0,126.62,678.16,0.0
54761,0,15.0,Phone,1,14.0,COD,Male,2.0,4,Mobile Phone,4,Single,6,0,14.0,1.0,1.0,11.0,226.99,1019.56,1.0
54762,1,24.0,Mobile Phone,1,7.0,Credit Card,Male,1.0,3,Mobile Phone,5,Single,2,0,20.0,,1.0,0.0,224.47,1057.99,0.0
54763,0,5.0,Mobile Phone,1,6.0,UPI,Female,3.0,4,Laptop & Accessory,2,Married,1,0,15.0,2.0,2.0,1.0,177.12,883.06,1.0
54764,0,15.0,Phone,2,9.0,Debit Card,Male,2.0,3,Fashion,4,Divorced,5,1,17.0,0.0,1.0,1.0,88.13,515.89,0.0
54765,0,18.0,Phone,1,20.0,E wallet,Female,3.0,2,Laptop & Accessory,3,Married,8,0,15.0,1.0,3.0,5.0,150.99,828.76,0.333
54766,0,11.0,Mobile Phone,1,16.0,E wallet,Male,4.0,4,Mobile Phone,4,Divorced,3,0,18.0,0.0,1.0,5.0,197.91,941.06,0.0
54767,1,15.0,Phone,1,13.0,Credit Card,Male,3.0,4,Laptop & Accessory,1,Single,5,0,12.0,0.0,4.0,24.0,191.91,1005.26,0.0
54768,0,6.0,Computer,3,15.0,UPI,Male,3.0,4,Laptop & Accessory,2,Single,8,1,19.0,2.0,4.0,4.0,207.91,1122.06,0.5
54769,0,24.0,Mobile Phone,2,15.0,Credit Card,Male,1.0,3,Mobile Phone,2,Married,4,0,11.0,0.0,1.0,8.0,164.45,757.91,0.0
54770,0,19.0,Computer,2,9.0,Debit Card,Female,3.0,3,Mobile Phone,5,Divorced,5,0,18.0,0.0,2.0,3.0,144.65,783.67,0.0
54771,1,21.0,Phone,1,6.0,Debit Card,Female,4.0,4,Laptop & Accessory,1,Married,5,1,11.0,1.0,3.0,5.0,192.17,953.25,0.333
54772,1,4.0,Phone,1,32.0,Credit Card,Male,3.0,3,Mobile Phone,3,Single,2,1,18.0,1.0,2.0,0.0,189.37,953.61,0.5
54773,1,14.0,Mobile Phone,1,16.0,UPI,Female,2.0,1,Fashion,5,Single,3,0,21.0,0.0,1.0,8.0,170.91,862.46,0.0
54774,0,6.0,Mobile Phone,1,19.0,Debit Card,Female,4.0,6,Mobile Phone,4,Single,5,0,11.0,1.0,1.0,5.0,258.57,1115.57,1.0
54775,0,25.0,Computer,1,12.0,Credit Card,Female,4.0,4,Mobile Phone,3,Married,4,0,11.0,0.0,2.0,4.0,172.32,832.82,0.0
54776,0,5.0,Mobile Phone,2,22.0,E wallet,Male,2.0,4,Mobile Phone,3,Single,9,0,12.0,1.0,4.0,1.0,129.93,769.73,0.25
54777,0,12.0,Mobile Phone,1,16.0,Debit Card,Male,2.0,1,Fashion,4,Married,6,0,21.0,0.0,1.0,2.0,100.6,595.28,0.0
54778,1,2.0,Phone,1,6.0,Debit Card,Male,,3,Mobile Phone,3,Married,4,1,11.0,0.0,1.0,1.0,155.02,722.08,0.0
54779,0,11.0,Mobile Phone,3,31.0,Debit Card,Male,2.0,3,Grocery,4,Married,5,0,13.0,3.0,7.0,,86.67,748.35,0.429
54780,1,4.0,Phone,2,9.0,Debit Card,Male,4.0,4,Laptop & Accessory,4,Married,5,1,11.0,,1.0,24.0,206.25,916.75,1.0
54781,0,14.0,Phone,1,7.0,Debit Card,Male,4.0,4,Laptop & Accessory,3,Married,1,1,17.0,2.0,2.0,1.0,131.08,724.1,1.0
54782,0,9.0,Computer,1,6.0,Debit Card,Female,3.0,4,Mobile Phone,5,Married,3,0,17.0,1.0,3.0,1.0,196.99,1019.56,0.333
54783,0,8.0,Phone,1,20.0,Debit Card,Male,3.0,3,Laptop & Accessory,5,Married,2,0,11.0,1.0,2.0,2.0,190.55,902.09,0.5
54784,0,25.0,Mobile Phone,2,20.0,Credit Card,Female,3.0,4,Grocery,4,Married,5,0,21.0,0.0,1.0,3.0,254.13,1178.69,0.0
54785,0,34.0,Mobile Phone,2,19.0,Credit Card,Female,3.0,4,Mobile Phone,3,Single,2,0,18.0,7.0,9.0,5.0,173.3,1207.54,0.778
54786,1,3.0,Phone,1,35.0,E wallet,Female,3.0,4,Mobile Phone,4,Single,3,1,11.0,0.0,2.0,,258.08,1158.7,0.0
54787,1,8.0,Mobile Phone,3,10.0,Credit Card,Male,4.0,5,Mobile Phone,5,Single,5,1,11.0,0.0,2.0,19.0,110.99,599.76,0.0
54788,1,17.0,Computer,3,15.0,COD,Male,4.0,4,Laptop & Accessory,3,Single,13,1,23.0,1.0,4.0,6.0,146.81,921.88,0.25
54789,0,13.0,Phone,1,17.0,UPI,Male,2.0,2,Mobile Phone,4,Married,5,0,17.0,0.0,1.0,1.0,169.12,823.66,0.0
54790,0,16.0,Mobile Phone,3,52.0,COD,Male,3.0,5,Fashion,2,Divorced,2,0,16.0,0.0,6.0,2.0,225.01,1253.04,0.0
54791,0,9.0,Computer,1,9.0,Credit Card,Female,3.0,3,Others,3,Divorced,5,0,20.0,1.0,4.0,7.0,294.59,1459.44,0.25
54792,1,20.0,Mobile Phone,1,43.0,UPI,Male,3.0,6,Mobile Phone,5,Married,3,0,16.0,0.0,2.0,9.0,70.66,486.51,0.0
54793,1,11.0,Mobile Phone,1,7.0,E wallet,Male,3.0,4,Mobile Phone,3,Married,4,0,12.0,1.0,1.0,3.0,302.46,1290.35,1.0
54794,1,13.0,Phone,1,22.0,Debit Card,Male,3.0,4,Grocery,2,Divorced,4,1,11.0,3.0,5.0,3.0,205.39,1093.48,0.6
54795,1,4.0,Computer,3,17.0,Debit Card,Male,3.0,3,Laptop & Accessory,2,Married,4,0,22.0,2.0,8.0,1.0,183.82,1234.52,0.25
54796,1,10.0,Mobile Phone,3,25.0,Credit Card,Female,3.0,2,Laptop & Accessory,3,Married,4,1,20.0,1.0,1.0,1.0,169.53,849.21,1.0
54797,0,17.0,Mobile Phone,3,5.0,Debit Card,Female,2.0,2,Laptop & Accessory,2,Married,2,0,15.0,4.0,11.0,5.0,130.33,1110.25,0.364
54798,0,12.0,Mobile Phone,1,6.0,Debit Card,Male,4.0,4,Others,3,Single,4,0,16.0,1.0,2.0,0.0,156.1,811.18,0.5
54799,0,11.0,Mobile Phone,1,6.0,Credit Card,Male,2.0,3,Laptop & Accessory,4,Single,5,1,19.0,2.0,4.0,4.0,154.83,920.35,0.5
54800,0,14.0,Mobile Phone,1,,Credit Card,Female,1.0,3,Fashion,5,Married,4,1,14.0,0.0,2.0,1.0,124.5,675.1,0.0
54801,1,11.0,Mobile Phone,1,16.0,UPI,Female,2.0,5,Mobile Phone,1,Married,6,0,13.0,2.0,,1.0,211.72,998.54,1.0
54802,0,10.0,Phone,1,33.0,Credit Card,Female,2.0,3,Laptop & Accessory,4,Married,6,0,,0.0,2.0,2.0,151.89,779.18,0.0
54803,0,17.0,Computer,1,13.0,Credit Card,Male,3.0,4,Grocery,1,Divorced,4,0,16.0,4.0,8.0,3.0,194.97,1228.89,0.5
54804,0,9.0,Mobile Phone,1,6.0,Debit Card,Male,3.0,3,Mobile Phone,3,Divorced,3,0,20.0,1.0,3.0,5.0,209.14,1089.73,0.333
54805,0,4.0,Mobile Phone,1,8.0,Credit Card,Male,3.0,3,Mobile Phone,5,Married,5,0,11.0,1.0,1.0,1.0,211.62,937.16,1.0
54806,1,25.0,Computer,1,5.0,Credit Card,Female,2.0,4,Laptop & Accessory,1,Divorced,4,1,14.0,1.0,3.0,2.0,174.64,910.63,0.333
54807,1,6.0,Phone,1,23.0,E wallet,Female,2.0,4,Laptop & Accessory,1,Married,5,0,11.0,1.0,1.0,1.0,155.96,725.65,1.0
54808,1,3.0,Computer,3,25.0,Credit Card,Male,3.0,2,Fashion,3,Single,3,0,24.0,1.0,1.0,3.0,222.41,1082.16,1.0
54809,0,15.0,Mobile Phone,1,79.0,Credit Card,Male,3.0,3,Laptop & Accessory,5,Married,6,0,15.0,0.0,1.0,1.0,213.43,976.03,0.0
54810,0,26.0,Mobile Phone,1,11.0,Credit Card,Female,2.0,4,Mobile Phone,1,Married,4,0,21.0,2.0,3.0,10.0,159.93,910.73,0.667
54811,0,15.0,Mobile Phone,3,5.0,E wallet,Female,2.0,2,Laptop & Accessory,2,Single,1,0,11.0,1.0,2.0,0.0,96.07,543.07,0.5
54812,0,22.0,Phone,3,8.0,COD,Female,2.0,3,Fashion,4,Married,2,0,21.0,3.0,,,73.39,581.88,1.0
54813,0,5.0,Mobile Phone,2,,Debit Card,Female,1.0,4,Fashion,2,Married,5,0,20.0,1.0,1.0,6.0,253.51,1168.34,1.0
54814,1,4.0,Phone,1,44.0,Credit Card,Male,2.0,4,Fashion,1,Single,4,1,11.0,5.0,10.0,10.0,186.97,1248.49,0.5
54815,1,8.0,Mobile Phone,1,6.0,E wallet,Male,3.0,4,Laptop & Accessory,1,Divorced,5,0,15.0,1.0,1.0,1.0,123.37,633.81,1.0
54816,0,19.0,Mobile Phone,3,7.0,UPI,Female,3.0,3,Mobile Phone,3,Married,3,0,11.0,0.0,1.0,5.0,87.27,464.63,0.0
54817,0,14.0,Phone,3,20.0,Credit Card,Female,1.0,3,Laptop & Accessory,3,Single,4,0,17.0,0.0,1.0,6.0,236.74,1080.61,0.0
54818,0,15.0,Mobile Phone,1,18.0,Debit Card,Male,3.0,4,Laptop & Accessory,4,Married,3,1,22.0,1.0,3.0,4.0,168.02,949.48,0.333
54819,1,,Phone,1,8.0,Debit Card,Male,3.0,2,Laptop & Accessory,2,Married,4,0,18.0,2.0,4.0,9.0,235.41,1218.56,0.5
54820,0,8.0,Mobile Phone,1,25.0,Credit Card,Female,3.0,3,Grocery,3,Married,4,0,16.0,0.0,1.0,3.0,162.44,790.27,0.0
54821,0,11.0,Mobile Phone,1,7.0,Credit Card,Male,2.0,4,Others,4,Married,4,0,21.0,3.0,4.0,6.0,282.09,1419.94,0.75
54822,1,9.0,Mobile Phone,1,36.0,Debit Card,Male,3.0,4,Mobile Phone,2,Single,4,1,15.0,,1.0,1.0,233.47,1052.19,1.0
54823,0,7.0,Mobile Phone,1,8.0,Debit Card,Female,3.0,2,Mobile Phone,3,Married,4,0,20.0,0.0,1.0,16.0,113.34,635.69,0.0
54824,0,13.0,Mobile Phone,3,6.0,Credit Card,Female,3.0,3,Mobile Phone,4,Married,4,0,11.0,0.0,1.0,4.0,252.47,1092.39,0.0
54825,0,8.0,Phone,1,10.0,COD,Female,3.0,3,Laptop & Accessory,5,Married,6,0,18.0,2.0,4.0,6.0,119.1,776.58,0.5
54826,0,12.0,Computer,2,7.0,UPI,Male,2.0,4,Fashion,4,Single,6,0,17.0,1.0,1.0,2.0,196.24,926.71,1.0
54827,0,2.0,Mobile Phone,1,14.0,Credit Card,Male,3.0,4,Mobile Phone,5,Married,3,0,13.0,0.0,1.0,2.0,218.72,980.14,0.0
54828,0,11.0,Mobile Phone,1,19.0,E wallet,Male,3.0,3,Mobile Phone,5,Divorced,7,0,12.0,3.0,5.0,1.0,155.27,911.03,0.6
54829,0,8.0,Computer,1,13.0,Debit Card,Female,2.0,1,Fashion,5,Married,3,0,,,2.0,14.0,113.65,609.87,1.0
54830,0,23.0,Mobile Phone,3,18.0,Credit Card,Female,3.0,4,Grocery,4,Divorced,4,0,13.0,4.0,11.0,11.0,99.35,976.53,0.364
54831,0,3.0,Mobile Phone,1,10.0,Debit Card,Male,4.0,5,Mobile Phone,2,Married,5,0,,0.0,1.0,1.0,162.95,832.21,0.0
54832,1,11.0,Mobile Phone,1,5.0,E wallet,Male,3.0,4,Mobile Phone,3,Married,3,1,16.0,0.0,3.0,1.0,212.29,1069.7,0.0
54833,1,17.0,Phone,3,49.0,COD,Male,3.0,4,Others,4,Single,2,1,14.0,1.0,1.0,,200.55,919.09,1.0
54834,1,9.0,Mobile Phone,1,26.0,UPI,Male,3.0,5,Mobile Phone,3,Married,3,1,11.0,1.0,1.0,1.0,184.85,835.43,1.0
54835,0,8.0,Phone,3,6.0,Credit Card,Male,2.0,3,Fashion,2,Divorced,2,0,19.0,3.0,4.0,,177.21,1005.4,0.75
54836,0,17.0,Mobile Phone,3,12.0,E wallet,Female,3.0,3,Laptop & Accessory,4,Divorced,6,0,19.0,4.0,7.0,1.0,179.81,1150.28,0.571
54837,0,14.0,Mobile Phone,3,17.0,COD,Female,3.0,1,Laptop & Accessory,5,Single,4,0,18.0,2.0,6.0,5.0,118.44,864.07,0.333
54838,1,14.0,Mobile Phone,1,8.0,Debit Card,Female,4.0,5,Mobile Phone,3,Married,4,1,11.0,1.0,5.0,0.0,275.28,1359.06,0.2
54839,0,7.0,Phone,1,15.0,E wallet,Female,3.0,3,Laptop & Accessory,4,Divorced,6,0,16.0,1.0,3.0,1.0,218.29,1092.5,0.333
54840,0,7.0,Phone,3,,Debit Card,Male,3.0,3,Grocery,4,Single,4,1,17.0,0.0,1.0,3.0,224.03,1032.31,0.0
54841,1,12.0,Mobile Phone,1,8.0,UPI,Female,,1,Mobile Phone,2,Married,6,1,16.0,0.0,1.0,,149.55,741.29,0.0
54842,1,18.0,Mobile Phone,1,7.0,Debit Card,Male,4.0,3,Grocery,1,Divorced,3,0,11.0,0.0,1.0,4.0,169.61,777.52,0.0
54843,0,3.0,Phone,3,22.0,Debit Card,Male,3.0,1,Laptop & Accessory,5,Divorced,4,1,17.0,0.0,1.0,2.0,159.4,786.72,0.0
54844,0,9.0,Computer,1,10.0,E wallet,Male,1.0,3,Laptop & Accessory,5,Single,5,0,11.0,2.0,9.0,4.0,181.76,1183.69,0.222
54845,0,7.0,Mobile Phone,2,8.0,Debit Card,Male,4.0,5,Laptop & Accessory,5,Single,7,1,22.0,1.0,1.0,1.0,231.96,1102.45,1.0
54846,0,10.0,Phone,3,21.0,Debit Card,Male,2.0,2,Laptop & Accessory,3,Married,3,0,11.0,1.0,,14.0,201.21,942.6,0.5
54847,0,16.0,Mobile Phone,3,21.0,Credit Card,Male,2.0,3,Mobile Phone,3,Divorced,5,0,21.0,3.0,7.0,1.0,87.83,816.75,0.429
54848,0,5.0,Mobile Phone,1,9.0,E wallet,Male,2.0,2,Laptop & Accessory,5,Married,5,1,15.0,0.0,1.0,4.0,217.83,992.75,0.0
54849,1,15.0,Mobile Phone,1,30.0,Debit Card,Female,3.0,4,Mobile Phone,5,Married,3,1,15.0,2.0,4.0,3.0,66.76,553.69,0.5
54850,0,8.0,Phone,1,19.0,E wallet,Male,3.0,3,Fashion,5,Divorced,6,0,16.0,2.0,3.0,2.0,179.74,946.01,0.667
54851,0,19.0,Mobile Phone,1,10.0,E wallet,Male,3.0,3,Laptop & Accessory,3,Married,9,0,15.0,1.0,2.0,3.0,160.81,821.08,0.5
54852,0,6.0,Computer,1,12.0,Credit Card,Female,1.0,4,Laptop & Accessory,4,Married,3,1,11.0,3.0,7.0,1.0,142.53,944.61,0.429
54853,1,18.0,Phone,1,21.0,Credit Card,Female,3.0,4,Mobile Phone,4,Married,4,0,14.0,1.0,1.0,3.0,72.21,431.4,1.0
54854,0,4.0,Computer,1,8.0,Debit Card,Male,3.0,5,Mobile Phone,4,Married,4,0,14.0,1.0,1.0,10.0,168.61,797.72,1.0
54855,0,11.0,Mobile Phone,1,13.0,Debit Card,Male,4.0,1,Grocery,4,Single,3,0,11.0,,3.0,1.0,166.06,854.03,0.0
54856,0,15.0,Mobile Phone,3,18.0,Debit Card,Female,3.0,3,Mobile Phone,4,Single,4,0,13.0,1.0,,4.0,128.52,637.38,1.0
54857,0,6.0,Computer,1,14.0,Debit Card,Male,2.0,6,Grocery,4,Divorced,4,1,15.0,0.0,1.0,7.0,175.8,833.04,0.0
54858,1,1.0,Phone,1,16.0,Credit Card,Male,3.0,4,Laptop & Accessory,2,Single,4,1,11.0,,7.0,8.0,150.88,976.34,0.286
54859,1,7.0,Computer,2,14.0,Debit Card,Male,2.0,4,Laptop & Accessory,3,Single,5,1,15.0,0.0,1.0,1.0,190.8,890.04,0.0
54860,0,10.0,Mobile Phone,3,8.0,E wallet,Female,1.0,4,Fashion,4,Married,1,0,15.0,1.0,2.0,6.0,186.85,920.03,0.5
54861,0,8.0,Mobile Phone,1,11.0,Credit Card,Male,3.0,4,Fashion,2,Married,3,0,14.0,2.0,3.0,6.0,186.58,956.0,0.667
54862,0,7.0,Phone,1,14.0,UPI,Male,3.0,4,Mobile Phone,5,Married,3,0,13.0,2.0,2.0,4.0,234.69,1085.82,1.0
54863,0,17.0,Mobile Phone,1,23.0,Debit Card,Male,3.0,2,Mobile Phone,5,Married,4,1,15.0,0.0,1.0,2.0,81.65,475.27,0.0
54864,1,21.0,Phone,1,18.0,Debit Card,Female,3.0,4,Laptop & Accessory,5,Single,7,1,15.0,1.0,2.0,0.0,151.51,785.74,0.5
54865,1,20.0,Mobile Phone,3,12.0,Credit Card,Female,3.0,4,Laptop & Accessory,3,Single,5,1,11.0,0.0,2.0,0.0,135.11,691.42,0.0
54866,1,13.0,Mobile Phone,3,49.0,Debit Card,Female,2.0,1,Laptop & Accessory,1,Single,5,1,16.0,0.0,1.0,4.0,177.74,848.41,0.0
54867,0,15.0,Mobile Phone,1,6.0,E wallet,Male,2.0,3,Laptop & Accessory,1,Divorced,2,0,20.0,0.0,1.0,2.0,229.93,1078.73,0.0
54868,0,5.0,Mobile Phone,2,8.0,Credit Card,Female,2.0,3,Fashion,3,Married,3,0,12.0,0.0,3.0,1.0,247.09,1169.94,0.0
54869,0,10.0,Mobile Phone,3,10.0,Credit Card,Male,4.0,4,Laptop & Accessory,3,Married,7,0,18.0,0.0,1.0,,141.77,727.73,0.0
54870,1,11.0,Phone,3,8.0,Debit Card,Male,3.0,4,Laptop & Accessory,2,Married,4,1,12.0,3.0,,12.0,184.54,932.25,1.0
54871,1,12.0,Mobile Phone,1,17.0,Debit Card,Female,3.0,4,Others,2,Married,4,0,15.0,1.0,1.0,1.0,235.04,1058.15,1.0
54872,0,12.0,Mobile Phone,1,5.0,Credit Card,Female,2.0,4,Mobile Phone,3,Married,7,0,12.0,1.0,2.0,5.0,105.96,588.65,0.5
54873,0,10.0,Computer,1,7.0,Debit Card,Female,2.0,3,Laptop & Accessory,3,Married,2,0,,0.0,1.0,0.0,71.49,404.66,0.0
54874,1,13.0,Mobile Phone,1,9.0,Debit Card,Female,4.0,4,Mobile Phone,3,Single,3,1,14.0,2.0,5.0,5.0,199.22,1094.04,0.4
54875,0,12.0,Mobile Phone,1,19.0,Credit Card,Male,4.0,3,Fashion,2,Married,7,0,16.0,4.0,6.0,5.0,210.33,1197.25,0.667
54876,0,12.0,Phone,3,30.0,Debit Card,Male,1.0,4,Laptop & Accessory,5,Divorced,4,0,16.0,1.0,3.0,11.0,147.95,825.21,0.333
54877,1,6.0,Computer,3,24.0,E wallet,Male,4.0,3,Fashion,3,Single,2,1,12.0,0.0,1.0,,225.01,996.04,0.0
54878,0,4.0,Mobile Phone,3,7.0,Debit Card,Male,3.0,1,Laptop & Accessory,2,Married,3,0,12.0,1.0,6.0,0.0,242.79,1288.6,0.167
54879,0,12.0,Mobile Phone,1,15.0,Debit Card,Female,2.0,3,Mobile Phone,1,Married,5,1,18.0,2.0,4.0,14.0,180.38,1009.44,0.5
54880,0,7.0,Phone,1,5.0,Debit Card,Male,2.0,3,Laptop & Accessory,2,Married,4,0,12.0,1.0,5.0,0.0,187.26,1032.59,0.2
54881,0,6.0,Mobile Phone,1,9.0,Debit Card,Female,3.0,4,Mobile Phone,3,Single,1,0,16.0,0.0,2.0,1.0,131.84,718.99,0.0
54882,0,15.0,Phone,1,25.0,Debit Card,Male,3.0,3,Mobile Phone,4,Single,4,1,11.0,0.0,2.0,6.0,219.88,1013.54,0.0
54883,0,10.0,Computer,3,12.0,Debit Card,Male,4.0,2,Fashion,5,Single,3,1,13.0,0.0,3.0,5.0,190.5,962.9,0.0
54884,0,23.0,Computer,1,7.0,Debit Card,Male,2.0,6,Mobile Phone,3,Married,3,0,11.0,0.0,2.0,6.0,253.43,1141.03,0.0
54885,0,14.0,Mobile Phone,3,,Debit Card,Female,3.0,3,Fashion,4,Divorced,7,1,16.0,0.0,1.0,,123.19,641.12,0.0
54886,1,6.0,Mobile Phone,1,8.0,E wallet,Female,2.0,6,Laptop & Accessory,5,Single,7,1,14.0,0.0,5.0,2.0,186.89,1047.18,0.0
54887,0,15.0,Computer,1,11.0,E wallet,Female,2.0,5,Mobile Phone,3,Single,2,0,13.0,0.0,1.0,4.0,219.03,981.31,0.0
54888,1,13.0,Mobile Phone,2,13.0,Debit Card,Female,2.0,3,Laptop & Accessory,2,Married,4,1,20.0,4.0,4.0,1.0,236.42,1238.4,1.0
54889,0,6.0,Mobile Phone,1,10.0,Debit Card,Female,4.0,2,Mobile Phone,3,Married,10,0,12.0,3.0,6.0,1.0,161.77,980.73,0.5
54890,0,7.0,Phone,1,38.0,Credit Card,Female,3.0,4,Mobile Phone,5,Married,1,0,18.0,2.0,2.0,1.0,160.39,843.48,1.0
54891,1,15.0,Mobile Phone,1,15.0,E wallet,Male,2.0,4,Laptop & Accessory,1,Married,4,1,16.0,0.0,1.0,2.0,192.78,905.56,0.0
54892,0,2.0,Mobile Phone,2,27.0,COD,Male,3.0,3,Laptop & Accessory,3,Married,3,0,21.0,1.0,1.0,10.0,225.28,1069.06,1.0
54893,1,2.0,Computer,3,22.0,Debit Card,Male,3.0,3,Fashion,4,Single,3,0,21.0,1.0,3.0,12.0,156.67,898.35,0.333
54894,1,11.0,Mobile Phone,3,18.0,Credit Card,Female,2.0,4,Laptop & Accessory,4,Single,3,1,13.0,0.0,2.0,10.0,152.14,772.13,0.0
54895,1,11.0,Mobile Phone,3,13.0,E wallet,Female,4.0,3,Laptop & Accessory,3,Divorced,11,1,18.0,0.0,3.0,1.0,222.52,1124.58,0.0
54896,1,,Mobile Phone,3,5.0,E wallet,Female,4.0,2,Mobile Phone,3,Married,3,0,24.0,4.0,8.0,4.0,173.44,1211.07,0.5
54897,0,11.0,Phone,3,16.0,Debit Card,Male,3.0,5,Laptop & Accessory,4,Divorced,7,0,17.0,1.0,2.0,5.0,111.32,649.02,0.5
54898,0,13.0,Mobile Phone,1,10.0,Credit Card,Male,3.0,5,Laptop & Accessory,4,Married,5,0,14.0,1.0,3.0,3.0,177.98,923.32,0.333
54899,0,21.0,Mobile Phone,1,7.0,Debit Card,Male,3.0,3,Mobile Phone,3,Married,5,0,11.0,1.0,1.0,4.0,163.89,755.78,1.0
54900,1,10.0,Phone,1,12.0,Debit Card,Male,2.0,2,Laptop & Accessory,3,Married,3,1,11.0,1.0,1.0,1.0,232.22,1015.44,1.0
54901,1,3.0,Computer,3,,Credit Card,Male,3.0,4,Grocery,3,Single,6,1,11.0,1.0,2.0,10.0,139.5,708.1,0.5
54902,1,2.0,Mobile Phone,1,44.0,Debit Card,Male,2.0,3,Grocery,5,Single,3,0,24.0,2.0,3.0,1.0,197.0,1075.6,0.667
54903,1,8.0,Computer,1,11.0,E wallet,Female,4.0,2,Mobile Phone,2,Divorced,5,1,15.0,5.0,10.0,8.0,184.9,1272.62,0.5
54904,0,8.0,Mobile Phone,3,14.0,E wallet,Male,3.0,4,Laptop & Accessory,2,Single,5,0,16.0,1.0,2.0,0.0,182.01,909.64,0.5
54905,1,4.0,Phone,1,28.0,E wallet,Female,1.0,6,Mobile Phone,2,Single,4,1,13.0,4.0,6.0,2.0,255.55,1345.09,0.667
54906,0,1.0,Mobile Phone,3,10.0,Debit Card,Female,3.0,3,Laptop & Accessory,5,Married,4,0,17.0,2.0,4.0,1.0,265.2,1323.76,0.5
54907,0,7.0,Mobile Phone,2,7.0,Debit Card,Male,3.0,4,Mobile Phone,4,Married,3,1,15.0,4.0,6.0,1.0,211.43,1193.43,0.667
54908,0,26.0,Phone,1,9.0,Debit Card,Male,4.0,2,Laptop & Accessory,3,Single,2,0,11.0,3.0,5.0,5.0,169.59,957.44,0.6
54909,0,13.0,Mobile Phone,2,33.0,Credit Card,Female,3.0,3,Mobile Phone,5,Married,4,0,11.0,0.0,,,189.68,898.78,0.0
54910,0,12.0,Mobile Phone,3,7.0,Credit Card,Female,3.0,2,Laptop & Accessory,5,Married,3,0,11.0,0.0,1.0,7.0,213.56,944.53,0.0
54911,0,9.0,Mobile Phone,1,10.0,Credit Card,Male,2.0,2,Mobile Phone,3,Divorced,4,0,13.0,2.0,2.0,2.0,188.75,911.25,1.0
54912,0,8.0,Phone,3,12.0,Credit Card,Male,3.0,3,Laptop & Accessory,3,Married,2,0,14.0,0.0,1.0,4.0,196.96,905.45,0.0
54913,0,14.0,Mobile Phone,3,28.0,Credit Card,Female,2.0,4,Mobile Phone,5,Divorced,5,0,18.0,3.0,3.0,2.0,104.62,676.56,1.0
54914,1,4.0,Mobile Phone,1,38.0,Debit Card,Male,2.0,3,Laptop & Accessory,3,Married,6,1,21.0,1.0,1.0,0.0,225.81,1071.08,1.0
54915,0,31.0,Mobile Phone,1,12.0,Credit Card,Male,3.0,3,Grocery,3,Married,3,0,12.0,,2.0,,268.81,1207.48,0.0
54916,1,4.0,Mobile Phone,1,37.0,Credit Card,Female,3.0,3,Mobile Phone,5,Divorced,6,0,13.0,0.0,1.0,1.0,206.69,934.42,0.0
54917,1,14.0,Mobile Phone,1,7.0,E wallet,Female,5.0,4,Laptop & Accessory,4,Single,2,1,,1.0,1.0,5.0,188.01,935.44,1.0
54918,1,5.0,Mobile Phone,1,7.0,Credit Card,Male,3.0,3,Laptop & Accessory,1,Married,5,0,21.0,1.0,2.0,1.0,324.99,1492.96,0.5
54919,0,11.0,Mobile Phone,2,41.0,Debit Card,Female,3.0,2,Laptop & Accessory,1,Married,4,0,11.0,1.0,4.0,4.0,131.52,767.78,0.25
54920,0,15.0,Mobile Phone,1,14.0,Credit Card,Female,4.0,2,Mobile Phone,5,Divorced,3,0,22.0,1.0,3.0,0.0,239.73,1221.97,0.333
54921,1,3.0,Phone,3,7.0,E wallet,Female,4.0,2,Laptop & Accessory,1,Married,3,0,12.0,1.0,2.0,6.0,144.49,735.06,0.5
54922,0,5.0,Phone,1,13.0,Debit Card,Male,3.0,3,Mobile Phone,5,Single,8,0,14.0,0.0,1.0,1.0,247.98,1099.32,0.0
54923,1,5.0,Computer,1,23.0,E wallet,Male,3.0,2,Laptop & Accessory,3,Divorced,2,1,18.0,0.0,1.0,,98.0,561.4,0.0
54924,0,8.0,Mobile Phone,1,26.0,Debit Card,Male,4.0,4,Fashion,4,Married,6,0,13.0,1.0,2.0,2.0,248.72,1139.14,0.5
54925,0,12.0,Computer,3,29.0,Credit Card,Male,3.0,5,Mobile Phone,3,Married,5,0,13.0,,7.0,3.0,201.91,1186.26,0.571
54926,0,27.0,Mobile Phone,1,15.0,COD,Female,3.0,3,Fashion,3,Married,4,0,13.0,1.0,3.0,1.0,147.6,799.88,0.333
54927,1,7.0,Computer,1,29.0,Credit Card,Female,2.0,3,Grocery,1,Married,5,1,20.0,1.0,1.0,4.0,124.66,678.71,1.0
54928,0,26.0,Mobile Phone,3,14.0,Credit Card,Female,3.0,3,Others,2,Single,2,0,13.0,2.0,4.0,10.0,229.79,1157.2,0.5
54929,0,13.0,Mobile Phone,1,,Debit Card,Male,2.0,6,Laptop & Accessory,4,Single,5,0,14.0,1.0,3.0,4.0,301.75,1393.65,0.333
54930,0,4.0,Mobile Phone,1,22.0,Debit Card,Female,2.0,2,Fashion,3,Divorced,3,0,15.0,3.0,6.0,3.0,190.65,1114.47,0.5
54931,1,9.0,Mobile Phone,1,12.0,Credit Card,Male,4.0,4,Mobile Phone,3,Single,7,1,11.0,1.0,3.0,,162.19,839.32,0.333
54932,1,3.0,Computer,3,6.0,Credit Card,Male,3.0,3,Mobile Phone,1,Married,3,0,16.0,1.0,1.0,2.0,223.4,1021.92,1.0
54933,0,8.0,Phone,1,10.0,Debit Card,Male,3.0,3,Fashion,3,Married,3,0,19.0,1.0,5.0,1.0,46.91,555.26,0.2
54934,0,8.0,Computer,1,17.0,UPI,Male,3.0,3,Laptop & Accessory,3,Divorced,2,0,15.0,1.0,,2.0,260.7,1200.66,0.5
54935,0,11.0,Phone,1,8.0,Debit Card,Male,2.0,2,Mobile Phone,1,Married,2,0,13.0,2.0,3.0,2.0,207.75,1028.45,0.667
54936,1,15.0,Mobile Phone,3,7.0,Credit Card,Male,1.0,3,Mobile Phone,1,Married,5,0,11.0,,2.0,5.0,231.85,1059.03,0.5
54937,0,9.0,Mobile Phone,1,9.0,Credit Card,Male,3.0,2,Laptop & Accessory,3,Single,3,0,13.0,2.0,4.0,2.0,212.52,1091.58,0.5
54938,0,5.0,Computer,1,5.0,Credit Card,Female,,3,Fashion,3,Single,7,0,14.0,2.0,3.0,2.0,219.09,1079.54,0.667
54939,1,22.0,Phone,1,21.0,Credit Card,Male,3.0,4,Laptop & Accessory,2,Married,2,1,11.0,2.0,6.0,4.0,158.9,961.82,0.333
54940,0,,Phone,1,9.0,Debit Card,Female,4.0,4,Mobile Phone,3,Single,3,0,11.0,2.0,2.0,7.0,132.38,681.04,1.0
54941,1,9.0,Mobile Phone,2,7.0,UPI,Male,2.0,3,Grocery,5,Married,7,1,12.0,3.0,5.0,8.0,97.48,691.42,0.6
54942,0,12.0,Mobile Phone,1,19.0,Credit Card,Male,2.0,1,Mobile Phone,5,Married,6,0,11.0,1.0,4.0,4.0,213.74,1080.21,0.25
54943,0,8.0,Computer,3,27.0,Credit Card,Female,4.0,2,Grocery,3,Married,3,0,,1.0,2.0,3.0,114.95,654.81,0.5
54944,1,11.0,Mobile Phone,3,5.0,Credit Card,Male,3.0,4,Laptop & Accessory,3,Single,4,1,17.0,4.0,5.0,5.0,217.25,1186.55,0.8
54945,0,11.0,Mobile Phone,3,8.0,Debit Card,Male,2.0,3,Mobile Phone,5,Married,5,0,13.0,2.0,3.0,0.0,180.34,924.29,0.667
54946,0,4.0,Mobile Phone,1,40.0,E wallet,Female,2.0,5,Mobile Phone,5,Married,3,0,14.0,2.0,2.0,4.0,99.85,581.43,1.0
54947,1,8.0,Phone,3,11.0,Credit Card,Male,3.0,4,Mobile Phone,3,Single,1,1,18.0,0.0,1.0,2.0,133.61,696.72,0.0
54948,1,18.0,Mobile Phone,1,38.0,Credit Card,Female,3.0,2,Laptop & Accessory,4,Married,10,1,15.0,0.0,1.0,3.0,276.52,1215.78,0.0
54949,0,18.0,Mobile Phone,2,9.0,E wallet,Male,3.0,4,Mobile Phone,3,Married,3,0,18.0,1.0,1.0,,215.16,1006.61,1.0
54950,0,8.0,Mobile Phone,1,8.0,UPI,Male,3.0,4,Laptop & Accessory,2,Single,6,0,11.0,2.0,4.0,1.0,83.3,584.54,0.5
54951,0,12.0,Mobile Phone,3,8.0,Credit Card,Female,4.0,4,Laptop & Accessory,4,Married,2,0,16.0,2.0,2.0,,171.46,869.55,1.0
54952,0,8.0,Mobile Phone,1,6.0,E wallet,Male,3.0,4,Mobile Phone,3,Single,7,0,19.0,0.0,2.0,6.0,166.32,874.02,0.0
54953,0,15.0,Mobile Phone,3,32.0,Debit Card,Male,1.0,3,Mobile Phone,2,Divorced,11,0,25.0,,5.0,2.0,156.43,1019.43,0.6
54954,0,3.0,Computer,3,52.0,Credit Card,Male,3.0,4,Grocery,1,Married,6,0,21.0,1.0,3.0,6.0,60.25,531.95,0.333
54955,0,14.0,Computer,2,42.0,Debit Card,Male,3.0,4,Mobile Phone,5,Single,3,0,13.0,,7.0,6.0,206.73,1204.57,0.571
54956,0,23.0,Mobile Phone,3,28.0,Debit Card,Female,2.0,4,Mobile Phone,5,Single,7,0,11.0,1.0,2.0,0.0,213.05,987.59,0.5
54957,1,6.0,Phone,1,28.0,Debit Card,Female,1.0,4,Laptop & Accessory,1,Married,8,0,14.0,1.0,1.0,,131.94,658.37,1.0
54958,0,21.0,Phone,1,18.0,Debit Card,Female,2.0,2,Laptop & Accessory,4,Married,6,0,20.0,0.0,1.0,0.0,17.56,271.73,0.0
54959,0,12.0,Mobile Phone,3,26.0,Debit Card,Male,3.0,3,Mobile Phone,2,Single,7,0,12.0,1.0,1.0,3.0,177.85,816.83,1.0
54960,1,9.0,Mobile Phone,2,8.0,Credit Card,Female,3.0,5,Laptop & Accessory,4,Single,2,1,15.0,,4.0,14.0,270.2,1326.76,0.5
54961,0,8.0,Mobile Phone,1,11.0,Debit Card,Male,2.0,3,Mobile Phone,5,Divorced,7,0,12.0,2.0,2.0,1.0,171.37,837.21,1.0
54962,1,22.0,Mobile Phone,1,17.0,E wallet,Female,3.0,3,Laptop & Accessory,2,Married,8,0,15.0,0.0,1.0,1.0,123.46,634.15,0.0
54963,0,8.0,Mobile Phone,1,30.0,Debit Card,Female,3.0,3,Laptop & Accessory,3,Single,6,0,16.0,0.0,1.0,1.0,249.34,1120.49,0.0
54964,0,25.0,Computer,1,18.0,Debit Card,Male,4.0,2,Fashion,5,Single,4,0,18.0,0.0,1.0,8.0,263.22,1189.24,0.0
54965,1,24.0,Mobile Phone,1,27.0,Credit Card,Female,4.0,2,Fashion,4,Married,8,1,12.0,2.0,3.0,8.0,149.47,798.99,0.667
54966,1,7.0,Phone,1,13.0,Credit Card,Female,4.0,3,Laptop & Accessory,3,Married,3,1,18.0,0.0,1.0,10.0,210.76,989.89,0.0
54967,0,9.0,Mobile Phone,1,20.0,Debit Card,Female,4.0,3,Laptop & Accessory,5,Married,4,1,16.0,3.0,4.0,3.0,172.91,965.06,0.75
54968,1,2.0,Mobile Phone,1,52.0,COD,Female,3.0,4,Grocery,5,Single,3,1,11.0,0.0,2.0,10.0,183.36,874.77,0.0
54969,0,10.0,Mobile Phone,1,7.0,Debit Card,Female,3.0,3,Fashion,3,Married,5,0,16.0,1.0,3.0,1.0,165.89,893.38,0.333
54970,1,10.0,Mobile Phone,1,36.0,E wallet,Female,2.0,4,Fashion,1,Single,2,0,16.0,0.0,1.0,4.0,124.48,646.02,0.0
54971,1,20.0,Phone,1,14.0,Debit Card,Female,3.0,3,Laptop & Accessory,3,Married,10,1,19.0,1.0,5.0,3.0,118.41,826.96,0.2
54972,0,25.0,Phone,3,17.0,UPI,Male,2.0,4,Mobile Phone,4,Married,6,0,13.0,1.0,2.0,2.0,126.68,675.38,0.5
54973,1,16.0,Mobile Phone,1,30.0,Credit Card,Female,3.0,4,Laptop & Accessory,2,Divorced,6,1,13.0,2.0,2.0,6.0,170.26,840.99,1.0
54974,1,19.0,Phone,3,11.0,UPI,Male,1.0,2,Laptop & Accessory,1,Married,7,0,11.0,3.0,4.0,6.0,214.3,1082.34,0.75
54975,0,9.0,Computer,3,12.0,Debit Card,Female,2.0,3,Laptop & Accessory,3,Married,5,0,11.0,0.0,1.0,6.0,264.42,1137.8,0.0
54976,1,4.0,Phone,1,14.0,Debit Card,Female,2.0,4,Laptop & Accessory,1,Married,5,1,14.0,2.0,2.0,4.0,189.51,922.14,1.0
54977,0,12.0,Mobile Phone,1,5.0,Credit Card,Male,4.0,4,Others,4,Single,4,0,15.0,2.0,3.0,2.0,136.75,774.65,0.667
54978,1,20.0,Phone,1,13.0,Credit Card,Female,2.0,5,Mobile Phone,2,Married,5,1,11.0,1.0,4.0,5.0,155.34,858.29,0.25
54979,0,1.0,Mobile Phone,1,9.0,Debit Card,Female,4.0,3,Mobile Phone,4,Married,4,0,18.0,1.0,1.0,1.0,241.17,1105.45,1.0
54980,0,11.0,Computer,1,37.0,Debit Card,Male,2.0,5,Grocery,2,Married,3,0,18.0,0.0,2.0,1.0,266.65,1247.27,0.0
54981,0,2.0,Mobile Phone,1,6.0,E wallet,Male,3.0,3,Laptop & Accessory,5,Single,5,0,11.0,0.0,1.0,14.0,117.57,579.77,0.0
54982,0,6.0,Mobile Phone,1,12.0,Debit Card,Male,2.0,2,Laptop & Accessory,3,Married,6,0,13.0,7.0,12.0,4.0,136.38,1162.24,0.583
54983,0,11.0,Mobile Phone,1,40.0,Credit Card,Female,2.0,3,Laptop & Accessory,1,Married,5,0,17.0,3.0,4.0,6.0,177.39,990.08,0.75
54984,0,25.0,Mobile Phone,3,33.0,Credit Card,Male,5.0,2,Grocery,4,Married,4,0,17.0,1.0,2.0,3.0,270.85,1255.23,0.5
54985,0,10.0,Computer,1,20.0,Credit Card,Female,2.0,4,Mobile Phone,3,Married,2,0,12.0,1.0,1.0,0.0,222.4,986.12,1.0
54986,0,15.0,Mobile Phone,3,16.0,Debit Card,Male,2.0,5,Mobile Phone,4,Married,4,1,20.0,0.0,1.0,3.0,172.56,860.73,0.0
54987,0,,Mobile Phone,1,9.0,Credit Card,Male,3.0,5,Fashion,5,Single,3,1,11.0,7.0,13.0,3.0,213.24,1483.31,0.538
54988,0,6.0,Computer,1,10.0,Debit Card,Male,3.0,4,Laptop & Accessory,3,Divorced,5,0,13.0,2.0,3.0,0.0,228.0,1105.4,0.667
54989,0,13.0,Mobile Phone,1,6.0,Debit Card,Male,5.0,3,Laptop & Accessory,5,Single,7,1,19.0,1.0,3.0,1.0,146.55,843.89,0.333
54990,1,4.0,Mobile Phone,3,24.0,Credit Card,Male,3.0,6,Mobile Phone,3,Single,3,0,16.0,1.0,1.0,,156.77,768.73,1.0
54991,1,10.0,Phone,1,10.0,UPI,Male,3.0,3,Fashion,4,Single,2,1,14.0,3.0,4.0,10.0,213.89,1104.78,0.75
54992,1,22.0,Mobile Phone,1,18.0,Debit Card,Female,3.0,5,Laptop & Accessory,1,Married,5,0,23.0,1.0,1.0,0.0,139.86,760.47,1.0
54993,0,11.0,Mobile Phone,3,10.0,Debit Card,Male,,5,Laptop & Accessory,5,Single,5,1,14.0,3.0,4.0,6.0,211.34,1095.09,0.75
54994,1,12.0,Mobile Phone,2,12.0,Credit Card,Female,3.0,3,Mobile Phone,2,Single,6,0,11.0,2.0,6.0,3.0,228.44,1226.07,0.333
54995,0,8.0,Phone,1,,Debit Card,Male,2.0,1,Laptop & Accessory,3,Married,2,0,11.0,2.0,2.0,0.0,161.81,792.88,1.0
54996,0,3.0,Computer,3,24.0,Credit Card,Male,3.0,3,Fashion,5,Married,5,0,21.0,3.0,,3.0,159.76,1045.09,0.5
54997,0,9.0,Mobile Phone,3,8.0,COD,Male,2.0,4,Mobile Phone,2,Married,4,0,11.0,0.0,2.0,17.0,152.91,759.06,0.0
54998,1,17.0,Mobile Phone,1,11.0,COD,Female,3.0,4,Mobile Phone,2,Married,3,1,20.0,2.0,4.0,3.0,222.19,1184.32,0.5
54999,0,13.0,Mobile Phone,1,7.0,Debit Card,Male,2.0,4,Grocery,4,Divorced,4,0,14.0,1.0,2.0,1.0,243.2,1126.16,0.5
55000,0,4.0,Computer,3,6.0,Credit Card,Male,2.0,2,Fashion,5,Divorced,4,0,23.0,1.0,1.0,11.0,188.82,946.52,1.0
55001,1,2.0,Mobile Phone,3,16.0,UPI,Female,3.0,2,Laptop & Accessory,4,Single,4,0,18.0,3.0,,0.0,136.87,799.11,1.0
55002,1,6.0,Computer,1,8.0,Debit Card,Female,2.0,5,Mobile Phone,1,Married,6,0,,0.0,1.0,6.0,149.84,742.39,0.0
55003,0,9.0,Mobile Phone,3,6.0,Credit Card,Male,1.0,3,Laptop & Accessory,4,Married,3,0,11.0,0.0,1.0,1.0,193.92,869.9,0.0
55004,0,9.0,Computer,1,32.0,Debit Card,Female,2.0,4,Fashion,3,Single,3,0,13.0,3.0,3.0,6.0,69.93,504.73,1.0
55005,0,9.0,Phone,1,14.0,Debit Card,Female,2.0,5,Mobile Phone,5,Single,3,0,19.0,2.0,3.0,1.0,93.89,643.78,0.667
55006,1,10.0,Phone,1,7.0,COD,Female,2.0,4,Mobile Phone,4,Married,5,1,23.0,3.0,7.0,0.0,154.69,1086.82,0.429
55007,0,13.0,Mobile Phone,1,6.0,E wallet,Male,3.0,3,Fashion,3,Married,2,0,11.0,0.0,1.0,5.0,248.59,1077.64,0.0
55008,0,8.0,Phone,2,7.0,Credit Card,Male,3.0,3,Mobile Phone,3,Married,3,0,12.0,2.0,2.0,2.0,148.18,749.08,1.0
55009,0,5.0,Mobile Phone,1,13.0,E wallet,Female,3.0,4,Fashion,4,Married,8,0,11.0,0.0,1.0,20.0,86.47,461.59,0.0
55010,1,14.0,Mobile Phone,1,18.0,Credit Card,Male,3.0,3,Laptop & Accessory,4,Divorced,5,1,16.0,2.0,2.0,4.0,204.52,995.18,1.0
55011,0,17.0,Mobile Phone,1,17.0,UPI,Female,3.0,4,Laptop & Accessory,1,Married,3,0,18.0,2.0,5.0,,254.97,1337.89,0.4
55012,0,7.0,Computer,1,7.0,Debit Card,Male,1.0,1,Fashion,2,Divorced,4,0,14.0,3.0,7.0,1.0,179.16,1107.81,0.429
55013,0,31.0,Phone,3,17.0,Debit Card,Male,4.0,4,Laptop & Accessory,3,Single,2,0,15.0,1.0,2.0,10.0,133.39,716.88,0.5
55014,0,24.0,Mobile Phone,3,11.0,Debit Card,Female,5.0,6,Mobile Phone,3,Married,4,0,19.0,1.0,3.0,0.0,148.25,850.35,0.333
55015,0,4.0,Phone,1,13.0,Credit Card,Male,2.0,5,Fashion,3,Married,4,0,17.0,0.0,1.0,3.0,123.16,649.01,0.0
55016,1,2.0,Mobile Phone,3,24.0,Debit Card,Male,3.0,3,Mobile Phone,2,Single,3,0,11.0,,4.0,0.0,312.58,1455.8,0.5
55017,0,9.0,Computer,1,10.0,Debit Card,Female,1.0,3,Fashion,5,Married,2,0,11.0,2.0,6.0,6.0,131.7,858.46,0.333
55018,0,12.0,Phone,2,7.0,COD,Male,1.0,3,Mobile Phone,1,Single,4,0,19.0,1.0,2.0,1.0,187.4,954.12,0.5
55019,0,30.0,Phone,3,30.0,UPI,Female,2.0,3,Grocery,5,Divorced,6,0,16.0,3.0,5.0,1.0,160.06,961.23,0.6
55020,0,30.0,Mobile Phone,1,8.0,Credit Card,Male,4.0,3,Mobile Phone,5,Married,6,0,18.0,3.0,10.0,1.0,232.38,1477.04,0.3
55021,0,15.0,Computer,2,9.0,UPI,Male,,4,Mobile Phone,4,Single,5,0,11.0,,3.0,0.0,172.37,878.01,0.333
55022,1,8.0,Computer,1,20.0,UPI,Male,3.0,1,Mobile Phone,1,Married,3,1,19.0,0.0,,3.0,144.12,789.66,0.0
55023,0,20.0,Phone,1,19.0,Credit Card,Female,3.0,3,Grocery,2,Married,5,0,13.0,1.0,2.0,16.0,273.18,1232.08,0.5
55024,0,11.0,Mobile Phone,1,24.0,Credit Card,Male,3.0,3,Laptop & Accessory,5,Married,7,0,17.0,1.0,,5.0,136.47,834.59,0.25
55025,1,4.0,Phone,3,7.0,UPI,Male,2.0,3,Mobile Phone,5,Divorced,6,1,15.0,1.0,4.0,14.0,199.88,1059.54,0.25
55026,0,4.0,Phone,1,10.0,Credit Card,Female,4.0,2,Laptop & Accessory,5,Married,2,0,19.0,0.0,1.0,1.0,155.02,786.08,0.0
55027,0,8.0,Mobile Phone,3,7.0,Debit Card,Female,3.0,3,Laptop & Accessory,5,Married,4,0,17.0,1.0,1.0,,147.49,741.46,1.0
55028,1,18.0,Mobile Phone,3,14.0,Debit Card,Female,3.0,4,Grocery,1,Married,5,0,14.0,1.0,,2.0,115.2,594.76,1.0
55029,0,5.0,Mobile Phone,1,9.0,Credit Card,Male,3.0,4,Laptop & Accessory,4,Married,5,0,13.0,0.0,4.0,6.0,149.06,850.43,0.0
55030,1,8.0,Phone,1,19.0,UPI,Male,4.0,3,Mobile Phone,5,Single,3,0,16.0,,1.0,25.0,186.85,883.03,0.0
55031,0,24.0,Mobile Phone,1,5.0,Credit Card,Female,3.0,3,Mobile Phone,3,Divorced,2,0,13.0,0.0,1.0,9.0,119.18,601.88,0.0
55032,0,13.0,Mobile Phone,1,6.0,UPI,Female,2.0,3,Fashion,3,Married,5,0,22.0,2.0,4.0,4.0,221.0,1195.8,0.5
55033,0,14.0,Phone,1,12.0,E wallet,Female,3.0,1,Fashion,3,Married,2,0,11.0,0.0,2.0,4.0,185.85,884.23,0.0
55034,1,19.0,Mobile Phone,3,43.0,Debit Card,Female,2.0,2,Laptop & Accessory,1,Single,6,0,16.0,0.0,1.0,,118.62,623.76,0.0
55035,1,8.0,Mobile Phone,3,32.0,E wallet,Female,5.0,4,Mobile Phone,1,Single,3,1,12.0,1.0,5.0,1.0,185.73,1026.77,0.2
55036,1,,Mobile Phone,1,66.0,Debit Card,Male,3.0,1,Laptop & Accessory,1,Single,6,0,21.0,0.0,2.0,8.0,198.04,1010.55,0.0
55037,0,15.0,Computer,1,11.0,Credit Card,Female,2.0,1,Mobile Phone,3,Single,7,0,19.0,0.0,2.0,,200.49,1003.86,0.0
55038,0,9.0,Phone,1,6.0,E wallet,Female,3.0,2,Mobile Phone,4,Divorced,5,0,11.0,0.0,3.0,0.0,174.53,886.21,0.0
55039,0,22.0,Mobile Phone,1,9.0,Credit Card,Female,3.0,3,Laptop & Accessory,3,Divorced,4,0,16.0,0.0,1.0,0.0,209.64,969.63,0.0
55040,0,15.0,Computer,3,19.0,E wallet,Female,,3,Fashion,5,Single,4,0,16.0,1.0,1.0,1.0,150.99,746.76,1.0
55041,0,10.0,Mobile Phone,3,7.0,Debit Card,Male,2.0,2,Laptop & Accessory,5,Married,5,0,14.0,1.0,1.0,5.0,154.15,742.77,1.0
55042,0,14.0,Computer,1,9.0,E wallet,Female,1.0,2,Laptop & Accessory,2,Single,5,0,16.0,3.0,4.0,14.0,149.02,874.28,0.75
55043,1,5.0,Mobile Phone,1,6.0,Debit Card,Male,2.0,5,Laptop & Accessory,1,Single,2,0,18.0,1.0,1.0,1.0,130.19,683.72,1.0
55044,0,20.0,Mobile Phone,2,13.0,Credit Card,Male,2.0,5,Laptop & Accessory,3,Single,4,0,17.0,2.0,,4.0,174.99,1025.96,0.4
55045,0,30.0,Mobile Phone,1,8.0,Credit Card,Male,3.0,4,Mobile Phone,4,Married,3,1,11.0,0.0,2.0,4.0,225.52,1034.98,0.0
55046,1,3.0,Mobile Phone,1,6.0,Credit Card,Female,4.0,3,Laptop & Accessory,3,Single,7,1,11.0,2.0,6.0,1.0,117.3,803.74,0.333
55047,0,7.0,Mobile Phone,1,11.0,Debit Card,Female,2.0,3,Others,3,Single,3,0,11.0,0.0,1.0,1.0,294.17,1250.85,0.0
55048,0,6.0,Phone,1,10.0,Debit Card,Female,1.0,4,Others,2,Married,1,0,14.0,1.0,3.0,3.0,108.7,660.06,0.333
55049,0,16.0,Computer,1,14.0,Credit Card,Male,3.0,3,Mobile Phone,3,Single,4,0,12.0,2.0,7.0,2.0,197.08,1159.9,0.286
55050,0,11.0,Mobile Phone,1,22.0,Credit Card,Male,4.0,3,Mobile Phone,5,Married,3,1,16.0,2.0,2.0,1.0,249.69,1166.82,1.0
55051,1,7.0,Mobile Phone,1,6.0,Credit Card,Female,3.0,4,Grocery,3,Divorced,3,0,13.0,0.0,1.0,3.0,297.85,1280.83,0.0
55052,0,8.0,Mobile Phone,1,24.0,Credit Card,Male,2.0,3,Fashion,4,Single,3,0,14.0,0.0,,0.0,213.06,1011.63,0.0
55053,1,7.0,Mobile Phone,1,5.0,COD,Male,3.0,3,Laptop & Accessory,1,Married,6,1,15.0,1.0,2.0,4.0,223.37,1058.81,0.5
55054,1,15.0,Phone,1,12.0,UPI,Female,1.0,3,Fashion,1,Married,5,0,11.0,0.0,2.0,1.0,165.75,807.85,0.0
55055,0,11.0,Mobile Phone,1,16.0,Debit Card,Male,4.0,4,Laptop & Accessory,3,Married,3,0,18.0,1.0,2.0,6.0,215.51,1052.94,0.5
55056,0,8.0,Phone,3,43.0,Debit Card,Male,4.0,4,Mobile Phone,4,Single,7,0,15.0,1.0,1.0,4.0,179.04,845.35,1.0
55057,0,7.0,Mobile Phone,1,15.0,Credit Card,Male,3.0,4,Mobile Phone,3,Married,3,0,11.0,1.0,2.0,0.0,166.38,810.24,0.5
55058,0,22.0,Mobile Phone,1,7.0,Debit Card,Female,2.0,3,Mobile Phone,2,Married,2,0,14.0,1.0,1.0,1.0,169.71,801.9,1.0
55059,0,20.0,Mobile Phone,3,14.0,Debit Card,Female,1.0,4,Laptop & Accessory,4,Single,3,0,11.0,2.0,3.0,3.0,176.79,894.8,0.667
55060,1,15.0,Mobile Phone,1,,Debit Card,Female,5.0,5,Laptop & Accessory,2,Married,3,1,17.0,0.0,2.0,2.0,192.62,957.96,0.0
55061,1,19.0,Mobile Phone,2,,Debit Card,Female,3.0,4,Fashion,4,Married,5,1,17.0,3.0,9.0,8.0,100.07,921.27,0.333
55062,0,4.0,Phone,1,8.0,Credit Card,Male,3.0,3,Fashion,5,Married,6,1,15.0,0.0,1.0,,233.08,1050.7,0.0
55063,1,5.0,Mobile Phone,1,,Credit Card,Female,1.0,4,Mobile Phone,3,Single,9,1,,1.0,4.0,10.0,177.36,973.97,0.25
55064,1,4.0,Mobile Phone,1,7.0,Debit Card,Male,3.0,4,Mobile Phone,2,Married,6,0,19.0,1.0,1.0,4.0,119.74,652.01,1.0
55065,0,10.0,Phone,1,21.0,UPI,Male,5.0,4,Mobile Phone,5,Single,6,0,18.0,0.0,3.0,2.0,200.67,1041.55,0.0
55066,0,19.0,Mobile Phone,1,16.0,UPI,Male,3.0,4,Mobile Phone,3,Single,6,0,11.0,2.0,8.0,0.0,225.87,1306.31,0.25
55067,1,7.0,Phone,1,6.0,UPI,Female,2.0,4,Laptop & Accessory,5,Married,5,0,13.0,5.0,6.0,1.0,122.26,838.59,0.833
55068,1,21.0,Mobile Phone,3,31.0,Credit Card,Female,3.0,4,Mobile Phone,4,Married,4,1,18.0,0.0,1.0,,212.46,996.35,0.0
55069,0,7.0,Mobile Phone,1,16.0,Debit Card,Male,2.0,2,Grocery,3,Married,4,0,19.0,2.0,5.0,0.0,148.4,940.92,0.4
55070,0,9.0,Computer,1,10.0,Debit Card,Male,4.0,3,Fashion,4,Married,3,1,24.0,1.0,2.0,3.0,178.6,960.68,0.5
55071,0,7.0,Phone,1,6.0,Debit Card,Female,3.0,2,Mobile Phone,2,Divorced,3,0,18.0,1.0,1.0,5.0,182.27,881.63,1.0
55072,0,9.0,Mobile Phone,3,17.0,Debit Card,Male,3.0,3,Laptop & Accessory,3,Single,6,0,11.0,,1.0,0.0,166.6,766.08,1.0
55073,0,9.0,Mobile Phone,3,11.0,UPI,Female,2.0,4,Grocery,4,Married,6,1,14.0,0.0,1.0,2.0,154.98,745.92,0.0
55074,1,2.0,Computer,3,34.0,COD,Male,2.0,3,Mobile Phone,4,Married,4,1,18.0,1.0,1.0,0.0,194.46,927.95,1.0
55075,1,13.0,Mobile Phone,1,5.0,E wallet,Male,3.0,1,Mobile Phone,4,Divorced,3,0,11.0,,2.0,6.0,112.28,604.66,0.5
55076,0,9.0,Mobile Phone,1,5.0,E wallet,Male,4.0,3,Laptop & Accessory,4,Divorced,3,0,17.0,5.0,7.0,3.0,159.93,1058.73,0.714
55077,0,25.0,Phone,1,41.0,Credit Card,Male,2.0,2,Fashion,1,Married,1,0,13.0,1.0,4.0,5.0,83.94,602.97,0.25
55078,1,14.0,Phone,2,45.0,E wallet,Female,3.0,4,Laptop & Accessory,1,Married,8,0,17.0,0.0,2.0,4.0,143.4,770.92,0.0
55079,1,12.0,Phone,2,5.0,COD,Female,3.0,4,Mobile Phone,2,Single,3,1,18.0,0.0,1.0,9.0,124.28,661.26,0.0
55080,0,24.0,Phone,3,20.0,Credit Card,Male,3.0,4,Mobile Phone,5,Single,5,0,11.0,0.0,1.0,9.0,145.91,687.46,0.0
55081,1,22.0,Phone,1,8.0,Debit Card,Female,3.0,1,Mobile Phone,1,Married,7,0,22.0,0.0,1.0,4.0,176.42,891.4,0.0
55082,1,25.0,Computer,1,20.0,Debit Card,Female,2.0,1,Mobile Phone,2,Single,3,1,11.0,0.0,4.0,,201.78,1034.76,0.0
55083,0,7.0,Phone,1,29.0,Credit Card,Male,3.0,5,Mobile Phone,2,Single,7,0,18.0,2.0,,21.0,266.68,1247.38,1.0
55084,0,4.0,Mobile Phone,1,6.0,Debit Card,Male,4.0,2,Laptop & Accessory,4,Divorced,5,0,20.0,1.0,1.0,1.0,189.83,926.35,1.0
55085,1,2.0,Mobile Phone,1,8.0,UPI,Female,4.0,4,Mobile Phone,3,Divorced,2,1,16.0,2.0,5.0,5.0,99.35,730.53,0.4
55086,0,19.0,Phone,1,5.0,Credit Card,Male,3.0,4,Laptop & Accessory,2,Single,6,0,12.0,0.0,2.0,4.0,144.53,735.21,0.0
55087,0,2.0,Computer,3,6.0,Credit Card,Male,5.0,3,Mobile Phone,3,Divorced,5,0,15.0,1.0,5.0,14.0,129.74,838.01,0.2
55088,0,11.0,Mobile Phone,1,5.0,Debit Card,Female,2.0,3,Mobile Phone,4,Divorced,5,0,11.0,2.0,4.0,0.0,112.46,695.35,0.5
55089,0,3.0,Mobile Phone,3,24.0,Credit Card,Female,3.0,3,Mobile Phone,4,Married,4,0,13.0,,1.0,13.0,236.41,1047.36,1.0
55090,0,20.0,Computer,1,9.0,Credit Card,Male,,5,Fashion,2,Married,4,0,15.0,2.0,3.0,7.0,190.77,979.93,0.667
55091,0,14.0,Phone,1,,E wallet,Male,2.0,3,Mobile Phone,4,Divorced,6,0,16.0,7.0,12.0,1.0,200.82,1431.12,0.583
55092,0,20.0,Mobile Phone,1,24.0,Credit Card,Male,4.0,3,Laptop & Accessory,1,Single,6,0,15.0,3.0,4.0,1.0,104.01,695.24,0.75
55093,0,12.0,Phone,1,,COD,Male,3.0,3,Mobile Phone,4,Married,8,0,,1.0,1.0,1.0,189.58,901.4,1.0
55094,0,5.0,Computer,1,12.0,Credit Card,Male,3.0,2,Laptop & Accessory,4,Single,1,0,16.0,1.0,3.0,5.0,211.82,1067.92,0.333
55095,0,7.0,Computer,1,5.0,Credit Card,Male,2.0,4,Mobile Phone,3,Married,3,0,14.0,2.0,2.0,6.0,183.26,898.39,1.0
55096,0,17.0,Phone,1,15.0,UPI,Male,2.0,3,Mobile Phone,2,Single,1,0,19.0,1.0,1.0,6.0,158.09,797.74,1.0
55097,0,3.0,Mobile Phone,3,7.0,COD,Female,3.0,2,Laptop & Accessory,4,Married,2,1,15.0,0.0,1.0,5.0,242.12,1085.06,0.0
55098,1,7.0,Computer,2,22.0,Debit Card,Male,,2,Mobile Phone,1,Married,9,0,11.0,1.0,2.0,1.0,232.78,1062.56,0.5
55099,0,,Mobile Phone,3,9.0,E wallet,Male,2.0,2,Grocery,5,Single,5,0,16.0,0.0,1.0,0.0,170.18,819.68,0.0
55100,1,9.0,Computer,1,18.0,Debit Card,Male,4.0,2,Fashion,4,Married,7,0,11.0,0.0,1.0,1.0,191.06,859.03,0.0
55101,0,15.0,Mobile Phone,1,17.0,Credit Card,Male,2.0,3,Fashion,4,Divorced,4,0,11.0,1.0,4.0,4.0,170.97,917.69,0.25
55102,0,20.0,Mobile Phone,1,17.0,Debit Card,Male,4.0,4,Fashion,4,Divorced,3,0,19.0,1.0,1.0,2.0,99.02,573.28,1.0
55103,1,3.0,Mobile Phone,3,9.0,Credit Card,Male,2.0,2,Mobile Phone,1,Divorced,6,1,24.0,1.0,2.0,9.0,124.4,754.72,0.5
55104,0,5.0,Mobile Phone,1,9.0,Credit Card,Male,3.0,2,Fashion,5,Married,5,0,18.0,3.0,6.0,,119.82,869.32,0.5
55105,0,4.0,Phone,1,29.0,Credit Card,Male,3.0,3,Laptop & Accessory,5,Married,2,0,18.0,2.0,3.0,1.0,215.75,1098.85,0.667
55106,1,10.0,Computer,1,5.0,Credit Card,Female,3.0,3,Laptop & Accessory,3,Married,3,1,16.0,3.0,7.0,5.0,119.95,898.81,0.429
55107,0,4.0,Phone,1,7.0,Credit Card,Male,3.0,4,Laptop & Accessory,4,Married,1,0,11.0,3.0,3.0,,153.98,808.12,1.0
55108,0,13.0,Computer,3,16.0,Debit Card,Male,5.0,5,Laptop & Accessory,4,Single,7,0,20.0,1.0,2.0,10.0,190.45,973.71,0.5
55109,0,21.0,Mobile Phone,1,25.0,E wallet,Male,2.0,3,Mobile Phone,5,Single,3,0,15.0,1.0,1.0,3.0,145.27,717.03,1.0
55110,0,2.0,Phone,1,10.0,Credit Card,Female,3.0,2,Laptop & Accessory,2,Single,2,0,12.0,4.0,5.0,11.0,217.88,1148.94,0.8
55111,1,5.0,Computer,3,18.0,Credit Card,Female,3.0,3,Others,3,Married,4,1,21.0,1.0,2.0,6.0,170.75,906.85,0.5
55112,0,26.0,Phone,1,15.0,COD,Male,5.0,3,Fashion,5,Single,3,0,23.0,1.0,3.0,2.0,123.69,789.02,0.333
55113,0,11.0,Mobile Phone,1,6.0,Debit Card,Male,4.0,4,Others,4,Single,4,0,11.0,1.0,4.0,2.0,249.78,1217.16,0.25
55114,0,7.0,Phone,1,17.0,Credit Card,Male,3.0,4,Fashion,3,Single,3,0,19.0,0.0,,1.0,214.36,1011.57,0.0
55115,1,42.0,Phone,3,25.0,Credit Card,Male,,3,Grocery,3,Married,4,1,16.0,5.0,9.0,2.0,208.26,1324.39,0.556
55116,0,8.0,Mobile Phone,3,64.0,Debit Card,Male,2.0,4,Laptop & Accessory,5,Divorced,8,0,17.0,0.0,1.0,2.0,184.17,880.85,0.0
55117,0,14.0,Computer,1,5.0,Debit Card,Male,3.0,4,Mobile Phone,3,Married,4,0,21.0,3.0,4.0,4.0,185.99,1054.76,0.75
55118,0,6.0,Computer,3,18.0,E wallet,Male,4.0,4,Laptop & Accessory,4,Married,4,0,17.0,1.0,1.0,2.0,181.81,871.88,1.0
55119,1,5.0,Mobile Phone,1,11.0,Debit Card,Male,4.0,3,Mobile Phone,3,Single,5,0,15.0,3.0,9.0,2.0,140.72,1059.74,0.333
55120,0,15.0,Phone,1,5.0,Credit Card,Male,3.0,2,Fashion,3,Married,6,0,12.0,1.0,1.0,1.0,147.65,702.07,1.0
55121,0,27.0,Phone,1,16.0,Credit Card,Female,3.0,2,Mobile Phone,4,Married,5,0,15.0,1.0,2.0,6.0,176.75,881.65,0.5
55122,0,7.0,Phone,2,7.0,Credit Card,Male,3.0,3,Laptop & Accessory,5,Single,3,0,17.0,1.0,2.0,0.0,179.28,907.26,0.5
55123,0,5.0,Mobile Phone,1,11.0,E wallet,Female,3.0,3,Mobile Phone,5,Divorced,6,0,11.0,2.0,6.0,6.0,219.47,1191.99,0.333
55124,1,18.0,Computer,3,9.0,UPI,Male,3.0,4,Laptop & Accessory,2,Divorced,4,1,13.0,1.0,2.0,1.0,144.02,741.28,0.5
55125,0,7.0,Mobile Phone,2,10.0,Credit Card,Male,,3,Fashion,5,Divorced,5,0,16.0,,3.0,18.0,287.09,1353.94,0.333
55126,0,13.0,Mobile Phone,3,13.0,E wallet,Female,1.0,4,Mobile Phone,3,Married,2,0,14.0,0.0,1.0,20.0,210.86,958.27,0.0
55127,1,7.0,Computer,1,10.0,E wallet,Male,1.0,4,Grocery,1,Married,2,1,22.0,6.0,7.0,23.0,184.73,1192.97,0.857
55128,0,8.0,Phone,1,15.0,Debit Card,Male,3.0,3,Grocery,5,Single,4,0,11.0,1.0,2.0,0.0,156.19,771.52,0.5
55129,0,5.0,Computer,1,8.0,COD,Male,4.0,3,Laptop & Accessory,3,Married,4,0,11.0,0.0,1.0,1.0,138.44,659.07,0.0
55130,0,15.0,Mobile Phone,1,17.0,UPI,Male,3.0,4,Others,5,Divorced,5,0,23.0,1.0,1.0,4.0,197.37,979.01,1.0
55131,1,,Mobile Phone,3,28.0,Debit Card,Male,3.0,4,Others,2,Single,4,1,,1.0,1.0,6.0,168.43,805.03,1.0
55132,0,13.0,Computer,1,8.0,Credit Card,Male,4.0,5,Mobile Phone,4,Single,3,0,12.0,0.0,1.0,8.0,181.87,832.11,0.0
55133,0,6.0,Mobile Phone,3,14.0,E wallet,Male,3.0,4,Fashion,3,Single,2,0,20.0,0.0,2.0,1.0,188.7,967.06,0.0
55134,0,12.0,Computer,3,18.0,Credit Card,Male,2.0,4,Laptop & Accessory,2,Married,6,0,14.0,1.0,1.0,9.0,139.47,686.99,1.0
55135,1,29.0,Computer,1,15.0,UPI,Male,4.0,4,Others,1,Married,5,0,15.0,0.0,2.0,5.0,172.84,866.79,0.0
55136,0,5.0,Phone,1,10.0,Credit Card,Male,4.0,2,Mobile Phone,3,Married,9,0,16.0,,1.0,2.0,208.95,967.01,1.0
55137,0,6.0,Mobile Phone,1,17.0,Credit Card,Female,3.0,4,Grocery,3,Married,9,0,20.0,1.0,3.0,0.0,201.3,1059.94,0.333
55138,0,6.0,Phone,1,5.0,Debit Card,Male,2.0,5,Mobile Phone,1,Married,6,0,16.0,3.0,3.0,11.0,143.49,808.26,1.0
55139,0,11.0,Computer,1,11.0,Credit Card,Female,4.0,3,Fashion,2,Divorced,4,0,20.0,0.0,1.0,1.0,195.55,948.09,0.0
55140,0,4.0,Mobile Phone,1,14.0,Credit Card,Female,3.0,3,Mobile Phone,3,Single,5,0,19.0,2.0,2.0,2.0,180.51,927.94,1.0
55141,0,14.0,Mobile Phone,1,5.0,E wallet,Male,1.0,3,Laptop & Accessory,5,Married,5,0,11.0,0.0,1.0,9.0,196.15,878.37,0.0
55142,0,2.0,Mobile Phone,2,14.0,Credit Card,Male,2.0,5,Grocery,5,Divorced,6,1,17.0,0.0,1.0,5.0,151.27,755.83,0.0
55143,0,16.0,Mobile Phone,1,18.0,Debit Card,Male,5.0,2,Mobile Phone,3,Married,4,0,12.0,1.0,3.0,1.0,195.73,974.77,0.333
55144,0,12.0,Computer,1,22.0,Debit Card,Male,1.0,4,Fashion,3,Married,3,0,18.0,1.0,5.0,17.0,166.14,1000.33,0.2
55145,0,29.0,Computer,1,6.0,Credit Card,Female,2.0,4,Mobile Phone,5,Divorced,6,0,15.0,1.0,1.0,2.0,166.26,796.79,1.0
55146,0,5.0,Computer,3,61.0,E wallet,Male,3.0,4,Grocery,5,Married,3,0,15.0,5.0,6.0,4.0,248.12,1332.86,0.833
55147,0,19.0,Phone,2,16.0,E wallet,Male,2.0,3,Fashion,2,Married,3,0,11.0,,3.0,4.0,181.95,914.41,0.0
55148,1,9.0,Phone,1,10.0,Credit Card,Male,2.0,5,Laptop & Accessory,3,Married,6,1,14.0,2.0,4.0,4.0,164.76,918.09,0.5
55149,0,8.0,Mobile Phone,3,8.0,Debit Card,Female,3.0,2,Fashion,5,Divorced,5,0,11.0,0.0,3.0,4.0,246.38,1159.24,0.0
55150,1,5.0,Phone,2,15.0,Debit Card,Male,2.0,3,Laptop & Accessory,5,Single,4,0,11.0,1.0,5.0,1.0,168.12,951.86,0.2
55151,0,7.0,Phone,3,31.0,Debit Card,Female,4.0,3,Fashion,4,Single,2,0,14.0,1.0,1.0,14.0,219.75,992.05,1.0
55152,0,7.0,Computer,1,14.0,E wallet,Female,3.0,1,Laptop & Accessory,3,Divorced,7,0,18.0,7.0,11.0,3.0,218.43,1469.03,0.636
55153,0,3.0,Computer,3,18.0,Debit Card,Male,2.0,3,Mobile Phone,3,Married,3,0,11.0,3.0,5.0,,165.2,940.76,0.6
55154,0,12.0,Computer,1,10.0,Credit Card,Male,2.0,2,Fashion,5,Married,8,0,11.0,0.0,1.0,9.0,116.03,573.91,0.0
55155,1,11.0,Computer,3,11.0,Credit Card,Male,1.0,4,Mobile Phone,2,Married,5,1,,1.0,1.0,1.0,249.75,1146.05,1.0
55156,0,14.0,Computer,1,9.0,COD,Male,1.0,3,Mobile Phone,3,Married,4,0,16.0,2.0,2.0,9.0,169.35,861.53,1.0
55157,0,6.0,Mobile Phone,3,20.0,COD,Female,3.0,4,Grocery,3,Married,5,0,19.0,2.0,,4.0,227.34,1240.89,0.4
55158,1,17.0,Computer,3,10.0,COD,Male,2.0,3,Mobile Phone,5,Married,3,0,17.0,0.0,1.0,0.0,164.0,804.2,0.0
55159,1,22.0,Phone,1,8.0,E wallet,Male,,2,Mobile Phone,3,Married,8,1,17.0,0.0,1.0,1.0,176.69,852.42,0.0
55160,1,8.0,Mobile Phone,3,11.0,E wallet,Male,4.0,2,Laptop & Accessory,3,Married,4,1,14.0,2.0,4.0,,133.79,800.4,0.5
55161,0,5.0,Mobile Phone,1,28.0,E wallet,Male,3.0,3,Mobile Phone,3,Single,5,1,11.0,2.0,2.0,1.0,110.65,598.47,1.0
55162,0,10.0,Phone,1,21.0,UPI,Male,3.0,2,Laptop & Accessory,5,Married,1,0,19.0,3.0,4.0,4.0,279.53,1394.21,0.75
55163,0,10.0,Mobile Phone,1,10.0,COD,Male,4.0,3,Mobile Phone,4,Married,6,1,17.0,,1.0,2.0,249.91,1130.66,1.0
55164,0,9.0,Mobile Phone,3,33.0,Credit Card,Male,4.0,3,Laptop & Accessory,5,Married,3,0,18.0,1.0,4.0,7.0,189.66,1044.71,0.25
55165,1,14.0,Phone,1,6.0,Credit Card,Male,4.0,3,Fashion,1,Divorced,7,0,23.0,1.0,2.0,7.0,254.96,1242.85,0.5
55166,1,8.0,Computer,1,,Credit Card,Male,3.0,3,Laptop & Accessory,3,Single,5,1,14.0,,2.0,7.0,108.5,614.3,0.5
55167,1,,Computer,2,7.0,Credit Card,Male,,2,Laptop & Accessory,2,Married,8,1,,4.0,7.0,1.0,279.22,1512.04,0.571
55168,1,11.0,Mobile Phone,3,6.0,E wallet,Male,4.0,4,Mobile Phone,4,Single,3,0,17.0,1.0,1.0,6.0,116.74,624.61,1.0
55169,0,15.0,Mobile Phone,3,6.0,UPI,Male,3.0,2,Laptop & Accessory,3,Married,4,0,18.0,2.0,3.0,0.0,179.79,962.2,0.667
55170,0,16.0,Mobile Phone,1,18.0,Credit Card,Male,3.0,3,Laptop & Accessory,4,Married,8,1,19.0,4.0,4.0,0.0,264.52,1337.18,1.0
55171,0,7.0,Mobile Phone,1,16.0,Debit Card,Male,2.0,3,Fashion,1,Married,4,0,11.0,1.0,3.0,2.0,161.16,835.41,0.333
55172,1,12.0,Mobile Phone,1,18.0,COD,Male,,4,Mobile Phone,3,Single,4,1,15.0,2.0,2.0,4.0,140.11,742.42,1.0
55173,1,22.0,Computer,1,19.0,Debit Card,Male,2.0,3,Laptop & Accessory,2,Divorced,10,1,13.0,4.0,4.0,2.0,191.97,1013.49,1.0
55174,0,19.0,Phone,1,22.0,Debit Card,Male,2.0,3,Laptop & Accessory,3,Married,7,0,13.0,2.0,2.0,2.0,242.45,1115.31,1.0
55175,0,3.0,Mobile Phone,1,8.0,E wallet,Male,2.0,4,Mobile Phone,4,Married,4,0,19.0,0.0,3.0,0.0,198.53,1041.41,0.0
55176,0,8.0,Mobile Phone,3,17.0,Debit Card,Male,3.0,3,Fashion,3,Married,4,0,19.0,1.0,1.0,1.0,191.34,924.09,1.0
55177,0,22.0,Mobile Phone,1,15.0,Credit Card,Male,3.0,2,Laptop & Accessory,3,Married,6,0,13.0,1.0,1.0,4.0,80.28,454.06,1.0
55178,1,3.0,Mobile Phone,1,40.0,Debit Card,Male,3.0,3,Laptop & Accessory,1,Divorced,6,0,15.0,0.0,1.0,5.0,136.65,684.27,0.0
55179,0,9.0,Mobile Phone,1,8.0,Debit Card,Male,2.0,5,Mobile Phone,4,Married,5,0,21.0,1.0,2.0,11.0,161.03,869.91,0.5
55180,0,6.0,Computer,1,6.0,Credit Card,Female,3.0,3,Grocery,5,Married,5,0,15.0,1.0,6.0,2.0,149.94,959.77,0.167
55181,0,,Mobile Phone,1,18.0,Debit Card,Male,3.0,3,Mobile Phone,4,Divorced,6,0,,0.0,1.0,1.0,125.85,659.23,0.0
55182,0,1.0,Mobile Phone,1,21.0,Credit Card,Male,3.0,2,Laptop & Accessory,5,Single,7,0,19.0,,1.0,6.0,166.1,828.18,0.0
55183,0,20.0,Mobile Phone,3,9.0,Debit Card,Male,2.0,4,Mobile Phone,5,Married,3,0,18.0,1.0,1.0,5.0,170.18,835.68,1.0
55184,0,10.0,Phone,1,15.0,E wallet,Male,4.0,2,Fashion,3,Married,3,0,12.0,2.0,4.0,1.0,128.81,765.48,0.5
55185,0,4.0,Mobile Phone,1,6.0,Debit Card,Male,3.0,2,Laptop & Accessory,4,Single,4,0,25.0,2.0,2.0,7.0,227.62,1154.96,1.0
55186,0,6.0,Mobile Phone,3,44.0,Debit Card,Male,4.0,3,Mobile Phone,3,Divorced,2,0,19.0,1.0,2.0,,158.36,843.77,0.5
55187,0,12.0,Mobile Phone,3,6.0,Debit Card,Male,2.0,3,Fashion,5,Single,4,1,18.0,1.0,1.0,2.0,193.26,923.39,1.0
55188,1,5.0,Phone,3,6.0,Credit Card,Female,3.0,6,Laptop & Accessory,3,Married,10,1,19.0,5.0,9.0,1.0,164.51,1182.14,0.556
55189,0,26.0,Mobile Phone,3,6.0,Credit Card,Male,,2,Grocery,4,Single,5,0,17.0,0.0,4.0,5.0,197.08,1064.9,0.0
55190,1,9.0,Mobile Phone,3,,Credit Card,Female,2.0,3,Mobile Phone,1,Divorced,5,0,,1.0,1.0,3.0,91.1,511.18,1.0
55191,0,,Mobile Phone,1,6.0,COD,Female,3.0,3,Mobile Phone,4,Single,4,0,13.0,0.0,1.0,6.0,150.44,720.67,0.0
55192,0,11.0,Mobile Phone,3,21.0,UPI,Female,4.0,4,Others,4,Single,3,0,11.0,0.0,1.0,1.0,102.71,523.3,0.0
55193,1,15.0,Mobile Phone,1,32.0,Credit Card,Female,3.0,3,Laptop & Accessory,2,Single,4,1,11.0,0.0,1.0,1.0,145.54,686.05,0.0
55194,1,15.0,Mobile Phone,1,9.0,Debit Card,Male,3.0,4,Fashion,1,Married,2,1,18.0,2.0,4.0,3.0,112.11,750.02,0.5
55195,0,7.0,Mobile Phone,1,17.0,Credit Card,Male,3.0,3,Fashion,4,Married,7,0,21.0,1.0,1.0,0.0,197.1,961.98,1.0
55196,1,15.0,Mobile Phone,1,6.0,Debit Card,Male,1.0,3,Mobile Phone,3,Single,4,1,12.0,2.0,5.0,6.0,214.67,1136.75,0.4
55197,1,7.0,Mobile Phone,1,11.0,E wallet,Male,3.0,3,Laptop & Accessory,3,Single,4,1,14.0,1.0,3.0,,221.03,1086.91,0.333
55198,0,3.0,Mobile Phone,1,9.0,Credit Card,Male,3.0,3,Mobile Phone,3,Single,5,0,15.0,2.0,2.0,4.0,156.47,804.59,1.0
55199,1,8.0,Mobile Phone,1,8.0,E wallet,Female,3.0,3,Laptop & Accessory,1,Married,5,1,21.0,0.0,1.0,10.0,181.73,903.57,0.0
55200,1,4.0,Computer,3,17.0,COD,Male,,3,Mobile Phone,1,Single,4,1,17.0,1.0,1.0,1.0,166.65,814.27,1.0
55201,0,7.0,Phone,3,7.0,Credit Card,Male,2.0,4,Fashion,5,Married,8,0,18.0,0.0,1.0,6.0,106.88,595.14,0.0
55202,1,10.0,Computer,1,,Credit Card,Female,3.0,3,Mobile Phone,3,Single,4,1,21.0,0.0,1.0,5.0,247.67,1154.15,0.0
55203,1,5.0,Computer,3,18.0,Credit Card,Male,4.0,5,Mobile Phone,2,Divorced,3,0,13.0,1.0,1.0,1.0,89.67,489.75,1.0
55204,1,14.0,Computer,1,20.0,Debit Card,Male,,3,Laptop & Accessory,1,Single,5,0,18.0,0.0,1.0,,113.86,621.67,0.0
55205,1,7.0,Phone,3,38.0,UPI,Male,2.0,2,Laptop & Accessory,2,Married,3,1,17.0,3.0,4.0,0.0,114.83,752.35,0.75
55206,1,4.0,Phone,1,39.0,Credit Card,Female,3.0,3,Fashion,3,Married,5,1,17.0,0.0,,3.0,210.46,980.75,0.0
55207,0,5.0,Mobile Phone,1,15.0,Debit Card,Male,2.0,2,Laptop & Accessory,3,Divorced,5,0,14.0,0.0,1.0,,101.32,542.02,0.0
55208,0,10.0,Mobile Phone,1,13.0,E wallet,Female,3.0,3,Laptop & Accessory,3,Married,10,0,19.0,1.0,2.0,5.0,167.46,878.35,0.5
55209,0,8.0,Phone,1,10.0,Debit Card,Male,,3,Grocery,4,Married,3,0,16.0,1.0,3.0,2.0,222.07,1106.87,0.333
55210,0,,Computer,1,,Debit Card,Female,3.0,4,Mobile Phone,4,Single,6,0,17.0,1.0,1.0,7.0,158.94,784.97,1.0
55211,0,11.0,Mobile Phone,1,14.0,Credit Card,Male,4.0,3,Mobile Phone,3,Single,4,0,20.0,2.0,3.0,3.0,118.35,744.73,0.667
55212,0,5.0,Phone,1,37.0,Credit Card,Female,3.0,3,Laptop & Accessory,5,Divorced,5,0,11.0,1.0,1.0,0.0,147.71,694.3,1.0
55213,0,,Mobile Phone,1,8.0,Credit Card,Female,3.0,4,Laptop & Accessory,5,Married,6,0,12.0,1.0,3.0,4.0,106.38,635.24,0.333
55214,0,17.0,Mobile Phone,1,9.0,Credit Card,Male,1.0,2,Mobile Phone,4,Married,4,0,13.0,3.0,4.0,0.0,124.78,758.16,0.75
55215,1,5.0,Mobile Phone,3,10.0,Debit Card,Male,3.0,4,Mobile Phone,1,Married,3,0,14.0,1.0,1.0,2.0,223.29,1005.5,1.0
55216,1,24.0,Mobile Phone,1,25.0,Credit Card,Male,4.0,3,Others,3,Divorced,3,1,14.0,2.0,7.0,1.0,177.92,1103.1,0.286
55217,0,3.0,Mobile Phone,1,6.0,Debit Card,Male,3.0,2,Mobile Phone,4,Married,3,0,17.0,2.0,3.0,18.0,217.06,1095.83,0.667
55218,1,16.0,Phone,2,12.0,COD,Female,2.0,4,Laptop & Accessory,1,Single,5,0,14.0,4.0,7.0,1.0,199.46,1184.95,0.571
55219,1,9.0,Computer,3,,Debit Card,Male,4.0,3,Laptop & Accessory,1,Married,5,0,16.0,1.0,1.0,5.0,245.09,1104.34,1.0
55220,0,5.0,Computer,1,6.0,Debit Card,Female,2.0,4,Laptop & Accessory,5,Single,3,0,22.0,3.0,7.0,1.0,131.57,990.97,0.429
55221,0,10.0,Mobile Phone,3,11.0,COD,Female,3.0,4,Laptop & Accessory,4,Married,8,0,15.0,1.0,2.0,0.0,130.2,704.76,0.5
55222,0,5.0,Computer,1,14.0,COD,Male,2.0,4,Mobile Phone,2,Divorced,6,0,11.0,1.0,1.0,0.0,130.07,627.27,1.0
55223,0,7.0,Mobile Phone,1,6.0,E wallet,Male,2.0,4,Laptop & Accessory,3,Divorced,5,0,18.0,2.0,4.0,12.0,179.83,1007.35,0.5
55224,0,7.0,Mobile Phone,1,14.0,Debit Card,Male,2.0,3,Laptop & Accessory,2,Single,5,0,16.0,2.0,3.0,0.0,262.56,1260.73,0.667
55225,1,16.0,Phone,1,43.0,Credit Card,Male,3.0,4,Others,1,Single,2,1,26.0,3.0,6.0,8.0,119.79,933.2,0.5
55226,1,6.0,Mobile Phone,1,51.0,Credit Card,Male,3.0,3,Mobile Phone,3,Married,6,1,14.0,1.0,1.0,4.0,188.19,872.12,1.0
55227,0,11.0,Mobile Phone,2,14.0,E wallet,Male,3.0,4,Laptop & Accessory,4,Married,4,0,18.0,0.0,3.0,3.0,180.8,966.04,0.0
55228,1,16.0,Mobile Phone,1,14.0,Debit Card,Female,3.0,3,Laptop & Accessory,5,Single,5,1,16.0,2.0,8.0,26.0,147.22,1047.44,0.25
55229,0,10.0,Phone,2,9.0,Debit Card,Male,3.0,3,Fashion,4,Married,5,0,19.0,3.0,5.0,10.0,135.61,892.32,0.6
55230,0,12.0,Mobile Phone,1,75.0,Credit Card,Male,4.0,4,Grocery,2,Single,3,0,14.0,4.0,5.0,1.0,135.94,853.57,0.8
55231,0,9.0,Phone,1,9.0,Debit Card,Male,4.0,4,Mobile Phone,3,Married,3,0,22.0,3.0,5.0,4.0,19.56,475.33,0.6
55232,0,,Phone,1,12.0,Credit Card,Female,2.0,5,Mobile Phone,3,Married,5,0,14.0,1.0,5.0,1.0,155.53,928.01,0.2
55233,1,4.0,Phone,2,5.0,E wallet,Male,2.0,3,Fashion,2,Married,4,0,26.0,1.0,2.0,,232.56,1181.73,0.5
55234,0,23.0,Computer,1,10.0,E wallet,Male,3.0,2,Grocery,5,Single,4,0,12.0,0.0,1.0,,151.8,717.84,0.0
55235,0,6.0,Mobile Phone,3,6.0,Credit Card,Female,1.0,5,Laptop & Accessory,2,Divorced,3,0,12.0,5.0,,4.0,122.11,1055.02,0.455
55236,1,9.0,Mobile Phone,2,21.0,UPI,Female,4.0,3,Fashion,3,Married,3,1,11.0,1.0,4.0,,70.66,536.51,0.25
55237,0,2.0,Mobile Phone,1,15.0,Debit Card,Female,2.0,4,Fashion,4,Married,6,1,25.0,0.0,1.0,4.0,247.03,1183.71,0.0
55238,0,7.0,Mobile Phone,3,15.0,Debit Card,Female,3.0,4,Laptop & Accessory,2,Single,6,1,18.0,1.0,4.0,1.0,218.79,1155.4,0.25
55239,0,12.0,Phone,2,9.0,Credit Card,Male,2.0,4,Laptop & Accessory,4,Single,7,0,20.0,2.0,2.0,7.0,195.03,991.11,1.0
55240,0,25.0,Mobile Phone,1,25.0,Debit Card,Female,3.0,4,Mobile Phone,5,Single,2,0,14.0,0.0,1.0,2.0,64.69,402.82,0.0
55241,0,14.0,Mobile Phone,1,5.0,Debit Card,Male,1.0,4,Laptop & Accessory,4,Married,5,0,14.0,0.0,2.0,0.0,228.58,1070.6,0.0
55242,0,7.0,Phone,1,10.0,Credit Card,Male,3.0,2,Laptop & Accessory,5,Married,4,0,22.0,0.0,1.0,5.0,177.3,894.74,0.0
55243,0,3.0,Phone,1,18.0,COD,Female,4.0,5,Grocery,3,Married,5,0,18.0,4.0,9.0,8.0,121.92,1012.3,0.444
55244,0,21.0,Phone,1,34.0,UPI,Male,2.0,2,Mobile Phone,3,Divorced,8,0,25.0,1.0,7.0,3.0,61.82,749.92,0.143
55245,1,7.0,Computer,1,8.0,Credit Card,Male,2.0,1,Mobile Phone,3,Divorced,7,1,25.0,2.0,4.0,12.0,266.61,1393.12,0.5
55246,0,12.0,Phone,2,14.0,Debit Card,Male,3.0,3,Laptop & Accessory,4,Married,4,1,17.0,,1.0,5.0,218.08,1009.7,1.0
55247,0,7.0,Phone,1,14.0,Debit Card,Male,3.0,4,Mobile Phone,3,Married,4,0,20.0,0.0,1.0,4.0,163.09,824.74,0.0
55248,0,,Mobile Phone,3,30.0,Debit Card,Male,2.0,4,Fashion,3,Married,4,0,11.0,2.0,3.0,2.0,68.31,482.58,0.667
55249,0,21.0,Computer,1,6.0,Debit Card,Female,4.0,3,Laptop & Accessory,1,Married,6,0,17.0,2.0,4.0,2.0,136.9,836.22,0.5
55250,0,15.0,Phone,1,12.0,Debit Card,Female,2.0,4,Laptop & Accessory,4,Single,6,0,,0.0,1.0,1.0,124.69,630.82,0.0
55251,1,8.0,Mobile Phone,3,7.0,Credit Card,Male,1.0,4,Laptop & Accessory,4,Married,2,0,16.0,1.0,2.0,14.0,177.2,891.36,0.5
55252,0,21.0,Mobile Phone,1,5.0,Credit Card,Female,,4,Laptop & Accessory,2,Married,4,0,16.0,1.0,,5.0,190.32,986.22,0.333
55253,0,28.0,Phone,1,7.0,Debit Card,Male,2.0,3,Fashion,4,Divorced,9,0,15.0,0.0,1.0,4.0,193.24,899.31,0.0
55254,1,18.0,Computer,1,50.0,E wallet,Male,3.0,4,Laptop & Accessory,5,Married,5,1,22.0,1.0,1.0,2.0,209.87,1018.51,1.0
55255,0,7.0,Mobile Phone,1,8.0,E wallet,Female,2.0,4,Laptop & Accessory,2,Married,9,0,16.0,2.0,7.0,,194.43,1181.83,0.286
55256,1,16.0,Mobile Phone,1,38.0,Credit Card,Female,4.0,5,Mobile Phone,3,Married,4,0,12.0,2.0,2.0,1.0,257.99,1166.36,1.0
55257,0,18.0,Computer,1,8.0,Debit Card,Male,3.0,1,Mobile Phone,5,Single,8,0,16.0,1.0,1.0,1.0,195.82,917.12,1.0
55258,0,8.0,Computer,2,37.0,UPI,Male,3.0,2,Laptop & Accessory,3,Married,3,0,14.0,1.0,1.0,11.0,216.2,978.56,1.0
55259,0,28.0,Mobile Phone,1,18.0,Credit Card,Male,2.0,1,Mobile Phone,5,Married,3,0,20.0,1.0,1.0,,273.48,1244.22,1.0
55260,1,,Mobile Phone,1,6.0,Debit Card,Female,2.0,3,Laptop & Accessory,2,Single,3,1,14.0,1.0,1.0,6.0,204.26,933.19,1.0
55261,1,8.0,Phone,1,15.0,Credit Card,Male,3.0,3,Laptop & Accessory,1,Married,8,1,18.0,1.0,3.0,3.0,147.46,839.35,0.333
55262,0,7.0,Mobile Phone,1,10.0,Credit Card,Male,2.0,3,Laptop & Accessory,1,Single,5,0,17.0,3.0,3.0,0.0,203.66,1044.91,1.0
55263,0,18.0,Computer,1,11.0,Credit Card,Female,3.0,4,Laptop & Accessory,5,Married,6,0,17.0,1.0,1.0,3.0,142.09,720.94,1.0
55264,0,32.0,Mobile Phone,1,12.0,Credit Card,Male,3.0,3,Mobile Phone,2,Single,5,0,11.0,4.0,4.0,0.0,138.77,795.33,1.0
55265,1,4.0,Mobile Phone,1,12.0,Credit Card,Female,2.0,3,Mobile Phone,5,Single,4,0,14.0,2.0,2.0,13.0,217.56,1028.73,1.0
55266,0,13.0,Mobile Phone,3,18.0,E wallet,Female,3.0,3,Laptop & Accessory,3,Single,4,0,17.0,2.0,4.0,2.0,82.72,630.34,0.5
55267,0,16.0,Mobile Phone,1,23.0,Credit Card,Male,4.0,1,Laptop & Accessory,1,Married,2,0,13.0,1.0,6.0,1.0,166.56,1006.93,0.167
55268,0,20.0,Mobile Phone,3,10.0,Debit Card,Male,3.0,4,Mobile Phone,2,Married,4,0,19.0,0.0,1.0,,194.46,935.95,0.0
55269,0,16.0,Mobile Phone,1,36.0,Debit Card,Male,,3,Mobile Phone,3,Single,5,1,16.0,0.0,2.0,11.0,196.83,965.95,0.0
55270,1,7.0,Phone,1,38.0,Debit Card,Female,4.0,4,Laptop & Accessory,1,Single,6,0,21.0,0.0,1.0,1.0,179.22,894.04,0.0
55271,1,3.0,Mobile Phone,2,5.0,Credit Card,Male,2.0,3,Laptop & Accessory,5,Divorced,3,0,11.0,,4.0,1.0,141.16,804.41,0.5
55272,0,8.0,Computer,3,5.0,Debit Card,Female,2.0,4,Fashion,5,Divorced,2,1,21.0,1.0,1.0,4.0,266.25,1224.75,1.0
55273,0,16.0,Mobile Phone,1,12.0,Credit Card,Male,3.0,3,Laptop & Accessory,2,Married,7,0,15.0,0.0,3.0,0.0,166.28,886.86,0.0
55274,0,6.0,Phone,2,16.0,Debit Card,Male,3.0,3,Mobile Phone,4,Married,4,1,16.0,2.0,2.0,3.0,151.11,792.22,1.0
55275,0,22.0,Mobile Phone,3,9.0,E wallet,Male,3.0,4,Laptop & Accessory,3,Married,5,0,15.0,0.0,1.0,5.0,234.06,1054.43,0.0
55276,0,9.0,Mobile Phone,3,9.0,E wallet,Male,,2,Fashion,5,Single,5,1,18.0,1.0,1.0,1.0,118.4,638.92,1.0
55277,0,6.0,Phone,1,19.0,Debit Card,Male,3.0,3,Fashion,1,Divorced,3,0,11.0,0.0,3.0,7.0,175.71,890.7,0.0
55278,0,14.0,Phone,3,16.0,Credit Card,Male,3.0,4,Mobile Phone,3,Married,6,0,15.0,4.0,7.0,3.0,113.6,866.68,0.571
55279,0,8.0,Phone,3,7.0,COD,Male,2.0,3,Mobile Phone,3,Single,5,0,11.0,2.0,6.0,6.0,126.01,836.84,0.333
55280,1,7.0,Phone,2,31.0,Debit Card,Male,3.0,4,Mobile Phone,4,Single,1,1,15.0,4.0,,1.0,162.76,1053.49,0.571
55281,0,30.0,Phone,3,19.0,UPI,Male,4.0,3,Mobile Phone,1,Married,6,0,15.0,3.0,3.0,3.0,190.25,977.95,1.0
55282,1,6.0,Mobile Phone,3,10.0,Credit Card,Male,3.0,1,Laptop & Accessory,4,Single,2,0,19.0,1.0,2.0,3.0,219.45,1075.91,0.5
55283,0,8.0,Computer,1,19.0,Credit Card,Male,2.0,2,Grocery,5,Married,5,1,21.0,1.0,2.0,2.0,128.88,747.74,0.5
55284,1,14.0,Phone,1,6.0,Debit Card,Male,2.0,3,Others,3,Married,6,1,,2.0,4.0,7.0,256.73,1267.57,0.5
55285,1,22.0,Computer,1,13.0,E wallet,Female,3.0,3,Laptop & Accessory,3,Single,1,1,11.0,1.0,1.0,1.0,174.81,797.28,1.0
55286,0,13.0,Computer,1,7.0,Credit Card,Male,4.0,3,Fashion,3,Married,2,0,,0.0,1.0,5.0,156.27,758.83,0.0
55287,0,10.0,Mobile Phone,1,6.0,E wallet,Female,4.0,4,Mobile Phone,3,Divorced,6,0,11.0,1.0,1.0,12.0,223.2,981.16,1.0
55288,0,32.0,Mobile Phone,1,10.0,E wallet,Male,3.0,4,Mobile Phone,3,Single,5,0,11.0,1.0,2.0,8.0,200.5,939.9,0.5
55289,0,7.0,Phone,1,7.0,Credit Card,Female,2.0,4,Mobile Phone,3,Single,11,0,13.0,1.0,1.0,6.0,152.28,727.66,1.0
55290,0,,Phone,2,17.0,Debit Card,Male,3.0,3,Laptop & Accessory,5,Divorced,3,0,11.0,1.0,2.0,1.0,194.03,915.31,0.5
55291,1,6.0,Phone,3,,Debit Card,Male,4.0,3,Grocery,1,Single,2,0,11.0,3.0,4.0,6.0,173.77,928.33,0.75
55292,1,13.0,Phone,1,7.0,Debit Card,Male,4.0,3,Fashion,3,Single,3,1,17.0,0.0,1.0,2.0,164.49,806.06,0.0
55293,1,5.0,Mobile Phone,3,5.0,UPI,Male,3.0,3,Mobile Phone,2,Divorced,4,1,13.0,0.0,1.0,0.0,98.58,523.6,0.0
55294,0,4.0,Mobile Phone,1,24.0,Debit Card,Male,3.0,4,Fashion,3,Single,3,0,19.0,0.0,1.0,5.0,154.64,784.63,0.0
55295,1,8.0,Mobile Phone,3,5.0,Credit Card,Female,3.0,4,Mobile Phone,1,Single,5,0,18.0,0.0,1.0,0.0,214.1,1002.58,0.0
55296,1,3.0,Phone,3,10.0,Debit Card,Male,4.0,3,Laptop & Accessory,5,Single,4,0,16.0,0.0,2.0,2.0,202.64,988.03,0.0
55297,0,12.0,Phone,1,13.0,UPI,Male,3.0,1,Laptop & Accessory,3,Divorced,4,0,14.0,3.0,3.0,9.0,205.01,1026.04,1.0
55298,0,13.0,Mobile Phone,1,25.0,Credit Card,Female,2.0,5,Fashion,5,Married,5,0,17.0,1.0,2.0,5.0,170.19,872.72,0.5
55299,0,14.0,Phone,1,27.0,COD,Male,3.0,3,Fashion,3,Married,4,0,22.0,0.0,,3.0,239.29,1220.3,0.0
55300,1,17.0,Mobile Phone,3,20.0,E wallet,Male,4.0,5,Others,2,Married,6,1,17.0,1.0,1.0,10.0,174.26,843.19,1.0
55301,1,8.0,Mobile Phone,3,8.0,E wallet,Male,3.0,4,Laptop & Accessory,2,Single,9,1,15.0,0.0,1.0,6.0,144.7,714.86,0.0
55302,1,21.0,Phone,1,20.0,Debit Card,Male,3.0,3,Mobile Phone,3,Divorced,2,1,15.0,0.0,2.0,3.0,210.73,1010.77,0.0
55303,1,19.0,Mobile Phone,1,8.0,Debit Card,Male,3.0,2,Mobile Phone,1,Married,3,0,16.0,1.0,2.0,6.0,198.26,971.39,0.5
55304,0,5.0,Phone,1,8.0,Debit Card,Male,3.0,5,Mobile Phone,4,Single,4,0,16.0,0.0,1.0,,180.19,857.72,0.0
55305,0,10.0,Computer,1,15.0,Credit Card,Male,2.0,4,Mobile Phone,5,Divorced,2,0,17.0,0.0,,1.0,280.07,1245.27,0.0
55306,0,1.0,Computer,3,19.0,E wallet,Male,3.0,3,Laptop & Accessory,4,Divorced,4,0,11.0,0.0,1.0,1.0,299.32,1270.42,0.0
55307,0,21.0,Mobile Phone,1,6.0,Debit Card,Male,3.0,3,Laptop & Accessory,5,Married,2,0,20.0,1.0,,6.0,208.36,996.77,1.0
55308,0,17.0,Mobile Phone,3,6.0,Debit Card,Female,4.0,4,Laptop & Accessory,3,Divorced,2,0,15.0,0.0,1.0,1.0,186.29,872.9,0.0
55309,0,24.0,Phone,3,23.0,Credit Card,Female,4.0,3,Mobile Phone,3,Single,1,0,20.0,0.0,1.0,1.0,155.63,796.39,0.0
55310,0,3.0,Phone,3,29.0,Debit Card,Male,3.0,2,Laptop & Accessory,3,Married,3,0,11.0,1.0,2.0,5.0,171.81,830.88,0.5
55311,0,13.0,Phone,1,16.0,Credit Card,Male,4.0,3,Grocery,2,Single,4,0,11.0,2.0,2.0,3.0,220.25,1014.95,1.0
55312,0,7.0,Mobile Phone,1,12.0,Debit Card,Male,2.0,1,Laptop & Accessory,3,Married,5,0,20.0,1.0,1.0,6.0,134.61,716.52,1.0
55313,0,2.0,Mobile Phone,1,,Credit Card,Male,3.0,2,Mobile Phone,3,Divorced,4,0,15.0,2.0,2.0,2.0,156.31,803.98,1.0
55314,0,,Phone,2,21.0,Credit Card,Male,2.0,2,Grocery,4,Married,8,1,13.0,3.0,7.0,4.0,171.79,1071.8,0.429
55315,0,4.0,Phone,1,15.0,Credit Card,Male,2.0,2,Mobile Phone,3,Married,5,0,13.0,0.0,4.0,10.0,132.89,788.98,0.0
55316,1,12.0,Mobile Phone,1,,Debit Card,Male,4.0,3,Laptop & Accessory,1,Single,5,0,15.0,,1.0,11.0,91.38,512.24,1.0
55317,0,7.0,Mobile Phone,3,8.0,Debit Card,Female,4.0,5,Laptop & Accessory,4,Married,2,0,24.0,,2.0,5.0,49.35,469.53,0.5
55318,0,11.0,Phone,1,12.0,E wallet,Female,3.0,3,Mobile Phone,4,Single,8,0,11.0,3.0,3.0,0.0,160.73,833.77,1.0
55319,0,17.0,Mobile Phone,1,9.0,E wallet,Female,3.0,3,Laptop & Accessory,5,Single,4,0,11.0,0.0,1.0,3.0,151.32,708.02,0.0
55320,1,11.0,Mobile Phone,1,10.0,Credit Card,Male,3.0,3,Others,1,Married,6,0,12.0,1.0,1.0,0.0,192.9,874.02,1.0
55321,0,5.0,Mobile Phone,1,14.0,Credit Card,Female,4.0,1,Mobile Phone,4,Married,3,0,20.0,0.0,3.0,21.0,102.34,683.89,0.0
55322,1,30.0,Mobile Phone,1,7.0,Debit Card,Male,2.0,4,Mobile Phone,4,Single,6,0,21.0,1.0,4.0,26.0,99.75,727.05,0.25
55323,1,8.0,Phone,1,25.0,E wallet,Male,2.0,3,Mobile Phone,1,Married,5,0,15.0,1.0,2.0,1.0,213.36,1020.77,0.5
55324,0,6.0,Mobile Phone,3,7.0,E wallet,Female,3.0,3,Grocery,4,Married,5,0,19.0,2.0,3.0,3.0,152.59,866.84,0.667
55325,0,9.0,Mobile Phone,3,13.0,Credit Card,Female,4.0,5,Mobile Phone,1,Married,2,0,13.0,1.0,3.0,9.0,178.16,916.01,0.333
55326,0,,Mobile Phone,1,21.0,UPI,Female,2.0,4,Mobile Phone,4,Single,8,0,20.0,1.0,3.0,1.0,243.06,1218.63,0.333
55327,0,6.0,Mobile Phone,2,13.0,Debit Card,Male,4.0,3,Fashion,4,Married,3,0,17.0,2.0,,4.0,104.04,846.35,0.286
55328,0,8.0,Phone,1,10.0,Credit Card,Male,3.0,5,Fashion,4,Married,4,1,,2.0,2.0,1.0,202.16,970.21,1.0
55329,1,12.0,Mobile Phone,1,13.0,COD,Female,2.0,4,Laptop & Accessory,1,Married,5,0,11.0,0.0,,3.0,156.53,727.81,0.0
55330,0,10.0,Phone,2,28.0,Debit Card,Female,3.0,5,Laptop & Accessory,5,Married,4,0,14.0,2.0,2.0,1.0,133.59,709.64,1.0
55331,0,13.0,Mobile Phone,2,61.0,Debit Card,Female,3.0,2,Laptop & Accessory,5,Married,2,0,14.0,1.0,,3.0,193.03,980.51,0.333
55332,0,10.0,Mobile Phone,1,17.0,E wallet,Male,2.0,5,Laptop & Accessory,5,Divorced,5,0,15.0,0.0,1.0,2.0,188.29,880.5,0.0
55333,0,19.0,Mobile Phone,1,24.0,Debit Card,Male,3.0,3,Grocery,3,Divorced,5,0,16.0,,2.0,2.0,220.83,1057.15,0.5
55334,1,15.0,Mobile Phone,2,5.0,UPI,Male,3.0,4,Laptop & Accessory,3,Married,4,1,14.0,3.0,4.0,1.0,167.84,929.79,0.75
55335,0,13.0,Phone,1,,Debit Card,Female,2.0,3,Laptop & Accessory,1,Married,5,0,14.0,3.0,3.0,5.0,134.59,758.44,1.0
55336,1,21.0,Mobile Phone,3,42.0,Credit Card,Male,,2,Laptop & Accessory,1,Single,2,0,19.0,0.0,1.0,0.0,103.9,591.82,0.0
55337,1,21.0,Computer,1,15.0,Debit Card,Male,2.0,2,Others,1,Married,9,0,11.0,0.0,,12.0,122.73,599.37,0.0
55338,0,11.0,Mobile Phone,3,22.0,Debit Card,Female,2.0,3,Fashion,3,Single,5,0,12.0,0.0,,0.0,138.77,713.33,0.0
55339,0,8.0,Mobile Phone,1,,UPI,Male,2.0,3,Mobile Phone,3,Single,5,0,14.0,1.0,2.0,2.0,94.71,561.9,0.5
55340,0,11.0,Mobile Phone,1,9.0,E wallet,Female,3.0,2,Fashion,4,Divorced,4,0,12.0,2.0,4.0,2.0,126.95,758.41,0.5
55341,0,9.0,Phone,1,28.0,Debit Card,Female,2.0,5,Fashion,4,Married,5,0,17.0,1.0,1.0,4.0,184.36,881.57,1.0
55342,0,7.0,Mobile Phone,1,16.0,Debit Card,Male,3.0,4,Mobile Phone,5,Single,4,0,12.0,0.0,1.0,0.0,104.13,536.69,0.0
55343,0,11.0,Mobile Phone,3,15.0,E wallet,Male,2.0,3,Laptop & Accessory,5,Divorced,4,0,14.0,2.0,2.0,3.0,238.97,1110.09,1.0
55344,1,13.0,Mobile Phone,1,18.0,E wallet,Female,3.0,4,Fashion,4,Married,4,0,19.0,1.0,2.0,,217.06,1066.83,0.5
55345,0,15.0,Mobile Phone,2,28.0,E wallet,Male,3.0,4,Mobile Phone,5,Married,3,0,18.0,2.0,4.0,7.0,178.89,1003.78,0.5
55346,1,23.0,Computer,1,21.0,Credit Card,Male,2.0,2,Fashion,1,Single,4,0,15.0,1.0,,12.0,249.09,1111.54,1.0
55347,1,12.0,Mobile Phone,1,8.0,Debit Card,Male,4.0,4,Mobile Phone,1,Married,3,0,15.0,0.0,1.0,1.0,111.04,586.95,0.0
55348,0,10.0,Phone,1,13.0,E wallet,Male,3.0,4,Grocery,3,Married,6,0,13.0,1.0,2.0,4.0,139.06,722.43,0.5
55349,1,18.0,Phone,1,52.0,E wallet,Male,3.0,3,Mobile Phone,4,Married,2,1,,1.0,2.0,2.0,92.81,594.68,0.5
55350,0,5.0,Mobile Phone,2,15.0,Credit Card,Male,3.0,3,Mobile Phone,5,Single,8,0,16.0,3.0,8.0,5.0,143.68,1033.98,0.375
55351,0,3.0,Mobile Phone,1,38.0,Credit Card,Male,2.0,3,Fashion,3,Married,5,0,18.0,0.0,1.0,8.0,163.41,809.96,0.0
55352,0,13.0,Phone,3,25.0,Credit Card,Male,4.0,4,Mobile Phone,5,Married,3,0,16.0,1.0,1.0,4.0,178.37,850.81,1.0
55353,0,8.0,Mobile Phone,2,18.0,E wallet,Male,1.0,2,Laptop & Accessory,5,Divorced,5,0,15.0,2.0,4.0,1.0,260.16,1288.61,0.5
55354,0,8.0,Mobile Phone,3,10.0,E wallet,Male,3.0,4,Mobile Phone,1,Married,4,0,11.0,4.0,8.0,2.0,167.87,1085.91,0.5
55355,1,5.0,Phone,1,9.0,E wallet,Female,3.0,3,Mobile Phone,3,Single,2,1,11.0,5.0,12.0,10.0,209.22,1423.04,0.417
55356,0,20.0,Phone,1,17.0,Credit Card,Male,4.0,4,Laptop & Accessory,5,Single,3,0,14.0,0.0,1.0,5.0,157.87,756.91,0.0
55357,0,3.0,Phone,1,12.0,Credit Card,Female,,5,Mobile Phone,3,Married,4,0,11.0,1.0,3.0,4.0,202.48,992.42,0.333
55358,1,14.0,Phone,1,24.0,E wallet,Male,3.0,4,Fashion,3,Married,2,1,12.0,3.0,8.0,1.0,149.04,1022.35,0.375
55359,1,10.0,Mobile Phone,1,22.0,Debit Card,Male,3.0,4,Mobile Phone,3,Single,2,1,16.0,6.0,9.0,2.0,145.56,1086.13,0.667
55360,0,24.0,Mobile Phone,1,9.0,Credit Card,Female,1.0,2,Mobile Phone,3,Married,3,0,11.0,1.0,1.0,2.0,248.88,1078.74,1.0
55361,0,18.0,Mobile Phone,1,20.0,Credit Card,Male,2.0,4,Laptop & Accessory,4,Single,5,0,19.0,0.0,2.0,0.0,214.4,1056.72,0.0
55362,1,4.0,Phone,2,13.0,UPI,Male,2.0,4,Grocery,1,Married,7,1,22.0,0.0,4.0,12.0,181.44,1045.47,0.0
55363,0,15.0,Computer,3,10.0,Debit Card,Male,2.0,4,Fashion,5,Single,4,0,16.0,0.0,2.0,2.0,252.73,1178.37,0.0
55364,0,13.0,Mobile Phone,3,11.0,Debit Card,Male,1.0,4,Mobile Phone,5,Divorced,6,0,14.0,0.0,2.0,0.0,160.85,813.23,0.0
55365,0,9.0,Mobile Phone,1,32.0,Debit Card,Male,3.0,3,Mobile Phone,4,Married,7,0,18.0,1.0,2.0,3.0,196.78,981.76,0.5
55366,0,,Mobile Phone,1,10.0,Debit Card,Male,3.0,4,Laptop & Accessory,5,Divorced,9,0,18.0,0.0,5.0,3.0,154.35,955.53,0.0
55367,1,6.0,Computer,1,9.0,Debit Card,Male,4.0,3,Laptop & Accessory,1,Divorced,3,1,13.0,1.0,,9.0,148.45,713.11,1.0
55368,0,10.0,Phone,1,10.0,Credit Card,Female,3.0,3,Laptop & Accessory,3,Married,3,0,13.0,1.0,1.0,7.0,159.03,753.31,1.0
55369,0,10.0,Mobile Phone,1,8.0,UPI,Female,2.0,3,Laptop & Accessory,1,Married,5,0,14.0,,3.0,7.0,203.69,1021.02,0.333
55370,0,,Computer,1,14.0,Credit Card,Male,4.0,3,Mobile Phone,5,Divorced,7,0,19.0,1.0,,12.0,14.7,387.86,0.25
55371,0,8.0,Computer,1,7.0,Debit Card,Female,4.0,4,Mobile Phone,5,Single,4,1,12.0,3.0,9.0,2.0,139.02,1029.28,0.333
55372,0,7.0,Mobile Phone,2,25.0,UPI,Male,3.0,4,Mobile Phone,3,Single,4,0,17.0,1.0,1.0,4.0,297.27,1310.63,1.0
55373,0,13.0,Computer,2,8.0,Credit Card,Male,2.0,4,Mobile Phone,3,Married,4,0,16.0,1.0,1.0,5.0,268.44,1193.07,1.0
55374,1,21.0,Mobile Phone,1,16.0,Debit Card,Female,4.0,5,Laptop & Accessory,3,Single,2,1,17.0,1.0,1.0,3.0,125.15,656.57,1.0
55375,0,4.0,Mobile Phone,1,7.0,Debit Card,Male,,4,Fashion,3,Single,7,0,13.0,0.0,1.0,1.0,146.16,704.41,0.0
55376,0,13.0,Mobile Phone,3,,E wallet,Male,1.0,6,Laptop & Accessory,3,Single,2,0,14.0,1.0,2.0,10.0,254.21,1168.0,0.5
55377,0,7.0,Computer,1,12.0,E wallet,Male,3.0,4,Mobile Phone,5,Single,6,0,18.0,1.0,1.0,10.0,154.39,775.68,1.0
55378,1,,Phone,1,26.0,Credit Card,Male,3.0,3,Mobile Phone,2,Married,6,1,11.0,0.0,1.0,7.0,230.9,1010.42,0.0
55379,0,13.0,Mobile Phone,1,23.0,Debit Card,Male,2.0,3,Laptop & Accessory,2,Married,6,0,12.0,,1.0,2.0,215.03,958.11,0.0
55380,1,3.0,Computer,1,,E wallet,Female,3.0,4,Mobile Phone,2,Married,2,0,11.0,0.0,1.0,0.0,184.63,834.59,0.0
55381,0,,Mobile Phone,1,26.0,Debit Card,Male,3.0,4,Fashion,1,Single,6,0,21.0,3.0,4.0,3.0,157.67,947.15,0.75
55382,0,9.0,Phone,3,6.0,E wallet,Male,4.0,4,Mobile Phone,4,Married,5,0,15.0,,5.0,3.0,239.34,1254.49,0.4
55383,1,4.0,Phone,1,19.0,Credit Card,Male,2.0,4,Laptop & Accessory,2,Single,4,0,15.0,2.0,3.0,3.0,133.25,761.35,0.667
55384,0,7.0,Mobile Phone,1,9.0,Debit Card,Female,1.0,4,Laptop & Accessory,3,Married,3,0,18.0,,2.0,0.0,175.94,902.57,1.0
55385,1,11.0,Mobile Phone,1,23.0,Debit Card,Male,3.0,3,Mobile Phone,4,Married,5,1,14.0,1.0,1.0,7.0,188.55,873.49,1.0
55386,0,7.0,Computer,3,43.0,Debit Card,Male,4.0,3,Fashion,3,Single,2,0,13.0,0.0,1.0,3.0,175.77,816.93,0.0
55387,0,,Mobile Phone,1,33.0,Debit Card,Female,2.0,4,Mobile Phone,5,Single,3,0,15.0,4.0,11.0,1.0,218.59,1445.64,0.364
55388,0,9.0,Phone,1,6.0,Debit Card,Male,3.0,3,Laptop & Accessory,4,Married,3,0,19.0,0.0,2.0,14.0,183.37,938.81,0.0
55389,1,7.0,Mobile Phone,1,11.0,Credit Card,Male,2.0,6,Mobile Phone,3,Single,2,1,,1.0,2.0,2.0,177.74,885.41,0.5
55390,1,11.0,Phone,1,10.0,Credit Card,Male,1.0,4,Laptop & Accessory,2,Single,4,1,16.0,1.0,2.0,2.0,185.38,922.44,0.5
55391,1,12.0,Mobile Phone,1,7.0,Credit Card,Male,4.0,3,Fashion,5,Single,7,0,13.0,2.0,4.0,2.0,139.31,813.38,0.5
55392,0,17.0,Mobile Phone,1,6.0,Credit Card,Male,2.0,3,Grocery,3,Single,5,0,15.0,0.0,3.0,2.0,176.89,927.18,0.0
55393,0,10.0,Mobile Phone,3,11.0,E wallet,Male,3.0,4,Mobile Phone,3,Divorced,4,0,20.0,3.0,7.0,5.0,138.61,1001.72,0.429
55394,0,12.0,Computer,3,63.0,UPI,Male,3.0,1,Grocery,5,Divorced,2,0,12.0,1.0,1.0,2.0,74.42,423.8,1.0
55395,0,8.0,Mobile Phone,1,15.0,Debit Card,Female,2.0,3,Laptop & Accessory,1,Married,3,0,13.0,2.0,8.0,11.0,223.89,1314.78,0.25
55396,1,24.0,Mobile Phone,1,17.0,Credit Card,Male,4.0,3,Laptop & Accessory,3,Married,6,1,22.0,0.0,3.0,4.0,177.22,984.44,0.0
55397,1,13.0,Computer,1,13.0,Debit Card,Male,3.0,4,Laptop & Accessory,4,Single,3,1,16.0,2.0,7.0,10.0,169.01,1085.24,0.286
55398,0,11.0,Phone,3,18.0,Debit Card,Female,3.0,4,Fashion,5,Single,8,0,11.0,2.0,4.0,11.0,218.61,1098.72,0.5
55399,0,7.0,Mobile Phone,1,43.0,Credit Card,Male,,3,Mobile Phone,5,Single,1,0,,3.0,,7.0,116.1,1083.18,0.3
55400,1,19.0,Computer,3,16.0,Credit Card,Male,3.0,4,Laptop & Accessory,3,Married,3,1,12.0,0.0,1.0,1.0,189.64,861.63,0.0
55401,0,3.0,Phone,2,6.0,E wallet,Male,3.0,5,Laptop & Accessory,5,Divorced,3,0,11.0,0.0,2.0,2.0,239.35,1087.53,0.0
55402,1,,Mobile Phone,3,13.0,Credit Card,Male,2.0,3,Fashion,1,Single,3,0,13.0,3.0,7.0,1.0,270.02,1445.08,0.429
55403,1,6.0,Mobile Phone,3,64.0,Debit Card,Male,4.0,2,Laptop & Accessory,3,Single,4,0,11.0,1.0,1.0,3.0,150.75,705.85,1.0
55404,0,16.0,Phone,3,11.0,UPI,Male,3.0,4,Laptop & Accessory,1,Married,3,0,18.0,1.0,4.0,3.0,168.56,964.53,0.25
55405,0,12.0,Phone,1,,Debit Card,Female,2.0,3,Laptop & Accessory,2,Married,6,0,21.0,4.0,6.0,2.0,185.03,1141.11,0.667
55406,0,11.0,Mobile Phone,1,6.0,Debit Card,Male,4.0,3,Laptop & Accessory,4,Married,2,0,15.0,2.0,2.0,,120.61,668.32,1.0
55407,1,5.0,Mobile Phone,1,7.0,Debit Card,Male,3.0,1,Laptop & Accessory,1,Married,7,0,17.0,1.0,2.0,2.0,202.01,993.64,0.5
55408,0,9.0,Mobile Phone,1,30.0,COD,Male,3.0,3,Mobile Phone,3,Single,6,1,16.0,3.0,5.0,5.0,196.2,1098.56,0.6
55409,1,12.0,Phone,1,9.0,Credit Card,Female,1.0,3,Mobile Phone,3,Married,5,1,20.0,0.0,2.0,8.0,183.87,948.71,0.0
55410,1,17.0,Mobile Phone,1,9.0,Credit Card,Male,,4,Mobile Phone,2,Married,5,0,14.0,1.0,2.0,1.0,225.21,1057.8,0.5
55411,0,13.0,Mobile Phone,2,11.0,E wallet,Female,4.0,1,Fashion,4,Single,1,1,11.0,0.0,1.0,6.0,141.37,670.21,0.0
55412,1,16.0,Phone,1,46.0,Credit Card,Female,3.0,4,Grocery,4,Divorced,6,1,15.0,1.0,2.0,,145.63,763.39,0.5
55413,0,3.0,Phone,1,,E wallet,Male,3.0,4,Laptop & Accessory,4,Single,8,0,11.0,0.0,2.0,6.0,279.79,1241.2,0.0
55414,1,11.0,Mobile Phone,1,25.0,Credit Card,Male,3.0,1,Laptop & Accessory,4,Married,5,0,13.0,1.0,2.0,4.0,135.68,709.58,0.5
55415,1,18.0,Mobile Phone,1,10.0,COD,Male,2.0,4,Laptop & Accessory,3,Single,5,1,13.0,1.0,5.0,3.0,177.53,1003.61,0.2
55416,0,1.0,Mobile Phone,1,28.0,E wallet,Male,3.0,2,Mobile Phone,5,Single,6,1,11.0,3.0,5.0,3.0,232.77,1197.53,0.6
55417,1,8.0,Mobile Phone,3,63.0,Credit Card,Male,2.0,4,Laptop & Accessory,1,Single,5,1,19.0,0.0,1.0,2.0,228.78,1066.36,0.0
55418,0,13.0,Computer,1,10.0,Credit Card,Female,4.0,3,Mobile Phone,4,Single,4,0,14.0,,2.0,0.0,231.79,1082.8,1.0
55419,0,19.0,Phone,1,7.0,UPI,Female,2.0,3,Mobile Phone,5,Married,2,0,17.0,2.0,7.0,,183.24,1147.31,0.286
55420,1,11.0,Mobile Phone,1,7.0,Credit Card,Male,3.0,3,Fashion,2,Single,3,1,15.0,1.0,2.0,0.0,169.44,853.87,0.5
55421,0,10.0,Mobile Phone,2,22.0,Credit Card,Female,2.0,3,Laptop & Accessory,3,Married,6,0,,1.0,1.0,11.0,145.11,724.42,1.0
55422,0,12.0,Mobile Phone,1,7.0,E wallet,Female,2.0,2,Mobile Phone,4,Single,3,1,12.0,0.0,,1.0,171.97,794.49,0.0
55423,0,13.0,Phone,3,9.0,Credit Card,Male,3.0,4,Fashion,4,Married,3,0,15.0,1.0,2.0,5.0,219.23,1043.07,0.5
55424,0,5.0,Mobile Phone,1,8.0,Debit Card,Male,3.0,4,Laptop & Accessory,3,Single,4,0,21.0,2.0,5.0,4.0,184.2,1092.96,0.4
55425,0,7.0,Computer,1,10.0,Debit Card,Male,3.0,6,Mobile Phone,5,Single,3,0,11.0,4.0,6.0,4.0,153.63,941.79,0.667
55426,1,2.0,Phone,2,6.0,Credit Card,Male,2.0,4,Laptop & Accessory,2,Single,4,1,23.0,2.0,3.0,2.0,192.95,1052.21,0.667
55427,0,6.0,Mobile Phone,1,28.0,Debit Card,Male,3.0,4,Mobile Phone,5,Married,6,0,21.0,5.0,8.0,3.0,129.61,1020.52,0.625
55428,1,4.0,Computer,3,29.0,Credit Card,Female,4.0,3,Fashion,2,Single,3,1,14.0,0.0,1.0,6.0,186.25,864.75,0.0
55429,0,5.0,Phone,1,11.0,E wallet,Male,3.0,2,Laptop & Accessory,4,Married,5,0,18.0,0.0,2.0,2.0,123.54,703.45,0.0
55430,1,32.0,Phone,3,16.0,Debit Card,Female,,5,Mobile Phone,3,Single,4,1,17.0,2.0,4.0,2.0,192.75,1048.45,0.5
55431,1,19.0,Computer,1,17.0,Debit Card,Male,2.0,2,Fashion,3,Married,3,1,11.0,1.0,5.0,0.0,191.53,1040.81,0.2
55432,0,5.0,Mobile Phone,3,22.0,E wallet,Male,3.0,3,Mobile Phone,3,Divorced,7,1,17.0,0.0,1.0,3.0,214.63,996.59,0.0
55433,0,4.0,Mobile Phone,1,14.0,Credit Card,Female,3.0,4,Laptop & Accessory,3,Married,4,0,15.0,2.0,3.0,5.0,219.72,1089.94,0.667
55434,0,7.0,Computer,1,14.0,Debit Card,Male,3.0,3,Others,5,Married,7,0,13.0,2.0,3.0,2.0,170.65,887.47,0.667
55435,0,4.0,Phone,2,17.0,E wallet,Female,2.0,2,Laptop & Accessory,4,Married,5,0,19.0,1.0,1.0,9.0,190.32,920.22,1.0
55436,0,12.0,Computer,2,20.0,Credit Card,Male,2.0,3,Laptop & Accessory,3,Divorced,3,0,13.0,1.0,1.0,1.0,158.08,749.7,1.0
55437,0,12.0,Mobile Phone,1,10.0,Debit Card,Female,3.0,6,Grocery,3,Married,3,0,13.0,0.0,1.0,2.0,172.21,803.4,0.0
55438,0,5.0,Phone,1,10.0,Debit Card,Male,1.0,6,Laptop & Accessory,5,Single,3,0,11.0,,2.0,6.0,172.06,831.83,0.0
55439,0,15.0,Mobile Phone,1,9.0,Debit Card,Male,3.0,4,Fashion,5,Single,5,0,14.0,0.0,1.0,16.0,169.15,799.77,0.0
55440,0,15.0,Mobile Phone,1,15.0,E wallet,Female,3.0,4,Laptop & Accessory,3,Married,2,0,21.0,0.0,2.0,2.0,231.32,1137.02,0.0
55441,1,,Mobile Phone,1,10.0,Credit Card,Female,4.0,1,Fashion,4,Married,5,0,13.0,1.0,1.0,6.0,215.99,969.76,1.0
55442,1,5.0,Mobile Phone,1,14.0,Credit Card,Male,2.0,3,Mobile Phone,3,Single,4,1,19.0,1.0,1.0,,116.68,640.38,1.0
55443,0,7.0,Mobile Phone,1,11.0,UPI,Female,2.0,3,Mobile Phone,2,Married,3,1,15.0,0.0,1.0,12.0,164.85,791.43,0.0
55444,0,14.0,Phone,1,27.0,Debit Card,Female,3.0,1,Mobile Phone,3,Married,2,0,16.0,4.0,7.0,3.0,229.05,1313.39,0.571
55445,0,31.0,Mobile Phone,1,6.0,Debit Card,Male,2.0,3,Laptop & Accessory,4,Married,3,0,11.0,4.0,5.0,4.0,127.99,799.36,0.8
55446,0,,Mobile Phone,3,15.0,Debit Card,Male,2.0,2,Laptop & Accessory,4,Married,3,0,19.0,1.0,3.0,1.0,130.04,781.15,0.333
55447,0,4.0,Mobile Phone,1,15.0,Debit Card,Male,3.0,3,Mobile Phone,5,Divorced,4,1,13.0,0.0,1.0,1.0,233.68,1036.98,0.0
55448,1,12.0,Mobile Phone,3,11.0,Credit Card,Male,3.0,1,Fashion,1,Single,4,0,16.0,0.0,1.0,5.0,226.98,1035.52,0.0
55449,0,,Computer,1,12.0,Credit Card,Male,4.0,3,Fashion,3,Married,5,0,17.0,0.0,2.0,4.0,189.67,946.75,0.0
55450,0,10.0,Mobile Phone,1,24.0,Debit Card,Female,5.0,4,Grocery,3,Single,4,0,18.0,1.0,2.0,3.0,125.68,711.58,0.5
55451,0,4.0,Mobile Phone,1,9.0,Debit Card,Female,3.0,3,Grocery,4,Single,1,0,14.0,3.0,3.0,,155.64,838.43,1.0
55452,0,12.0,Computer,1,30.0,Debit Card,Male,2.0,2,Fashion,2,Divorced,5,0,11.0,0.0,1.0,1.0,88.84,470.59,0.0
55453,0,10.0,Phone,2,32.0,COD,Male,3.0,3,Grocery,3,Married,4,0,21.0,0.0,1.0,5.0,232.04,1094.75,0.0
55454,0,4.0,Phone,1,18.0,Credit Card,Female,3.0,4,Laptop & Accessory,4,Married,3,0,21.0,0.0,2.0,1.0,203.84,1032.59,0.0
55455,0,26.0,Phone,1,23.0,Credit Card,Male,3.0,3,Fashion,4,Married,5,0,12.0,,2.0,3.0,193.03,919.51,0.5
55456,1,4.0,Computer,3,16.0,Debit Card,Male,4.0,3,Fashion,2,Single,4,1,17.0,1.0,2.0,1.0,135.49,740.86,0.5
55457,1,13.0,Mobile Phone,3,,Credit Card,Female,3.0,1,Laptop & Accessory,1,Married,2,0,15.0,0.0,1.0,3.0,154.35,751.53,0.0
55458,0,9.0,Computer,1,46.0,Debit Card,Female,3.0,3,Grocery,2,Married,7,0,21.0,2.0,3.0,8.0,202.61,1072.92,0.667
55459,0,8.0,Computer,1,9.0,COD,Female,1.0,3,Laptop & Accessory,4,Married,4,1,14.0,2.0,5.0,3.0,147.83,898.75,0.4
55460,1,21.0,Phone,1,7.0,E wallet,Female,4.0,3,Mobile Phone,1,Single,1,0,13.0,0.0,1.0,2.0,254.59,1116.44,0.0
55461,0,17.0,Phone,1,9.0,Credit Card,Female,3.0,3,Laptop & Accessory,2,Married,3,0,11.0,0.0,1.0,1.0,130.99,630.76,0.0
55462,0,9.0,Phone,1,16.0,Credit Card,Male,2.0,4,Mobile Phone,5,Married,5,0,16.0,0.0,1.0,2.0,176.93,845.33,0.0
55463,1,5.0,Mobile Phone,1,7.0,Credit Card,Male,2.0,2,Mobile Phone,3,Divorced,5,1,15.0,2.0,2.0,9.0,193.68,945.98,1.0
55464,0,7.0,Mobile Phone,3,34.0,Debit Card,Male,2.0,4,Mobile Phone,3,Married,3,0,,4.0,6.0,2.0,140.16,986.61,0.667
55465,0,8.0,Computer,1,11.0,Debit Card,Male,2.0,1,Fashion,1,Married,8,0,11.0,0.0,4.0,1.0,233.35,1154.73,0.0
55466,0,17.0,Mobile Phone,1,28.0,Credit Card,Male,3.0,3,Fashion,4,Married,4,0,12.0,4.0,6.0,10.0,162.5,983.5,0.667
55467,0,12.0,Mobile Phone,3,8.0,Debit Card,Male,2.0,3,Fashion,3,Married,4,0,11.0,0.0,1.0,12.0,208.73,926.17,0.0
55468,1,18.0,Phone,1,10.0,Debit Card,Male,4.0,5,Laptop & Accessory,3,Married,5,1,11.0,1.0,1.0,14.0,208.9,926.82,1.0
55469,1,4.0,Mobile Phone,1,6.0,Credit Card,Male,4.0,2,Mobile Phone,3,Married,3,1,11.0,0.0,,3.0,89.23,472.07,0.0
55470,0,19.0,Mobile Phone,3,9.0,UPI,Male,3.0,3,Fashion,5,Married,8,1,19.0,1.0,2.0,4.0,194.78,982.16,0.5
55471,0,22.0,Phone,1,13.0,UPI,Male,3.0,2,Mobile Phone,2,Married,1,0,11.0,1.0,3.0,2.0,102.35,611.93,0.333
55472,0,6.0,Phone,1,40.0,Debit Card,Female,3.0,3,Mobile Phone,4,Single,3,0,15.0,1.0,2.0,2.0,194.83,950.35,0.5
55473,1,,Mobile Phone,1,,Debit Card,Female,2.0,3,Laptop & Accessory,3,Married,5,1,22.0,0.0,1.0,3.0,178.36,898.77,0.0
55474,1,21.0,Computer,1,17.0,Credit Card,Female,1.0,1,Laptop & Accessory,3,Married,8,1,15.0,0.0,3.0,1.0,108.85,668.63,0.0
55475,1,7.0,Mobile Phone,3,12.0,E wallet,Male,3.0,4,Grocery,1,Married,4,0,13.0,0.0,2.0,15.0,135.14,707.53,0.0
55476,1,4.0,Mobile Phone,1,6.0,COD,Male,4.0,4,Fashion,4,Married,3,0,14.0,3.0,5.0,5.0,281.96,1408.45,0.6
55477,0,11.0,Mobile Phone,1,13.0,UPI,Male,4.0,3,Laptop & Accessory,2,Married,6,0,14.0,1.0,1.0,0.0,194.49,896.06,1.0
55478,1,2.0,Phone,1,6.0,Credit Card,Female,4.0,4,Mobile Phone,3,Married,6,1,18.0,2.0,4.0,1.0,240.64,1238.43,0.5
55479,1,18.0,Mobile Phone,3,31.0,Debit Card,Female,3.0,3,Mobile Phone,3,Married,7,1,14.0,1.0,3.0,2.0,154.13,832.69,0.333
55480,0,5.0,Mobile Phone,1,22.0,Debit Card,Male,4.0,4,Mobile Phone,3,Married,6,0,13.0,2.0,5.0,0.0,167.0,963.6,0.4
55481,0,8.0,Computer,1,,Debit Card,Female,3.0,4,Mobile Phone,3,Married,4,0,13.0,1.0,5.0,19.0,145.21,880.8,0.2
55482,0,15.0,Mobile Phone,3,17.0,Credit Card,Male,2.0,2,Mobile Phone,2,Married,3,0,25.0,0.0,1.0,1.0,176.95,917.41,0.0
55483,0,14.0,Phone,3,,Debit Card,Male,3.0,4,Others,3,Married,5,0,16.0,2.0,3.0,0.0,115.56,702.13,0.667
55484,0,,Phone,1,20.0,E wallet,Female,4.0,2,Grocery,1,Divorced,5,0,22.0,2.0,3.0,9.0,214.11,1124.62,0.667
55485,0,6.0,Computer,1,26.0,E wallet,Male,1.0,2,Grocery,2,Single,6,0,23.0,0.0,3.0,1.0,203.15,1090.97,0.0
55486,0,12.0,Phone,1,26.0,Debit Card,Male,2.0,4,Mobile Phone,4,Single,2,0,16.0,4.0,,3.0,167.1,1212.98,0.4
55487,0,17.0,Mobile Phone,1,9.0,UPI,Male,2.0,2,Laptop & Accessory,5,Single,2,0,17.0,0.0,1.0,2.0,165.41,809.56,0.0
55488,0,6.0,Mobile Phone,2,9.0,Credit Card,Female,2.0,2,Mobile Phone,4,Married,6,0,16.0,1.0,3.0,0.0,172.75,919.45,0.333
55489,0,27.0,Computer,1,14.0,UPI,Male,2.0,3,Mobile Phone,4,Married,2,1,19.0,3.0,3.0,0.0,169.22,930.04,1.0
55490,0,9.0,Computer,1,46.0,UPI,Male,3.0,4,Fashion,5,Married,3,0,18.0,1.0,1.0,1.0,220.89,1028.38,1.0
55491,1,2.0,Mobile Phone,1,35.0,Debit Card,Female,4.0,2,Grocery,2,Single,5,1,18.0,0.0,3.0,2.0,265.64,1288.43,0.0
55492,0,8.0,Phone,3,10.0,Credit Card,Male,4.0,3,Mobile Phone,3,Married,2,0,15.0,1.0,2.0,6.0,146.24,765.71,0.5
55493,1,21.0,Mobile Phone,1,23.0,Debit Card,Male,4.0,3,Laptop & Accessory,1,Married,2,0,11.0,2.0,4.0,6.0,251.45,1223.51,0.5
55494,0,5.0,Computer,1,36.0,E wallet,Male,2.0,3,Laptop & Accessory,4,Divorced,4,0,13.0,3.0,4.0,3.0,168.54,924.45,0.75
55495,1,5.0,Computer,3,9.0,Credit Card,Female,1.0,4,Mobile Phone,3,Single,7,0,15.0,0.0,1.0,1.0,87.61,497.92,0.0
55496,1,13.0,Computer,1,26.0,UPI,Male,2.0,3,Laptop & Accessory,5,Single,8,1,18.0,3.0,4.0,8.0,210.12,1122.46,0.75
55497,0,4.0,Computer,1,9.0,Debit Card,Female,4.0,4,Grocery,5,Divorced,6,0,19.0,4.0,6.0,5.0,142.39,963.08,0.667
55498,0,4.0,Computer,1,,Credit Card,Female,2.0,4,Mobile Phone,3,Married,6,0,11.0,0.0,3.0,2.0,188.65,939.87,0.0
55499,0,5.0,Mobile Phone,1,8.0,COD,Female,3.0,3,Others,3,Married,6,0,14.0,3.0,5.0,9.0,72.36,611.97,0.6
55500,0,25.0,Computer,1,13.0,Credit Card,Male,2.0,3,Laptop & Accessory,1,Married,3,1,19.0,0.0,1.0,8.0,171.84,849.99,0.0
55501,1,13.0,Phone,1,27.0,Debit Card,Female,1.0,4,Laptop & Accessory,3,Married,7,0,14.0,1.0,6.0,0.0,258.89,1365.78,0.167
55502,1,10.0,Computer,1,14.0,Credit Card,Female,2.0,3,Mobile Phone,4,Married,7,0,17.0,2.0,7.0,9.0,131.17,949.45,0.286
55503,0,6.0,Phone,1,7.0,Debit Card,Male,3.0,4,Fashion,2,Married,3,0,15.0,1.0,1.0,3.0,188.18,880.08,1.0
55504,1,16.0,Mobile Phone,1,8.0,Debit Card,Male,2.0,5,Laptop & Accessory,5,Single,4,1,11.0,0.0,1.0,12.0,199.38,890.64,0.0
55505,0,14.0,Phone,1,15.0,Debit Card,Female,2.0,4,Fashion,5,Married,3,0,15.0,1.0,3.0,,160.21,863.8,0.333
55506,1,26.0,Phone,1,16.0,Debit Card,Male,3.0,6,Mobile Phone,3,Divorced,5,0,11.0,0.0,1.0,,213.45,944.11,0.0
55507,0,5.0,Mobile Phone,1,15.0,E wallet,Male,3.0,3,Fashion,4,Divorced,6,1,20.0,3.0,11.0,2.0,199.42,1412.8,0.273
55508,1,4.0,Mobile Phone,3,6.0,Debit Card,Female,3.0,1,Laptop & Accessory,1,Divorced,8,0,15.0,0.0,,2.0,136.72,684.54,0.0
55509,0,2.0,Phone,1,22.0,E wallet,Female,4.0,3,Mobile Phone,4,Married,6,0,17.0,0.0,1.0,5.0,112.62,608.96,0.0
55510,0,14.0,Mobile Phone,1,34.0,Debit Card,Male,3.0,3,Laptop & Accessory,4,Married,7,0,11.0,0.0,4.0,,135.14,781.53,0.0
55511,0,11.0,Mobile Phone,2,14.0,Debit Card,Male,2.0,3,Laptop & Accessory,5,Married,4,0,14.0,0.0,1.0,1.0,124.24,629.11,0.0
55512,0,7.0,Mobile Phone,1,20.0,Debit Card,Female,,3,Mobile Phone,3,Married,5,0,13.0,3.0,9.0,6.0,190.7,1233.66,0.333
55513,0,2.0,Computer,2,34.0,Debit Card,Female,3.0,3,Laptop & Accessory,5,Married,6,0,14.0,1.0,3.0,5.0,225.64,1104.43,0.333
55514,0,23.0,Phone,2,17.0,Debit Card,Female,3.0,3,Fashion,5,Married,5,0,13.0,1.0,2.0,7.0,189.08,912.5,0.5
55515,0,,Mobile Phone,2,18.0,Credit Card,Female,4.0,3,Fashion,4,Single,3,0,18.0,,,6.0,182.27,1016.63,0.25
55516,1,20.0,Phone,2,20.0,COD,Female,4.0,3,Laptop & Accessory,3,Divorced,4,0,16.0,0.0,3.0,4.0,273.6,1302.68,0.0
55517,0,21.0,Phone,1,9.0,Debit Card,Female,3.0,2,Others,4,Married,6,1,16.0,1.0,2.0,1.0,78.78,517.36,0.5
55518,1,13.0,Mobile Phone,2,15.0,Debit Card,Male,2.0,4,Others,4,Married,5,0,15.0,1.0,1.0,1.0,169.74,810.01,1.0
55519,0,15.0,Mobile Phone,1,27.0,Debit Card,Male,4.0,3,Grocery,5,Divorced,4,0,21.0,3.0,5.0,7.0,227.21,1256.4,0.6
55520,0,6.0,Phone,1,9.0,UPI,Male,3.0,4,Mobile Phone,2,Married,3,0,11.0,4.0,6.0,9.0,173.64,1017.83,0.667
55521,1,10.0,Mobile Phone,3,32.0,Credit Card,Male,3.0,4,Mobile Phone,3,Married,4,1,16.0,3.0,13.0,3.0,179.48,1395.02,0.231
55522,0,,Phone,1,17.0,E wallet,Male,5.0,4,Laptop & Accessory,4,Married,5,0,17.0,0.0,2.0,20.0,145.07,777.27,0.0
55523,0,5.0,Mobile Phone,3,12.0,Debit Card,Male,3.0,3,Laptop & Accessory,3,Married,2,0,18.0,1.0,2.0,2.0,222.48,1079.42,0.5
55524,0,17.0,Mobile Phone,1,17.0,Debit Card,Female,3.0,4,Mobile Phone,4,Single,3,1,11.0,1.0,10.0,6.0,154.4,1124.72,0.1
55525,0,17.0,Computer,1,11.0,Debit Card,Female,3.0,2,Mobile Phone,2,Married,3,0,12.0,0.0,2.0,5.0,225.94,1044.57,0.0
55526,0,16.0,Mobile Phone,1,27.0,E wallet,Male,2.0,4,Mobile Phone,4,Divorced,5,0,16.0,2.0,4.0,6.0,251.79,1264.8,0.5
55527,0,10.0,Phone,1,13.0,Debit Card,Male,3.0,3,Mobile Phone,4,Divorced,5,1,18.0,3.0,7.0,2.0,158.42,1061.0,0.429
55528,0,6.0,Mobile Phone,1,33.0,Credit Card,Male,2.0,4,Laptop & Accessory,4,Single,4,0,11.0,1.0,,1.0,145.65,686.47,1.0
55529,1,27.0,Mobile Phone,1,14.0,Credit Card,Female,2.0,4,Mobile Phone,4,Single,2,0,13.0,1.0,3.0,2.0,134.85,751.43,0.333
55530,0,22.0,Mobile Phone,1,18.0,Credit Card,Male,3.0,3,Laptop & Accessory,5,Married,3,0,19.0,2.0,3.0,1.0,208.87,1080.71,0.667
55531,0,,Mobile Phone,2,78.0,Debit Card,Female,3.0,4,Mobile Phone,5,Divorced,2,0,19.0,1.0,2.0,1.0,206.21,1025.6,0.5
55532,0,11.0,Mobile Phone,1,7.0,Credit Card,Male,3.0,3,Laptop & Accessory,2,Married,3,0,18.0,5.0,10.0,5.0,191.53,1321.81,0.5
55533,1,8.0,Mobile Phone,3,21.0,Debit Card,Male,4.0,3,Laptop & Accessory,4,Married,6,1,16.0,3.0,5.0,19.0,159.32,958.42,0.6
55534,0,2.0,Phone,1,7.0,COD,Male,2.0,3,Grocery,3,Married,4,0,18.0,4.0,12.0,5.0,209.29,1479.3,0.333
55535,0,9.0,Phone,1,27.0,Debit Card,Male,3.0,3,Laptop & Accessory,3,Single,3,0,19.0,1.0,2.0,1.0,235.29,1136.1,0.5
55536,1,13.0,Mobile Phone,1,16.0,Debit Card,Female,3.0,3,Mobile Phone,5,Married,6,1,20.0,1.0,1.0,3.0,53.52,408.38,1.0
55537,0,7.0,Computer,3,38.0,Debit Card,Female,3.0,3,Grocery,3,Single,6,0,21.0,0.0,1.0,4.0,263.67,1214.95,0.0
55538,1,8.0,Mobile Phone,1,29.0,E wallet,Male,4.0,3,Laptop & Accessory,3,Single,4,1,16.0,3.0,4.0,6.0,116.84,751.99,0.75
55539,0,8.0,Mobile Phone,1,6.0,Debit Card,Female,2.0,4,Mobile Phone,4,Married,6,0,20.0,,,7.0,201.93,1017.33,0.5
55540,1,11.0,Phone,3,7.0,Credit Card,Male,3.0,3,Mobile Phone,3,Married,4,1,15.0,1.0,1.0,1.0,219.6,999.48,1.0
55541,0,8.0,Mobile Phone,1,16.0,Debit Card,Male,3.0,1,Laptop & Accessory,5,Single,5,1,15.0,3.0,6.0,2.0,186.41,1098.36,0.5
55542,0,5.0,Mobile Phone,2,14.0,Debit Card,Female,,1,Mobile Phone,1,Married,2,0,22.0,0.0,1.0,,171.13,871.29,0.0
55543,0,11.0,Mobile Phone,1,7.0,Credit Card,Male,3.0,3,Mobile Phone,4,Single,5,0,24.0,0.0,1.0,0.0,139.06,765.43,0.0
55544,1,13.0,Computer,1,7.0,Debit Card,Male,3.0,4,Laptop & Accessory,2,Married,3,1,16.0,1.0,2.0,1.0,197.3,967.74,0.5
55545,1,11.0,Phone,1,,Credit Card,Male,2.0,1,Mobile Phone,2,Single,7,1,18.0,2.0,2.0,14.0,209.83,1031.35,1.0
55546,1,2.0,Mobile Phone,1,6.0,E wallet,Male,3.0,3,Laptop & Accessory,2,Single,5,0,11.0,1.0,2.0,2.0,186.65,887.27,0.5
55547,0,15.0,Mobile Phone,3,30.0,E wallet,Male,3.0,4,Grocery,2,Single,7,0,14.0,0.0,2.0,6.0,91.22,548.64,0.0
55548,0,4.0,Computer,3,25.0,Debit Card,Female,3.0,1,Mobile Phone,4,Married,5,0,18.0,1.0,1.0,3.0,210.26,987.99,1.0
55549,1,13.0,Phone,1,23.0,Credit Card,Male,3.0,3,Laptop & Accessory,4,Single,3,1,15.0,1.0,1.0,32.0,169.96,810.85,1.0
55550,0,13.0,Mobile Phone,3,5.0,COD,Male,3.0,5,Fashion,2,Married,4,0,16.0,1.0,2.0,10.0,172.85,874.83,0.5
55551,1,3.0,Mobile Phone,1,6.0,E wallet,Male,1.0,2,Laptop & Accessory,3,Married,6,1,16.0,,9.0,2.0,183.96,1232.05,0.444
55552,0,17.0,Mobile Phone,1,15.0,Debit Card,Male,2.0,4,Laptop & Accessory,1,Married,4,0,19.0,5.0,10.0,7.0,172.83,1258.75,0.5
55553,0,27.0,Mobile Phone,1,67.0,Credit Card,Female,2.0,3,Laptop & Accessory,3,Married,6,0,11.0,1.0,1.0,4.0,104.58,530.4,1.0
55554,1,8.0,Computer,1,10.0,UPI,Female,4.0,2,Mobile Phone,3,Married,4,1,22.0,2.0,6.0,2.0,155.39,1036.48,0.333
55555,0,13.0,Mobile Phone,1,10.0,Credit Card,Female,4.0,1,Laptop & Accessory,2,Married,5,0,19.0,1.0,2.0,3.0,185.94,948.57,0.5
55556,0,,Mobile Phone,1,7.0,E wallet,Male,4.0,3,Laptop & Accessory,5,Single,3,0,16.0,2.0,,,140.03,750.11,1.0
55557,0,4.0,Computer,1,18.0,Credit Card,Female,4.0,4,Mobile Phone,5,Married,4,1,16.0,2.0,2.0,1.0,226.61,1079.12,1.0
55558,0,18.0,Phone,2,17.0,Debit Card,Male,2.0,2,Others,1,Married,5,0,11.0,3.0,5.0,3.0,243.66,1238.91,0.6
55559,0,13.0,Phone,3,6.0,Debit Card,Male,3.0,4,Mobile Phone,2,Married,2,0,16.0,1.0,2.0,2.0,255.93,1190.53,0.5
55560,1,6.0,Mobile Phone,1,13.0,Debit Card,Female,4.0,3,Mobile Phone,4,Married,3,0,11.0,1.0,1.0,2.0,245.47,1065.79,1.0
55561,0,4.0,Phone,1,18.0,Debit Card,Male,3.0,3,Grocery,5,Married,4,0,21.0,2.0,,4.0,103.88,877.74,0.286
55562,0,28.0,Phone,1,13.0,UPI,Male,1.0,4,Laptop & Accessory,1,Divorced,5,0,19.0,3.0,9.0,1.0,180.31,1242.18,0.333
55563,0,3.0,Mobile Phone,2,18.0,Credit Card,Female,3.0,2,Laptop & Accessory,5,Divorced,4,0,17.0,0.0,2.0,16.0,221.23,1066.67,0.0
55564,1,14.0,Computer,1,25.0,E wallet,Female,1.0,3,Grocery,1,Married,2,0,11.0,1.0,2.0,1.0,189.05,896.39,0.5
55565,0,11.0,Computer,1,19.0,Credit Card,Male,2.0,3,Mobile Phone,4,Single,5,1,11.0,1.0,1.0,4.0,257.97,1113.29,1.0
55566,1,16.0,Phone,3,16.0,Credit Card,Female,3.0,3,Laptop & Accessory,1,Divorced,5,1,11.0,0.0,1.0,2.0,82.63,446.99,0.0
55567,0,24.0,Mobile Phone,1,28.0,Debit Card,Female,4.0,3,Mobile Phone,5,Married,4,0,15.0,1.0,1.0,0.0,210.48,964.82,1.0
55568,1,1.0,Mobile Phone,1,33.0,UPI,Female,3.0,4,Fashion,3,Married,2,0,21.0,1.0,4.0,1.0,119.86,803.47,0.25
55569,0,5.0,Mobile Phone,1,11.0,Credit Card,Male,3.0,4,Laptop & Accessory,4,Single,3,0,18.0,2.0,,4.0,192.67,966.15,1.0
55570,1,9.0,Mobile Phone,1,7.0,Credit Card,Female,3.0,4,Mobile Phone,2,Married,8,1,,1.0,1.0,2.0,47.55,369.69,1.0
55571,0,25.0,Phone,3,25.0,COD,Female,4.0,4,Laptop & Accessory,3,Married,3,0,15.0,3.0,7.0,8.0,205.88,1217.34,0.429
55572,0,7.0,Mobile Phone,1,8.0,Credit Card,Female,2.0,6,Mobile Phone,4,Single,6,0,15.0,1.0,3.0,5.0,279.12,1315.66,0.333
55573,1,6.0,Computer,1,37.0,E wallet,Female,3.0,3,Mobile Phone,5,Single,4,1,,4.0,7.0,1.0,199.94,1218.77,0.571
55574,1,1.0,Mobile Phone,1,5.0,UPI,Male,,3,Laptop & Accessory,5,Married,5,1,,1.0,1.0,12.0,203.46,946.15,1.0
55575,0,6.0,Mobile Phone,1,36.0,Debit Card,Male,3.0,4,Mobile Phone,5,Married,8,0,16.0,3.0,5.0,1.0,157.92,953.1,0.6
55576,0,14.0,Phone,1,16.0,Debit Card,Female,1.0,2,Mobile Phone,5,Single,1,0,11.0,4.0,5.0,0.0,225.31,1169.18,0.8
55577,0,9.0,Mobile Phone,1,23.0,COD,Male,,3,Laptop & Accessory,5,Married,1,0,22.0,3.0,6.0,3.0,206.83,1231.95,0.5
55578,1,6.0,Computer,1,11.0,Credit Card,Male,1.0,3,Mobile Phone,1,Single,5,1,11.0,2.0,4.0,3.0,170.74,916.81,0.5
55579,0,28.0,Computer,1,63.0,Debit Card,Female,2.0,6,Mobile Phone,2,Married,4,0,16.0,2.0,4.0,3.0,165.53,937.01,0.5
55580,1,8.0,Mobile Phone,1,8.0,Credit Card,Male,3.0,6,Mobile Phone,1,Single,5,1,15.0,3.0,5.0,0.0,218.62,1175.76,0.6
55581,0,11.0,Mobile Phone,1,9.0,Credit Card,Male,3.0,4,Grocery,3,Divorced,4,1,18.0,3.0,6.0,2.0,166.3,1045.94,0.5
55582,1,6.0,Mobile Phone,3,6.0,E wallet,Male,,3,Laptop & Accessory,5,Single,5,0,18.0,1.0,2.0,11.0,245.72,1167.74,0.5
55583,0,4.0,Phone,1,39.0,COD,Female,2.0,3,Laptop & Accessory,4,Married,3,0,20.0,1.0,1.0,7.0,160.5,814.9,1.0
55584,0,15.0,Mobile Phone,3,12.0,UPI,Female,1.0,3,Mobile Phone,3,Single,2,0,13.0,1.0,1.0,,174.59,812.44,1.0
55585,0,3.0,Phone,1,,COD,Female,3.0,4,Mobile Phone,5,Single,4,0,20.0,1.0,1.0,2.0,205.54,986.05,1.0
55586,0,13.0,Mobile Phone,2,19.0,Debit Card,Male,3.0,4,Others,5,Single,5,0,16.0,2.0,5.0,6.0,204.22,1129.04,0.4
55587,0,1.0,Phone,1,30.0,E wallet,Female,4.0,4,Laptop & Accessory,4,Divorced,7,0,18.0,8.0,14.0,9.0,179.78,1457.16,0.571
55588,0,12.0,Phone,1,18.0,Debit Card,Male,3.0,2,Mobile Phone,5,Single,1,0,20.0,,2.0,1.0,173.66,909.91,1.0
55589,1,4.0,Mobile Phone,1,,Debit Card,Male,3.0,3,Mobile Phone,2,Married,3,0,17.0,1.0,2.0,4.0,245.15,1157.57,0.5
55590,0,5.0,Mobile Phone,1,20.0,E wallet,Male,3.0,3,Fashion,3,Married,6,0,11.0,1.0,2.0,3.0,104.26,574.19,0.5
55591,1,8.0,Mobile Phone,3,22.0,Credit Card,Female,3.0,2,Mobile Phone,3,Married,7,0,17.0,1.0,2.0,3.0,240.99,1141.76,0.5
55592,1,4.0,Mobile Phone,1,7.0,UPI,Male,4.0,3,Fashion,3,Married,6,1,19.0,2.0,2.0,,82.23,554.47,1.0
55593,1,2.0,Mobile Phone,1,,Debit Card,Female,2.0,2,Laptop & Accessory,2,Single,6,1,16.0,2.0,3.0,4.0,203.0,1034.4,0.667
55594,0,9.0,Mobile Phone,3,6.0,E wallet,Male,3.0,5,Mobile Phone,5,Married,6,0,20.0,1.0,1.0,4.0,162.52,822.58,1.0
55595,0,16.0,Computer,1,11.0,Debit Card,Male,3.0,4,Laptop & Accessory,3,Divorced,1,0,,0.0,2.0,2.0,144.44,774.87,0.0
55596,1,11.0,Computer,1,13.0,Debit Card,Female,,4,Grocery,3,Married,5,1,20.0,1.0,2.0,2.0,288.24,1345.31,0.5
55597,1,19.0,Computer,1,16.0,Credit Card,Male,3.0,3,Laptop & Accessory,3,Married,1,0,,0.0,,,130.06,659.23,0.0
55598,1,2.0,Mobile Phone,1,43.0,Credit Card,Female,2.0,3,Mobile Phone,5,Married,4,0,20.0,3.0,4.0,11.0,125.55,817.09,0.75
55599,0,7.0,Phone,2,10.0,Credit Card,Male,1.0,2,Laptop & Accessory,4,Single,5,0,,0.0,2.0,0.0,139.5,732.1,0.0
55600,0,10.0,Mobile Phone,1,22.0,COD,Female,1.0,3,Grocery,1,Married,5,0,16.0,0.0,2.0,3.0,258.67,1200.95,0.0
55601,0,5.0,Mobile Phone,1,14.0,Credit Card,Female,4.0,4,Mobile Phone,2,Single,4,0,11.0,0.0,1.0,4.0,189.55,853.29,0.0
55602,0,10.0,Mobile Phone,1,8.0,Debit Card,Male,4.0,1,Others,5,Single,5,0,15.0,1.0,2.0,2.0,178.67,888.95,0.5
55603,0,19.0,Mobile Phone,1,16.0,Debit Card,Male,2.0,2,Laptop & Accessory,5,Married,5,0,16.0,0.0,1.0,0.0,136.17,690.45,0.0
55604,0,13.0,Mobile Phone,1,46.0,Credit Card,Female,2.0,3,Laptop & Accessory,3,Single,3,0,11.0,,6.0,1.0,93.97,715.09,0.167
55605,1,20.0,Mobile Phone,1,7.0,Credit Card,Female,1.0,4,Mobile Phone,3,Single,3,1,21.0,0.0,1.0,,147.0,771.6,0.0
55606,0,,Computer,1,13.0,Credit Card,Male,2.0,4,Mobile Phone,5,Single,4,0,16.0,1.0,1.0,1.0,163.95,796.01,1.0
55607,0,9.0,Mobile Phone,3,6.0,Debit Card,Female,3.0,4,Laptop & Accessory,4,Divorced,4,1,18.0,1.0,3.0,2.0,163.01,898.44,0.333
55608,0,24.0,Computer,1,10.0,E wallet,Female,2.0,3,Mobile Phone,5,Married,3,0,15.0,0.0,3.0,0.0,180.33,940.25,0.0
55609,1,11.0,Mobile Phone,1,17.0,Debit Card,Male,3.0,2,Laptop & Accessory,3,Married,4,1,14.0,1.0,3.0,1.0,195.67,990.55,0.333
55610,0,27.0,Mobile Phone,1,27.0,Credit Card,Male,,4,Mobile Phone,5,Single,3,0,11.0,1.0,1.0,8.0,129.03,623.31,1.0
55611,0,17.0,Mobile Phone,3,21.0,Credit Card,Female,2.0,2,Mobile Phone,3,Married,2,0,18.0,2.0,5.0,3.0,187.75,1082.45,0.4
55612,0,6.0,Phone,1,12.0,Debit Card,Female,3.0,3,Mobile Phone,4,Married,5,0,,3.0,7.0,0.0,143.63,1020.79,0.429
55613,0,8.0,Mobile Phone,3,34.0,E wallet,Female,3.0,3,Mobile Phone,1,Single,4,0,16.0,2.0,4.0,0.0,165.84,938.19,0.5
55614,0,24.0,Mobile Phone,3,9.0,Credit Card,Male,,3,Laptop & Accessory,4,Divorced,4,0,11.0,0.0,1.0,,250.84,1086.19,0.0
55615,1,19.0,Mobile Phone,3,22.0,Credit Card,Female,,3,Grocery,4,Married,2,0,20.0,3.0,4.0,2.0,109.14,754.73,0.75
55616,0,15.0,Mobile Phone,1,13.0,Credit Card,Female,2.0,4,Fashion,3,Divorced,4,0,,0.0,1.0,,241.28,1121.86,0.0
55617,0,14.0,Phone,1,32.0,UPI,Male,2.0,2,Mobile Phone,3,Married,10,1,17.0,0.0,1.0,,230.9,1058.42,0.0
55618,1,4.0,Mobile Phone,1,24.0,Credit Card,Female,2.0,4,Mobile Phone,3,Married,5,1,18.0,0.0,1.0,1.0,98.18,562.08,0.0
55619,0,4.0,Mobile Phone,3,33.0,Credit Card,Female,4.0,4,Laptop & Accessory,5,Married,3,0,21.0,1.0,1.0,3.0,139.22,742.04,1.0
55620,0,11.0,Computer,3,8.0,Debit Card,Male,3.0,3,Mobile Phone,3,Single,2,0,18.0,2.0,,0.0,152.44,948.27,0.4
55621,0,5.0,Mobile Phone,3,18.0,Debit Card,Female,3.0,2,Mobile Phone,2,Married,5,0,19.0,3.0,5.0,9.0,119.39,830.68,0.6
55622,1,8.0,Phone,1,21.0,Debit Card,Female,4.0,3,Mobile Phone,1,Married,4,0,22.0,0.0,1.0,0.0,196.38,967.24,0.0
55623,0,8.0,Phone,1,21.0,COD,Male,,4,Fashion,4,Married,2,0,17.0,2.0,3.0,5.0,145.33,823.25,0.667
55624,1,14.0,Computer,1,13.0,Credit Card,Female,4.0,3,Laptop & Accessory,3,Married,5,1,11.0,0.0,1.0,17.0,88.06,467.63,0.0
55625,1,12.0,Mobile Phone,1,5.0,UPI,Female,3.0,4,Laptop & Accessory,1,Married,7,1,26.0,0.0,1.0,10.0,171.29,903.9,0.0
55626,1,18.0,Phone,1,9.0,Debit Card,Male,3.0,4,Mobile Phone,3,Married,3,1,20.0,1.0,2.0,11.0,164.47,874.99,0.5
55627,0,12.0,Mobile Phone,1,10.0,Credit Card,Male,3.0,6,Mobile Phone,5,Married,5,1,20.0,0.0,2.0,1.0,158.67,852.95,0.0
55628,0,,Phone,3,28.0,COD,Male,3.0,4,Laptop & Accessory,5,Married,8,0,14.0,0.0,1.0,3.0,105.39,557.48,0.0
55629,1,10.0,Mobile Phone,1,27.0,Debit Card,Male,4.0,3,Mobile Phone,1,Divorced,1,0,16.0,0.0,1.0,1.0,205.45,953.71,0.0
55630,0,20.0,Mobile Phone,3,6.0,Credit Card,Female,4.0,3,Laptop & Accessory,2,Married,4,0,11.0,1.0,1.0,5.0,135.31,647.18,1.0
